Lastupdated,Status_Timestamp,Zone_Number,Status_Description,KerbsideID,Location
2025-03-25T06:14:37+05:30,2025-03-25T05:39:20+05:30,7303,Unoccupied,51614,"-37.81620493158199, 144.96978894261684"
2025-03-25T06:14:37+05:30,2025-03-25T05:26:53+05:30,7265,Present,17954,"-37.81019990197624, 144.97294577505386"
2025-03-25T06:14:37+05:30,2025-03-25T05:36:47+05:30,7529,Unoccupied,62710,"-37.813134438674666, 144.97067212855254"
2025-03-25T06:14:37+05:30,2025-03-25T04:46:22+05:30,7303,Present,51613,"-37.816253179061405, 144.96981112082523"
2025-01-15T04:14:37+05:30,2025-01-15T03:51:10+05:30,,Present,61835,"-37.81424148169654, 144.97109066970916"
2025-03-26T09:14:37+05:30,2025-03-12T12:12:04+05:30,7297,Unoccupied,18076,"-37.80799792682947, 144.97267761034158"
2025-03-25T06:14:37+05:30,2025-03-25T06:10:57+05:30,7265,Present,17956,"-37.810319828935384, 144.97293976160455"
2025-05-08T11:14:34+05:30,2025-04-14T06:02:21+05:30,,Present,69979,"-37.82256066811671, 144.95253120774296"
2025-01-21T09:12:37+05:30,2025-01-21T07:07:41+05:30,7053,Unoccupied,10286,"-37.79493418293051, 144.97155131195115"
2025-01-21T09:12:37+05:30,2025-01-20T15:55:07+05:30,7049,Present,10288,"-37.79508290762313, 144.9712217164565"
2025-01-21T09:12:37+05:30,2025-01-20T10:05:08+05:30,7049,Present,24423,"-37.79522276647609, 144.97252655504798"
2024-12-30T06:14:37+05:30,2024-08-17T09:53:15+05:30,7394,Unoccupied,9340,"-37.804743069707, 144.9590686672812"
2024-12-30T06:14:37+05:30,2024-08-21T06:08:04+05:30,7520,Unoccupied,9354,"-37.804888632324605, 144.95861698154164"
2025-05-16T08:14:34+05:30,2025-03-25T10:21:04+05:30,,Unoccupied,61147,"-37.81700892305928, 144.96522141737893"
2025-02-13T11:14:36+05:30,2025-01-29T06:15:01+05:30,,Present,56622,"-37.819874287371505, 144.95720707765776"
2025-05-22T06:14:34+05:30,2025-05-22T05:51:15+05:30,7586,Present,21741,"-37.84797495698779, 144.98226205564055"
2024-12-30T06:14:37+05:30,2024-08-21T06:04:50+05:30,7394,Present,9338,"-37.80457312730523, 144.95899052123454"
2024-12-30T06:14:37+05:30,2024-08-21T06:04:08+05:30,7394,Unoccupied,9341,"-37.804791726138646, 144.95909104692146"
2024-12-30T06:14:37+05:30,2024-08-21T06:07:20+05:30,7520,Unoccupied,9358,"-37.805089616110834, 144.95870953227987"
2024-12-30T06:14:37+05:30,2023-09-13T03:07:24+05:30,7520,Unoccupied,9357,"-37.805040957078404, 144.95868712534042"
2025-01-10T08:14:36+05:30,2024-08-18T08:31:19+05:30,7392,Unoccupied,9372,"-37.8033414895023, 144.95838681632023"
2025-01-21T09:12:37+05:30,2025-01-21T07:49:06+05:30,7053,Present,10282,"-37.794993762404346, 144.97209994853773"
2025-01-22T09:14:37+05:30,2024-10-02T04:28:33+05:30,7549,Present,66022,"-37.8101677069083, 144.96557568924243"
2025-01-22T09:14:37+05:30,2024-10-02T05:06:17+05:30,7549,Present,66024,"-37.81020639361004, 144.96544349972828"
2025-01-22T09:14:37+05:30,2024-10-11T11:13:59+05:30,7550,Unoccupied,66034,"-37.81040230075237, 144.96477289718422"
2025-01-22T09:14:37+05:30,2024-10-02T04:24:24+05:30,7549,Present,66067,"-37.81028218639029, 144.96537084871932"
2025-01-22T09:14:37+05:30,2024-05-03T09:53:17+05:30,,Unoccupied,22773,"-37.82340795747085, 144.9668141300637"
2025-01-22T09:14:37+05:30,2024-10-11T09:04:19+05:30,7549,Present,66057,"-37.81008577190786, 144.96603938825643"
2025-01-22T09:14:37+05:30,2024-10-11T09:45:11+05:30,7539,Unoccupied,66236,"-37.81189789522004, 144.95973698122117"
2024-12-05T05:14:37+05:30,2024-11-28T07:36:51+05:30,7084,Unoccupied,8741,"-37.8022649761665, 144.96149743252016"
2024-12-05T05:14:37+05:30,2024-11-27T12:01:45+05:30,7084,Unoccupied,8747,"-37.80229720947396, 144.96179210870582"
2025-01-22T09:14:37+05:30,2024-10-11T11:14:02+05:30,7550,Unoccupied,66011,"-37.809958781756386, 144.9662913211307"
2025-01-22T09:14:37+05:30,2024-10-02T04:49:47+05:30,7549,Present,66017,"-37.810072372731454, 144.9659027709308"
2025-03-25T06:14:37+05:30,2025-03-25T05:44:41+05:30,7303,Present,51615,"-37.816135024219605, 144.96975660668517"
2025-03-25T06:14:37+05:30,2025-03-24T12:46:15+05:30,7265,Unoccupied,17960,"-37.810684451948006, 144.97295146327076"
2025-03-25T06:14:37+05:30,2025-03-25T06:09:19+05:30,7265,Present,17950,"-37.80997391735848, 144.972973110736"
2025-01-09T11:14:36+05:30,2024-03-22T15:36:00+05:30,7800,Present,24507,"-37.79745524941144, 144.95761259978124"
2025-01-09T11:14:36+05:30,2024-03-31T06:14:47+05:30,7800,Present,24509,"-37.79733033174037, 144.95762865154998"
2025-01-10T08:14:36+05:30,2024-08-21T10:13:19+05:30,7392,Unoccupied,9371,"-37.803392245198836, 144.95841026319147"
2025-01-21T09:12:37+05:30,2025-01-21T02:10:01+05:30,7053,Unoccupied,10279,"-37.79506794595409, 144.97277440018868"
2025-01-24T08:14:37+05:30,2025-01-22T12:17:39+05:30,7534,Unoccupied,63235,"-37.816862046092844, 144.9580346617822"
2025-06-10T05:14:34+05:30,2025-06-03T11:14:03+05:30,7674,Present,51833,"-37.81436063653405, 144.96881309882076"
2025-06-10T05:14:34+05:30,2025-06-05T04:34:48+05:30,7634,Unoccupied,52127,"-37.81142548616736, 144.96746628848203"
2025-06-10T05:14:34+05:30,2025-01-22T11:15:55+05:30,7634,Present,52136,"-37.81118718768919, 144.9673575748426"
2025-06-10T05:14:34+05:30,2025-06-03T10:46:10+05:30,7634,Present,52130,"-37.811353469691866, 144.96743345892386"
2025-06-10T05:14:34+05:30,2025-06-03T10:18:35+05:30,7634,Present,52125,"-37.81157057130334, 144.9675323437682"
2025-06-10T05:14:34+05:30,2025-06-03T09:57:19+05:30,7634,Present,52126,"-37.811474617980764, 144.96748890010622"
2025-06-10T05:14:34+05:30,2025-06-03T10:26:48+05:30,,Unoccupied,51861,"-37.8141078113969, 144.968573043307"
2025-06-10T05:14:34+05:30,2025-06-08T05:14:59+05:30,7674,Unoccupied,51858,"-37.81425734115078, 144.9686424943515"
2025-06-10T05:14:34+05:30,2025-06-03T09:58:45+05:30,7628,Present,51855,"-37.81441288536085, 144.96871471911504"
2025-06-10T05:14:34+05:30,2025-05-27T09:55:51+05:30,7345,Present,63638,"-37.81308624975232, 144.96731523005406"
2025-06-10T05:14:34+05:30,2025-06-03T10:53:50+05:30,7633,Unoccupied,52150,"-37.81122603637375, 144.96725057400243"
2025-03-26T09:14:37+05:30,2025-03-26T08:51:27+05:30,7297,Present,18077,"-37.808006379145304, 144.97275295153628"
2025-03-26T09:14:37+05:30,2025-03-26T01:18:33+05:30,7297,Present,18167,"-37.80794728201681, 144.97222616163592"
2025-03-25T06:14:37+05:30,2025-03-25T05:44:32+05:30,7265,Present,17952,"-37.81008064330046, 144.97295945855475"
2025-01-10T08:14:36+05:30,2024-08-21T09:36:16+05:30,7392,Unoccupied,9377,"-37.80307925691528, 144.9582656822943"
2025-01-10T08:14:36+05:30,2024-08-21T07:51:15+05:30,7392,Unoccupied,9378,"-37.803028516643494, 144.95824222807"
2025-01-10T08:14:36+05:30,2024-12-16T14:56:37+05:30,7392,Unoccupied,9385,"-37.80254631917579, 144.95801948528828"
2025-05-08T11:14:34+05:30,2025-04-14T08:31:40+05:30,7218,Unoccupied,57940,"-37.82027020009988, 144.95458322910955"
2025-05-08T11:14:34+05:30,2024-03-07T01:43:57+05:30,,Present,23372,"-37.818697732486505, 144.95573756544826"
2025-05-08T11:14:34+05:30,2025-04-14T01:59:07+05:30,7219,Present,69943,"-37.82250487011976, 144.95216400545675"
2025-05-08T11:14:34+05:30,2025-04-14T08:26:13+05:30,7219,Present,69946,"-37.82253375737386, 144.95206800770742"
2025-01-21T09:12:37+05:30,2025-01-21T07:35:42+05:30,7049,Unoccupied,10292,"-37.79518653207636, 144.9721837897584"
2025-01-21T09:12:37+05:30,2025-01-21T06:43:40+05:30,7049,Present,10289,"-37.79509907800954, 144.97137500175876"
2025-01-22T09:14:37+05:30,2024-10-02T04:49:46+05:30,7550,Present,66012,"-37.80997748265579, 144.96622767038411"
2025-01-22T09:14:37+05:30,2024-10-02T04:43:32+05:30,7549,Present,66015,"-37.81003389356151, 144.96603423975398"
2025-01-22T09:14:37+05:30,2024-10-11T09:17:33+05:30,7539,Present,66235,"-37.811877579625715, 144.9598062312323"
2024-12-05T05:14:37+05:30,2024-11-28T08:01:34+05:30,7084,Present,8733,"-37.80222694998491, 144.9611463167968"
2024-12-05T05:14:37+05:30,2024-11-28T06:38:40+05:30,7084,Present,8734,"-37.80223015354606, 144.96117556264676"
2024-12-30T06:14:37+05:30,2024-08-18T09:48:56+05:30,7394,Unoccupied,9337,"-37.80451636413345, 144.95896440445114"
2024-12-30T06:14:37+05:30,2024-08-21T06:24:44+05:30,7394,Present,9342,"-37.804842508920245, 144.95911440077234"
2024-12-30T06:14:37+05:30,2024-08-21T06:27:37+05:30,7394,Present,9343,"-37.80489329212841, 144.9591379098078"
2024-12-30T06:14:37+05:30,2024-03-31T10:35:44+05:30,,Present,9350,"-37.80565351681687, 144.95948789411494"
2024-12-30T06:14:37+05:30,2024-08-21T05:35:59+05:30,7394,Present,9346,"-37.8050455821287, 144.95920805754236"
2025-01-10T08:14:36+05:30,2024-08-18T13:15:59+05:30,7392,Unoccupied,9375,"-37.803180763794366, 144.95831256720936"
2025-01-10T08:14:36+05:30,2024-08-17T18:24:54+05:30,7392,Unoccupied,9379,"-37.80297774274466, 144.95821878140055"
2025-01-10T08:14:36+05:30,2024-08-21T09:42:54+05:30,7392,Unoccupied,9384,"-37.8025970744775, 144.95804292882846"
2025-04-09T05:14:37+05:30,2025-04-07T10:56:25+05:30,7081,Present,8394,"-37.8069450486633, 144.97323522855623"
2025-04-09T05:14:37+05:30,2024-06-17T03:06:41+05:30,7081,Unoccupied,8396,"-37.80684173874762, 144.97325296739342"
2024-12-17T04:14:37+05:30,2024-04-21T00:45:00+05:30,7725,Unoccupied,9608,"-37.803720972893885, 144.94941015492924"
2024-12-17T04:14:37+05:30,2024-12-17T04:05:55+05:30,7335,Present,64142,"-37.81672833513052, 144.95487856504462"
2024-12-30T06:14:37+05:30,2024-08-18T13:53:46+05:30,7394,Unoccupied,9344,"-37.80494402936792, 144.95916129121264"
2025-01-10T08:14:36+05:30,2024-08-14T14:52:05+05:30,7392,Unoccupied,9373,"-37.80329074425858, 144.95836336946644"
2025-01-10T08:14:36+05:30,2024-08-22T02:00:09+05:30,7392,Unoccupied,9383,"-37.802647830225396, 144.95806637584144"
2024-12-05T05:14:37+05:30,2024-11-28T08:00:57+05:30,7084,Present,8735,"-37.80223335664963, 144.96120480793184"
2024-12-05T05:14:37+05:30,2024-11-28T04:53:40+05:30,7084,Unoccupied,8749,"-37.80230361629087, 144.9618505999636"
2024-12-30T06:14:37+05:30,2024-08-21T09:34:29+05:30,7520,Unoccupied,9355,"-37.80493940709657, 144.95864036316067"
2025-01-09T11:14:36+05:30,2024-03-31T06:49:05+05:30,7800,Present,24506,"-37.7975061237471, 144.9576060625771"
2025-01-22T09:14:37+05:30,2024-10-02T04:58:05+05:30,7549,Present,66019,"-37.81010741367011, 144.96578340582943"
2025-01-22T09:14:37+05:30,2024-10-11T11:15:34+05:30,7539,Present,66238,"-37.81193846853491, 144.95959884908208"
2025-06-10T05:14:34+05:30,2025-06-03T10:07:29+05:30,,Unoccupied,51862,"-37.81403788673833, 144.96854058670203"
2025-06-10T05:14:34+05:30,2025-06-03T10:05:39+05:30,7674,Present,51830,"-37.81443007116168, 144.9688443057432"
2025-06-10T05:14:34+05:30,2025-06-04T04:11:19+05:30,7634,Present,52143,"-37.81160724067987, 144.96742623305317"
2025-06-10T05:14:34+05:30,2025-06-05T04:34:48+05:30,7634,Unoccupied,52148,"-37.81133180085283, 144.96729931159854"
2025-06-10T05:14:34+05:30,2025-06-03T09:39:16+05:30,7625,Present,52026,"-37.81233250018402, 144.96775809792723"
2025-06-10T05:14:34+05:30,2025-05-27T09:20:19+05:30,7345,Unoccupied,63634,"-37.81300650474007, 144.9675879095477"
2025-06-10T05:14:34+05:30,2025-01-22T12:12:55+05:30,7345,Unoccupied,63636,"-37.813046053715205, 144.96745269047844"
2025-06-04T05:14:34+05:30,2025-06-04T00:53:44+05:30,7993,Unoccupied,11250,"-37.80742665704876, 144.95455583716316"
2025-06-04T05:14:34+05:30,2025-06-03T16:00:02+05:30,7993,Unoccupied,11253,"-37.807030788089975, 144.95437489033912"
2025-06-13T05:14:34+05:30,2025-06-10T06:27:05+05:30,7985,Present,13133,"-37.80836714126259, 144.95310736733308"
2025-06-13T05:14:34+05:30,2025-06-13T01:01:02+05:30,7985,Unoccupied,13137,"-37.80843941201357, 144.95285675557932"
2025-06-13T05:14:34+05:30,2025-06-12T13:32:21+05:30,7988,Unoccupied,11237,"-37.80638580862451, 144.95382971200894"
2025-06-13T05:14:34+05:30,2025-06-12T14:54:13+05:30,7993,Present,11261,"-37.80657634053621, 144.95416798458052"
2025-06-13T05:14:34+05:30,2025-06-13T04:09:51+05:30,7993,Present,11266,"-37.806287742591834, 144.95403606699995"
2025-06-13T05:14:34+05:30,2025-06-12T15:59:47+05:30,7993,Unoccupied,11269,"-37.8061385514563, 144.95396800725834"
2025-01-09T11:14:36+05:30,2023-08-21T05:39:03+05:30,7800,Present,24505,"-37.79756250415984, 144.95759881813447"
2025-06-13T05:14:34+05:30,2025-06-13T04:49:39+05:30,7988,Unoccupied,11242,"-37.806643980452876, 144.95394738906856"
2025-06-13T05:14:34+05:30,2025-06-13T05:08:06+05:30,7985,Present,13132,"-37.80834899622329, 144.9531702875403"
2025-05-08T11:14:34+05:30,2025-04-14T05:31:23+05:30,7218,Present,57943,"-37.82011429509811, 144.95451180212012"
2025-05-08T11:14:34+05:30,2023-10-26T03:55:42+05:30,,Unoccupied,5691,"-37.81409629462509, 144.9563297765231"
2025-01-22T09:14:37+05:30,2024-05-03T08:25:43+05:30,,Unoccupied,22774,"-37.8233950937474, 144.96674793778274"
2025-01-22T09:14:37+05:30,2024-10-11T09:36:49+05:30,7539,Unoccupied,66222,"-37.81164001991529, 144.96061716652716"
2025-05-16T08:14:34+05:30,2025-05-01T06:39:52+05:30,,Present,61148,"-37.81702553819633, 144.96516473711768"
2025-01-22T09:14:37+05:30,2024-10-02T04:52:55+05:30,7550,Present,66010,"-37.8099402111704, 144.96635508204457"
2025-01-22T09:14:37+05:30,2024-10-02T04:20:25+05:30,7550,Unoccupied,66032,"-37.81036492957013, 144.96490200828873"
2025-01-22T09:14:37+05:30,2024-10-02T04:18:56+05:30,7549,Unoccupied,66063,"-37.81020592601129, 144.96563071540535"
2025-01-22T09:14:37+05:30,2024-10-02T04:23:36+05:30,7549,Unoccupied,66026,"-37.810245537194746, 144.9653118312001"
2025-01-22T09:14:37+05:30,2024-10-02T04:03:54+05:30,7550,Present,66074,"-37.81040728241008, 144.96494093126182"
2025-01-22T09:14:37+05:30,2024-10-11T08:11:57+05:30,7539,Present,66237,"-37.8119181725674, 144.9596677505574"
2025-01-10T08:14:36+05:30,2024-12-17T01:53:55+05:30,7392,Unoccupied,9382,"-37.80269858597897, 144.95808982173668"
2025-01-10T08:14:36+05:30,2024-08-22T03:00:55+05:30,7392,Unoccupied,9386,"-37.80249768155137, 144.95799701463113"
2025-01-09T11:14:36+05:30,2024-03-22T15:13:24+05:30,7800,Present,24510,"-37.797278817028555, 144.9576354188943"
2025-06-23T11:14:34+05:30,2025-06-01T05:43:00+05:30,7922,Present,10803,"-37.80625739731009, 144.95519868633625"
2025-06-23T11:14:34+05:30,2025-02-07T06:28:38+05:30,7923,Present,10826,"-37.807214817100956, 144.95491085937306"
2025-06-23T11:14:34+05:30,2025-02-06T15:48:21+05:30,7923,Unoccupied,10843,"-37.80671676209982, 144.95499987480218"
2025-06-23T11:14:34+05:30,2025-06-01T07:40:51+05:30,7923,Present,10855,"-37.80634503506558, 144.9550663085025"
2025-06-23T11:14:34+05:30,2025-02-07T04:12:58+05:30,7923,Present,10859,"-37.806244147527366, 144.95508434871226"
2025-06-26T08:14:34+05:30,2025-06-16T09:01:11+05:30,7610,Present,54551,"-37.81242203861288, 144.95939783747593"
2025-06-26T08:14:34+05:30,2025-06-16T09:02:03+05:30,7610,Present,54536,"-37.81229716390683, 144.9594658637529"
2025-06-04T05:14:34+05:30,2025-06-03T16:42:46+05:30,7993,Unoccupied,11247,"-37.807257983959346, 144.95447866610417"
2025-01-21T09:12:37+05:30,2025-01-19T04:31:01+05:30,7049,Unoccupied,10290,"-37.79511384563001, 144.97151325560708"
2025-06-04T05:14:34+05:30,2025-06-04T05:03:42+05:30,7986,Unoccupied,11144,"-37.808281031290136, 144.95469843594896"
2024-12-05T05:14:37+05:30,2024-11-28T08:27:41+05:30,7084,Present,8738,"-37.80224848587544, 144.961350677226"
2024-12-05T05:14:37+05:30,2024-11-28T03:55:48+05:30,7084,Unoccupied,8742,"-37.80226817919086, 144.96152667783582"
2024-12-05T05:14:37+05:30,2024-11-28T07:52:55+05:30,7084,Present,8752,"-37.80225168938629, 144.9613799225275"
2024-12-05T05:14:37+05:30,2024-11-28T08:20:49+05:30,7084,Present,8754,"-37.802216688584906, 144.9610582939215"
2025-05-08T11:14:34+05:30,2025-04-14T08:13:29+05:30,7218,Unoccupied,57937,"-37.820423666254094, 144.95465361283914"
2025-05-08T11:14:34+05:30,2024-03-07T07:38:19+05:30,7354,Unoccupied,6369,"-37.81867994915778, 144.95579934684184"
2025-05-08T11:14:34+05:30,2025-04-14T08:29:41+05:30,7218,Unoccupied,57935,"-37.82053114138522, 144.95470260915596"
2025-06-23T11:14:34+05:30,2025-02-28T05:55:04+05:30,7922,Present,10801,"-37.806122804123476, 144.9552223687313"
2025-06-23T11:14:34+05:30,2025-02-06T17:15:55+05:30,7923,Unoccupied,10848,"-37.80656731001003, 144.95502658651594"
2025-06-10T05:14:34+05:30,2025-06-08T05:17:02+05:30,7674,Present,51826,"-37.81452552939284, 144.96888722038625"
2025-06-25T11:14:34+05:30,2025-06-25T10:34:34+05:30,7459,Present,61329,"-37.8182163616712, 144.96106306478598"
2025-02-13T11:14:36+05:30,2025-02-13T04:29:26+05:30,,Present,56623,"-37.8198237617609, 144.95718394732322"
2024-12-17T04:14:37+05:30,2024-12-17T03:41:12+05:30,7725,Present,9609,"-37.803775427031525, 144.94940056402066"
2025-06-13T05:14:34+05:30,2025-06-12T18:56:46+05:30,7985,Unoccupied,13131,"-37.808314705592316, 144.95328919450915"
2025-06-13T05:14:34+05:30,2023-01-15T22:31:33+05:30,7985,Unoccupied,13140,"-37.80851645356166, 144.95258961438321"
2025-03-25T06:14:37+05:30,2025-03-18T15:32:40+05:30,7266,Unoccupied,18642,"-37.80884023488097, 144.97292082569246"
2025-03-25T06:14:37+05:30,2025-03-25T05:18:37+05:30,7265,Present,17949,"-37.80991962745114, 144.97298012356163"
2025-07-07T07:14:34+05:30,2025-07-01T09:16:17+05:30,7930,Unoccupied,9729,"-37.81063959801361, 144.9489331896371"
2025-07-07T07:14:34+05:30,2025-07-01T07:43:46+05:30,7930,Unoccupied,9733,"-37.81054201993924, 144.9491897644944"
2025-07-07T07:14:34+05:30,2023-06-08T03:36:02+05:30,7924,Unoccupied,11119,"-37.805980641986054, 144.95211845047334"
2025-06-26T08:14:34+05:30,2025-06-16T07:54:45+05:30,7610,Present,54552,"-37.81237112920085, 144.95937491992544"
2025-06-26T08:14:34+05:30,2025-06-16T09:16:43+05:30,7610,Present,54549,"-37.81253584741609, 144.9594489033752"
2025-06-26T08:14:34+05:30,2025-06-19T03:12:46+05:30,7610,Unoccupied,54540,"-37.81217897491937, 144.95941197530533"
2025-06-26T07:14:34+05:30,2025-06-16T08:16:20+05:30,7610,Present,54533,"-37.812367060737046, 144.95949773385078"
2025-07-07T07:14:34+05:30,2025-07-01T05:44:29+05:30,7930,Present,9737,"-37.81032697555239, 144.94975449627862"
2025-07-07T07:14:34+05:30,2025-07-07T06:16:18+05:30,7936,Unoccupied,11421,"-37.812166585331795, 144.95051937945937"
2025-07-07T07:14:34+05:30,2025-07-01T10:03:52+05:30,7930,Present,9728,"-37.81066100459809, 144.9488768305477"
2025-07-07T07:14:34+05:30,2025-07-07T06:55:49+05:30,7936,Unoccupied,11422,"-37.81214783966169, 144.95058571399068"
2025-07-07T07:14:34+05:30,2025-07-07T03:17:33+05:30,,Present,24527,"-37.81221182156042, 144.9507336003042"
2025-05-08T11:14:34+05:30,2025-04-18T03:06:34+05:30,7218,Present,57939,"-37.820322263929086, 144.9546071199171"
2025-05-08T11:14:34+05:30,2025-04-14T06:59:31+05:30,7219,Present,69945,"-37.822523929297894, 144.9521005255906"
2025-05-08T11:14:34+05:30,2025-04-14T04:33:29+05:30,7219,Present,69944,"-37.82251358088368, 144.95213374857926"
2025-05-08T11:14:34+05:30,2025-04-14T08:23:52+05:30,7219,Present,69965,"-37.82230254427385, 144.9534210170546"
2025-05-08T11:14:34+05:30,2025-04-14T07:15:44+05:30,7219,Present,69968,"-37.822359539262656, 144.9532235093248"
2025-05-08T11:14:34+05:30,2025-04-14T08:02:10+05:30,7643,Present,57916,"-37.82032671735453, 144.95485898659769"
2025-05-08T11:14:34+05:30,2025-04-14T08:26:45+05:30,7218,Present,57936,"-37.82047607788187, 144.95467759457046"
2025-06-23T11:14:34+05:30,2025-05-19T08:38:47+05:30,7922,Present,10802,"-37.80619677105507, 144.95520948468823"
2025-06-23T11:14:34+05:30,2025-02-07T05:26:20+05:30,7923,Present,10827,"-37.80718919017354, 144.95491544565937"
2025-06-23T11:14:34+05:30,2023-11-14T08:23:26+05:30,7923,Unoccupied,10840,"-37.806793863932285, 144.95498609473293"
2025-06-23T11:14:34+05:30,2025-02-07T06:28:43+05:30,7923,Present,10845,"-37.806642456045324, 144.95501315634544"
2025-06-23T11:14:34+05:30,2025-02-06T16:43:54+05:30,7923,Unoccupied,10850,"-37.80649615504858, 144.955039304026"
2025-06-23T11:14:34+05:30,2025-06-01T07:22:10+05:30,7923,Present,10856,"-37.80631954692586, 144.955070868407"
2025-06-23T11:14:34+05:30,2025-06-01T08:15:41+05:30,7923,Present,10860,"-37.80614034694966, 144.95510289712604"
2025-06-23T11:14:34+05:30,2025-02-07T04:38:47+05:30,7923,Present,10824,"-37.807265450646945, 144.95490180860912"
2025-07-07T07:14:34+05:30,2025-07-01T05:13:41+05:30,7930,Present,9736,"-37.81034854531248, 144.94969754553495"
2025-07-07T07:14:34+05:30,2023-06-08T02:04:08+05:30,7924,Unoccupied,11113,"-37.8057341335427, 144.9521626699863"
2025-03-26T09:14:37+05:30,2025-03-26T01:09:30+05:30,7297,Present,18078,"-37.80801480988396, 144.9728282657369"
2025-03-26T09:14:37+05:30,2025-03-26T06:25:47+05:30,7297,Present,18170,"-37.8079726365175, 144.9724521673065"
2025-04-09T05:14:37+05:30,2024-04-25T21:26:07+05:30,7081,Unoccupied,8397,"-37.80679009928165, 144.97326183494033"
2025-01-22T09:14:37+05:30,2024-10-02T04:58:21+05:30,7549,Present,66016,"-37.81005359443116, 144.96596691247518"
2025-03-26T09:14:37+05:30,2025-03-26T09:01:13+05:30,7297,Present,18074,"-37.80798108806593, 144.97252750218678"
2025-01-22T09:14:37+05:30,2024-10-02T04:56:43+05:30,7549,Present,66021,"-37.81014835868348, 144.9656417510855"
2025-01-22T09:14:37+05:30,2024-10-11T09:27:28+05:30,7550,Present,66075,"-37.81042604580227, 144.96487703053606"
2025-06-23T11:14:34+05:30,2025-02-28T09:18:11+05:30,7923,Unoccupied,10831,"-37.807064001548014, 144.95493798507198"
2025-06-23T11:14:34+05:30,2025-02-07T02:23:01+05:30,7923,Unoccupied,10853,"-37.80642003693526, 144.95505290859828"
2025-06-23T11:14:34+05:30,2025-06-01T04:30:36+05:30,7923,Present,10858,"-37.806269869690986, 144.9550797465717"
2025-05-08T11:14:34+05:30,2025-04-14T07:53:15+05:30,7218,Present,57938,"-37.82037346768652, 144.95463055373497"
2025-05-08T11:14:34+05:30,2025-04-14T07:20:21+05:30,7219,Present,69975,"-37.82248932751718, 144.95277816994894"
2025-01-21T09:12:37+05:30,2025-01-20T12:30:34+05:30,7049,Present,24426,"-37.795172433212144, 144.97205152453165"
2024-12-05T05:14:37+05:30,2024-10-19T19:01:32+05:30,7084,Unoccupied,8748,"-37.80230041287619, 144.96182135461714"
2024-12-05T05:14:37+05:30,2024-11-28T08:10:31+05:30,7084,Unoccupied,8753,"-37.80223656015707, 144.9612340509617"
2025-03-25T05:14:37+05:30,2025-03-12T00:28:00+05:30,,Present,17697,"-37.82079972059559, 144.94085212969856"
2024-12-17T04:14:37+05:30,2024-12-17T04:11:49+05:30,7628,Unoccupied,51819,"-37.814010865674746, 144.96877776293968"
2025-06-13T05:14:34+05:30,2025-06-11T16:24:02+05:30,7993,Unoccupied,11258,"-37.806773694429936, 144.95425777658258"
2025-06-13T05:14:34+05:30,2025-06-11T09:55:36+05:30,7993,Present,11268,"-37.80618678855514, 144.95399001619174"
2025-06-13T05:14:34+05:30,2025-06-13T04:28:23+05:30,7985,Unoccupied,13138,"-37.80845894053995, 144.952789037199"
2025-06-13T05:14:34+05:30,2025-06-12T13:15:52+05:30,7988,Present,11239,"-37.80648908388493, 144.95387619148622"
2025-06-13T05:14:34+05:30,2025-06-12T08:05:18+05:30,7985,Unoccupied,13122,"-37.80838886003194, 144.9526230069885"
2025-06-26T08:14:34+05:30,2025-06-16T08:25:00+05:30,7610,Present,54547,"-37.812636087207736, 144.9594936414532"
2025-04-09T05:14:37+05:30,2025-04-07T06:17:07+05:30,7081,Unoccupied,8395,"-37.80689361854845, 144.97324406030737"
2025-04-09T05:14:37+05:30,2025-04-05T05:26:52+05:30,7081,Unoccupied,8393,"-37.806995795423745, 144.97322651483523"
2024-12-05T05:14:37+05:30,2024-11-28T08:33:02+05:30,7084,Present,8731,"-37.80221348499492, 144.96102904863818"
2024-12-05T05:14:37+05:30,2024-11-28T08:23:41+05:30,7084,Unoccupied,8736,"-37.802242080448615, 144.96129218606376"
2024-12-05T05:14:37+05:30,2024-11-28T08:27:26+05:30,7084,Unoccupied,8737,"-37.802245282357404, 144.9613214313597"
2024-12-05T05:14:37+05:30,2024-11-27T15:39:44+05:30,7084,Unoccupied,8739,"-37.80225856919544, 144.9614389418973"
2024-12-05T05:14:37+05:30,2024-11-27T14:10:20+05:30,7084,Unoccupied,8740,"-37.80226177268457, 144.96146818720734"
2024-12-05T05:14:37+05:30,2024-10-19T19:01:48+05:30,7084,Unoccupied,8751,"-37.80228717056752, 144.96170212543996"
2024-12-05T05:14:37+05:30,2024-11-28T06:45:59+05:30,7084,Unoccupied,8743,"-37.802277599315886, 144.96161438831626"
2024-12-05T05:14:37+05:30,2024-11-28T08:44:47+05:30,7084,Present,8750,"-37.802271382658404, 144.96155592654753"
2024-12-30T06:14:37+05:30,2024-08-21T09:28:04+05:30,7394,Present,9347,"-37.805096352997225, 144.95923156155152"
2024-12-30T06:14:37+05:30,2024-07-05T16:32:23+05:30,7520,Unoccupied,9356,"-37.804990182314754, 144.9586637442418"
2024-12-30T06:14:37+05:30,2024-01-18T08:28:11+05:30,7520,Unoccupied,9367,"-37.80568474625133, 144.9589842734913"
2024-12-30T06:14:37+05:30,2024-08-11T16:37:54+05:30,7394,Unoccupied,9345,"-37.80499480404235, 144.9591846617755"
2024-12-30T06:14:37+05:30,2024-03-31T18:03:16+05:30,,Present,9351,"-37.80570432547628, 144.95951121701592"
2024-12-30T06:14:37+05:30,2024-08-20T13:25:24+05:30,7520,Unoccupied,9366,"-37.805633939220755, 144.95896100249817"
2025-02-13T11:14:36+05:30,2025-02-13T10:49:25+05:30,7480,Unoccupied,56625,"-37.81972470958111, 144.95713757986294"
2025-02-13T11:14:36+05:30,2023-11-29T05:05:32+05:30,,Present,6934,"-37.82008789716498, 144.95730555908776"
2025-02-13T11:14:36+05:30,2025-02-13T11:01:41+05:30,7480,Unoccupied,56624,"-37.8197729040899, 144.95716028645603"
2025-01-21T09:12:37+05:30,2025-01-21T07:43:44+05:30,7053,Unoccupied,10287,"-37.79491926425749, 144.97141229186371"
2025-01-21T09:12:37+05:30,2025-01-21T05:23:13+05:30,7049,Unoccupied,10295,"-37.795245956927744, 144.9727365528309"
2025-01-21T09:12:37+05:30,2025-01-21T02:10:40+05:30,7049,Unoccupied,10294,"-37.795229039525836, 144.97258333501773"
2025-01-21T09:12:37+05:30,2025-01-21T05:47:55+05:30,7049,Present,10296,"-37.79525835643487, 144.97284901920167"
2025-01-21T09:12:37+05:30,2025-01-21T08:40:07+05:30,7049,Unoccupied,24425,"-37.79517932433332, 144.9721162023573"
2025-01-22T09:14:37+05:30,2024-10-11T09:17:55+05:30,7549,Present,66025,"-37.81022571352348, 144.9653774046867"
2025-01-22T09:14:37+05:30,2024-10-02T04:47:12+05:30,7549,Unoccupied,66061,"-37.8101691211248, 144.9657566431519"
2025-01-22T09:14:37+05:30,2024-05-03T09:26:57+05:30,,Unoccupied,22776,"-37.82337001046017, 144.96661886495528"
2025-01-22T09:14:37+05:30,2024-10-11T10:40:42+05:30,7550,Unoccupied,66033,"-37.810383455394586, 144.96483799782146"
2025-01-22T09:14:37+05:30,2024-10-11T09:13:14+05:30,7549,Present,66056,"-37.8100665768745, 144.9661034598762"
2025-01-24T08:14:37+05:30,2025-01-22T12:27:20+05:30,7534,Present,63234,"-37.816841097323454, 144.95810753535793"
2025-01-22T09:14:37+05:30,2024-10-11T09:30:46+05:30,7549,Present,66062,"-37.81018811964185, 144.96569164078795"
2025-01-22T09:14:37+05:30,2024-05-03T09:51:09+05:30,,Unoccupied,22772,"-37.823420177807634, 144.9668770118377"
2025-03-07T05:14:37+05:30,2025-03-07T04:05:37+05:30,,Present,62713,"-37.81319239221083, 144.9704750954116"
2024-12-05T05:14:37+05:30,2024-11-28T08:47:09+05:30,7084,Unoccupied,8732,"-37.80221028139775, 144.96099980337007"
2024-12-05T05:14:37+05:30,2024-11-28T08:01:41+05:30,7084,Unoccupied,8744,"-37.802280763677544, 144.9616436342106"
2025-06-10T05:14:34+05:30,2025-06-03T10:07:21+05:30,7674,Unoccupied,51839,"-37.814215967467725, 144.9687480308728"
2025-06-10T05:14:34+05:30,2025-06-05T04:56:32+05:30,7634,Unoccupied,52133,"-37.811257510163344, 144.96738963174488"
2025-06-10T05:14:34+05:30,2025-06-03T10:08:00+05:30,7634,Present,52124,"-37.81161963978917, 144.96755496911868"
2025-06-10T05:14:34+05:30,2025-06-03T10:54:18+05:30,7634,Present,52134,"-37.811234210738704, 144.96737901057347"
2025-06-10T05:14:34+05:30,2025-06-03T10:07:19+05:30,7674,Present,51857,"-37.81430890820657, 144.96866643920868"
2025-06-10T05:14:34+05:30,2024-02-07T06:48:31+05:30,,Unoccupied,24829,"-37.81562276049732, 144.95443871288336"
2025-06-13T05:14:34+05:30,2025-06-12T16:48:32+05:30,7993,Present,11259,"-37.80672373304071, 144.95423504775562"
2025-06-13T05:14:34+05:30,2025-06-13T04:28:53+05:30,7985,Present,13135,"-37.80840250771657, 144.95298472814954"
2025-06-13T05:14:34+05:30,2025-06-13T01:46:32+05:30,7988,Unoccupied,11243,"-37.806695613394126, 144.95397112147248"
2025-06-13T05:14:34+05:30,2025-06-12T09:08:04+05:30,7988,Unoccupied,11245,"-37.80679852044474, 144.95401878515966"
2025-06-13T05:14:34+05:30,2025-06-13T04:12:48+05:30,7993,Unoccupied,11263,"-37.80644019666593, 144.9541056315923"
2025-06-13T05:14:34+05:30,2025-06-12T12:37:29+05:30,7988,Unoccupied,11238,"-37.80643745187663, 144.95385246610408"
2025-07-07T07:14:34+05:30,2023-06-07T06:36:40+05:30,7924,Present,11115,"-37.8058611196018, 144.952139906509"
2025-06-23T11:14:34+05:30,2025-02-06T13:30:55+05:30,7923,Unoccupied,10847,"-37.806592399711064, 144.95502210241304"
2025-06-23T11:14:34+05:30,2025-02-06T19:22:04+05:30,7923,Unoccupied,10851,"-37.80647068262482, 144.95504385658836"
2025-06-23T11:14:34+05:30,2025-06-01T08:45:29+05:30,7922,Present,10875,"-37.80619763274819, 144.9549746502397"
2025-06-10T05:14:34+05:30,2025-06-03T11:03:35+05:30,7633,Present,52149,"-37.81127806929965, 144.9672745517347"
2025-06-10T05:14:34+05:30,2025-06-03T09:56:47+05:30,7674,Present,51836,"-37.81428852546001, 144.96878064075162"
2025-06-10T05:14:34+05:30,2025-06-03T10:06:11+05:30,7674,Unoccupied,51832,"-37.81438396365972, 144.9688235832121"
2025-06-10T05:14:34+05:30,2025-06-05T03:45:00+05:30,7634,Present,52128,"-37.81140176302106, 144.96745547385362"
2025-06-10T05:14:34+05:30,2025-06-03T10:27:47+05:30,7634,Present,52147,"-37.811385111806615, 144.96732387800176"
2025-06-10T05:14:34+05:30,2025-06-05T05:00:03+05:30,7625,Present,52029,"-37.812167247481085, 144.96768291550617"
2025-06-10T05:14:34+05:30,2025-06-03T09:16:50+05:30,,Present,51860,"-37.81415684250254, 144.96859582591492"
2025-06-10T05:14:34+05:30,2025-06-03T09:58:20+05:30,7628,Unoccupied,51853,"-37.81451515095033, 144.9687622235785"
2025-07-07T07:14:34+05:30,2025-07-01T07:44:03+05:30,7930,Present,9727,"-37.81068435233683, 144.94881538112529"
2025-07-07T07:14:34+05:30,2023-06-07T06:11:04+05:30,7924,Unoccupied,11121,"-37.806027023506715, 144.95211012372965"
2025-07-07T07:14:34+05:30,2023-06-08T03:26:09+05:30,7924,Unoccupied,11122,"-37.80605009231655, 144.952105960915"
2025-06-04T05:14:34+05:30,2025-06-03T17:58:13+05:30,7993,Unoccupied,11246,"-37.80720039499499, 144.95445233270416"
2025-07-07T07:14:34+05:30,2025-07-01T05:35:09+05:30,7930,Unoccupied,9731,"-37.81058876771162, 144.94906689819655"
2025-07-07T07:14:34+05:30,2023-06-07T06:43:53+05:30,7924,Unoccupied,11116,"-37.80588431059893, 144.9521357437148"
2025-07-07T07:14:34+05:30,2025-07-07T06:07:30+05:30,7924,Present,11117,"-37.805907335803596, 144.95213158035006"
2025-07-07T07:14:34+05:30,2023-06-08T04:55:51+05:30,7924,Unoccupied,11120,"-37.80600383297172, 144.95211428652908"
2025-06-23T11:14:34+05:30,2025-02-07T03:47:38+05:30,7923,Present,10832,"-37.807038370124474, 144.9549425700414"
2025-06-23T11:14:34+05:30,2025-02-28T07:47:36+05:30,7922,Unoccupied,10804,"-37.806343223584506, 144.9551838594689"
2025-06-23T11:14:34+05:30,2025-02-06T20:28:06+05:30,7923,Unoccupied,10839,"-37.80681932378045, 144.9549816085488"
2025-06-23T11:14:34+05:30,2025-02-17T08:50:01+05:30,7922,Unoccupied,10864,"-37.80751919903814, 144.95474268264428"
2025-06-10T05:14:34+05:30,2025-03-21T04:12:19+05:30,7674,Unoccupied,51831,"-37.81440744563561, 144.9688341372144"
2025-06-10T05:14:34+05:30,2025-06-03T10:41:56+05:30,7626,Present,52031,"-37.81205388870055, 144.9676313369007"
2025-06-10T05:14:34+05:30,2025-06-08T04:07:36+05:30,7634,Present,52132,"-37.81130687084874, 144.96741221654668"
2025-06-10T05:14:34+05:30,2025-06-03T10:35:38+05:30,7634,Present,52131,"-37.8113301702805, 144.96742283715793"
2025-06-10T05:14:34+05:30,2025-06-04T05:38:11+05:30,,Present,51859,"-37.814205775020824, 144.96861855008223"
2025-06-10T05:14:34+05:30,2025-06-03T10:57:39+05:30,7633,Unoccupied,52151,"-37.81117525856173, 144.967227152054"
2025-06-10T05:14:34+05:30,2025-06-03T10:09:34+05:30,7628,Unoccupied,51854,"-37.81446444012603, 144.96873866896908"
2025-06-26T08:14:34+05:30,2025-06-16T07:49:24+05:30,,Present,54553,"-37.81230450551044, 144.95934507153942"
2025-06-13T05:14:34+05:30,2025-06-09T14:44:06+05:30,7993,Present,11264,"-37.806393265822635, 144.9540842220135"
2025-06-26T08:14:34+05:30,2025-06-16T08:43:44+05:30,7611,Present,54546,"-37.81268700721902, 144.95951651382325"
2025-06-23T11:14:34+05:30,2025-02-17T09:52:55+05:30,7923,Unoccupied,10829,"-37.80711601978986, 144.9549286870989"
2025-07-07T07:14:34+05:30,2023-06-08T04:17:44+05:30,7924,Present,11111,"-37.80568963815816, 144.9521707552537"
2025-07-07T07:14:34+05:30,2023-06-08T04:19:54+05:30,7924,Unoccupied,11112,"-37.805711273582574, 144.95216680591378"
2025-07-07T07:14:34+05:30,2023-06-07T19:34:34+05:30,7924,Unoccupied,11118,"-37.80595788536398, 144.95212252183597"
2025-07-07T07:14:34+05:30,2023-03-17T04:23:23+05:30,7924,Present,11124,"-37.806123354895874, 144.95209283098262"
2025-07-07T07:14:34+05:30,2025-07-07T04:39:24+05:30,7936,Present,11420,"-37.81219439594773, 144.95042086812788"
2025-07-07T07:14:34+05:30,2025-07-01T05:03:06+05:30,7930,Present,9730,"-37.810611148913466, 144.94900805910913"
2025-07-07T07:14:34+05:30,2025-07-07T04:07:34+05:30,7936,Present,11423,"-37.81212940205131, 144.9506509809102"
2025-07-07T07:14:34+05:30,2025-07-01T05:03:06+05:30,7930,Present,9734,"-37.81051864102663, 144.94925120073324"
2025-06-10T05:14:34+05:30,2025-06-08T05:14:32+05:30,7674,Present,51834,"-37.81433784981002, 144.968802858015"
2025-06-10T05:14:34+05:30,2025-06-03T09:06:50+05:30,7674,Present,51824,"-37.8145733924308, 144.9689087192393"
2025-06-10T05:14:34+05:30,2025-05-29T09:08:35+05:30,7345,Unoccupied,63641,"-37.813167907018794, 144.96703581279206"
2025-06-10T05:14:34+05:30,2025-05-26T11:22:26+05:30,7345,Unoccupied,63639,"-37.81310634815438, 144.9672464995096"
2025-07-07T07:14:34+05:30,2023-06-07T07:55:28+05:30,7924,Unoccupied,11123,"-37.80610065936821, 144.9520968851033"
2025-07-07T07:14:34+05:30,2023-06-04T12:16:46+05:30,7924,Unoccupied,11125,"-37.806146545879656, 144.95208866815602"
2025-01-21T09:12:37+05:30,2025-01-16T10:26:56+05:30,7053,Present,10283,"-37.79497966524963, 144.9719705034874"
2025-01-21T09:12:37+05:30,2025-01-18T09:33:08+05:30,7053,Present,24369,"-37.79506182972317, 144.97271754964473"
2025-01-21T09:12:37+05:30,2025-01-10T12:50:16+05:30,7053,Present,24366,"-37.79494701546585, 144.97167049003838"
2025-01-21T09:12:37+05:30,2025-01-18T02:09:32+05:30,7053,Present,24367,"-37.7949123189659, 144.97134759145723"
2025-03-25T06:14:37+05:30,2025-03-25T05:35:32+05:30,7265,Present,17953,"-37.81013912607695, 144.97295262087988"
2025-03-25T06:14:37+05:30,2025-03-21T18:47:26+05:30,7265,Unoccupied,17959,"-37.81060256999946, 144.97294557163235"
2025-06-04T05:14:34+05:30,2025-06-04T05:09:56+05:30,7986,Unoccupied,11143,"-37.808234440901415, 144.95467720003413"
2025-06-04T05:14:34+05:30,2025-06-03T08:25:35+05:30,7995,Unoccupied,11184,"-37.80766781301834, 144.95441621830247"
2025-06-10T05:14:34+05:30,2025-06-03T10:03:16+05:30,7674,Present,51838,"-37.814239729182205, 144.96875871007944"
2025-06-10T05:14:34+05:30,2025-06-03T10:41:56+05:30,7634,Unoccupied,52123,"-37.81164582094358, 144.96756685628353"
2025-06-10T05:14:34+05:30,2025-06-03T09:55:38+05:30,7674,Present,51840,"-37.81419221484805, 144.96873735485678"
2025-06-10T05:14:34+05:30,2025-05-27T07:40:19+05:30,7345,Unoccupied,63635,"-37.81302595562978, 144.967521420346"
2025-03-25T06:14:37+05:30,2025-03-25T02:00:24+05:30,7265,Present,17958,"-37.81054491179475, 144.97294222605115"
2025-03-26T09:14:37+05:30,2025-03-26T08:08:29+05:30,7297,Present,18168,"-37.80795579700932, 144.9723020581336"
2025-03-26T09:14:37+05:30,2025-03-26T01:39:11+05:30,7297,Present,18166,"-37.80793895281839, 144.9721519501125"
2024-12-05T05:14:37+05:30,2024-11-28T08:45:03+05:30,7084,Unoccupied,8728,"-37.802207077793355, 144.9609705575371"
2024-12-05T05:14:37+05:30,2024-11-28T08:02:55+05:30,7084,Unoccupied,8730,"-37.802223746396926, 144.96111707151726"
2024-12-05T05:14:37+05:30,2024-11-27T22:55:40+05:30,7084,Unoccupied,8745,"-37.80228396713595, 144.96167287954006"
2024-12-05T05:14:37+05:30,2024-10-19T16:40:53+05:30,7084,Unoccupied,8746,"-37.802294006064535, 144.9617628633649"
2025-05-08T11:14:34+05:30,2025-04-13T12:00:29+05:30,7219,Present,69942,"-37.82249515523104, 144.9521959601043"
2025-05-08T11:14:34+05:30,2025-04-14T05:15:30+05:30,7219,Present,69977,"-37.82252556959601, 144.95265277617113"
2025-05-08T11:14:34+05:30,2025-04-14T08:48:28+05:30,7223,Present,69961,"-37.822237339850616, 144.9536460664737"
2025-05-08T11:14:34+05:30,2025-04-14T08:48:13+05:30,7219,Unoccupied,69967,"-37.82234105011817, 144.953287549408"
2025-05-08T11:14:34+05:30,2025-04-14T08:27:25+05:30,7643,Present,57918,"-37.82023275888777, 144.95481596362043"
2025-05-08T11:14:34+05:30,2025-04-14T08:00:15+05:30,7643,Present,57917,"-37.820280977934516, 144.95483806102732"
2025-03-25T06:14:37+05:30,2025-03-25T05:42:16+05:30,7266,Present,18643,"-37.808781745038715, 144.97293054338238"
2025-03-25T06:14:37+05:30,2025-03-23T11:28:10+05:30,7265,Present,25020,"-37.809717904375894, 144.9730099177699"
2025-03-25T06:14:37+05:30,2025-03-25T06:00:17+05:30,7265,Present,17951,"-37.81002583036282, 144.97296632752665"
2025-03-25T05:14:37+05:30,2025-03-12T04:47:58+05:30,,Present,17698,"-37.820820169304454, 144.94077706396166"
2025-05-22T06:14:34+05:30,2025-05-21T01:40:13+05:30,7214,Unoccupied,20926,"-37.82107646203974, 144.946243382511"
2025-03-25T06:14:37+05:30,2025-03-25T05:28:23+05:30,,Present,64111,"-37.816483482350726, 144.95505857439656"
2025-03-25T06:14:37+05:30,2025-03-25T05:32:09+05:30,,Unoccupied,58113,"-37.81766476874189, 144.9536377149446"
2025-03-25T05:14:37+05:30,2025-03-12T00:28:27+05:30,,Present,17695,"-37.820756478572605, 144.9409998058623"
2025-03-26T09:14:37+05:30,2025-03-26T01:00:42+05:30,7297,Present,18075,"-37.80798953911626, 144.97260283708675"
2025-03-26T09:14:37+05:30,2025-03-26T01:03:34+05:30,7297,Present,18169,"-37.80796424730201, 144.97237739351775"
2025-06-10T05:14:34+05:30,2025-06-03T10:28:49+05:30,,Unoccupied,52024,"-37.812438425773976, 144.9678062923956"
2025-06-10T05:14:34+05:30,2025-06-03T10:19:45+05:30,7674,Unoccupied,51841,"-37.81416846039663, 144.96872667889681"
2025-06-10T05:14:34+05:30,2025-06-08T04:46:47+05:30,7674,Present,51837,"-37.81426349951171, 144.96876939303223"
2025-06-10T05:14:34+05:30,2025-06-03T09:23:08+05:30,7674,Present,51827,"-37.814502169560754, 144.96887680361226"
2025-06-10T05:14:34+05:30,2025-06-03T10:39:59+05:30,7634,Present,52135,"-37.81121091131325, 144.96736838885369"
2025-06-10T05:14:34+05:30,2025-06-05T03:30:53+05:30,7634,Present,52129,"-37.811378039874185, 144.96744465923365"
2025-06-10T05:14:34+05:30,2025-06-03T10:40:04+05:30,7625,Unoccupied,52027,"-37.81227741625465, 144.96773303708386"
2025-06-13T05:14:34+05:30,2025-06-13T02:51:00+05:30,7993,Present,11257,"-37.80682314214508, 144.95428025752082"
2025-03-25T06:14:37+05:30,2025-03-25T04:57:11+05:30,7265,Present,17955,"-37.81026115836301, 144.97294181070765"
2025-06-23T11:14:34+05:30,2024-12-31T19:19:14+05:30,7923,Unoccupied,10841,"-37.806768406335635, 144.95499064465525"
2025-06-10T05:14:34+05:30,2025-06-05T04:42:28+05:30,,Present,52025,"-37.812385466383475, 144.96778219516835"
2025-06-10T05:14:34+05:30,2025-06-03T09:29:25+05:30,7674,Present,51829,"-37.81445232747655, 144.96885430893008"
2025-06-10T05:14:34+05:30,2025-06-03T09:50:27+05:30,7674,Unoccupied,51825,"-37.814549626195195, 144.96889803832212"
2025-06-10T05:14:34+05:30,2025-06-03T10:40:32+05:30,7626,Unoccupied,52030,"-37.81211109445785, 144.9676573683725"
2025-06-10T05:14:34+05:30,2025-06-03T04:05:37+05:30,7634,Present,52137,"-37.81116388827178, 144.96734695313552"
2025-06-10T05:14:34+05:30,2025-06-03T10:10:04+05:30,7625,Present,52028,"-37.812222331870224, 144.96770797627687"
2025-06-10T05:14:34+05:30,2025-06-03T09:10:30+05:30,7674,Present,51856,"-37.81436046663239, 144.96869038794887"
2025-06-10T05:14:34+05:30,2025-05-27T06:35:51+05:30,7345,Unoccupied,63637,"-37.8130661522097, 144.96738396057447"
2025-06-26T08:14:34+05:30,2025-06-16T08:55:19+05:30,7610,Present,54550,"-37.812471286354445, 144.95941998962718"
2025-06-26T08:14:34+05:30,2025-06-19T02:56:41+05:30,7610,Unoccupied,54548,"-37.81258515924318, 144.95947090966894"
2025-06-13T05:14:34+05:30,2025-06-13T04:05:40+05:30,7988,Unoccupied,11240,"-37.806540716388625, 144.95389992266257"
2025-06-13T05:14:34+05:30,2025-06-13T04:05:08+05:30,7988,Unoccupied,11241,"-37.80659234841795, 144.95392365614023"
2025-06-26T08:14:34+05:30,2025-06-19T02:37:47+05:30,7611,Present,54545,"-37.81274010605225, 144.95954033700758"
2025-06-23T11:14:34+05:30,2025-02-28T09:59:29+05:30,7923,Present,10861,"-37.8061167292377, 144.95510711737495"
2025-06-23T11:14:34+05:30,2023-08-23T15:57:45+05:30,7922,Present,10877,"-37.80608612708157, 144.95499411601747"
2025-06-23T11:14:34+05:30,2025-02-06T19:45:23+05:30,7923,Unoccupied,10842,"-37.80674267787403, 144.9549952429489"
2025-06-23T11:14:34+05:30,2025-06-01T08:46:00+05:30,7923,Present,10862,"-37.80609244133468, 144.9551114583318"
2025-06-25T11:14:34+05:30,2025-06-25T09:42:22+05:30,,Unoccupied,61311,"-37.81800660511624, 144.96162588794874"
2025-06-25T11:14:34+05:30,2025-06-25T10:42:45+05:30,7431,Unoccupied,60958,"-37.8156566520518, 144.96982565810208"
2025-06-25T11:14:34+05:30,2025-06-25T10:39:30+05:30,7458,Present,61326,"-37.818161615805494, 144.96125547268196"
2025-06-26T08:14:34+05:30,2025-06-16T08:32:39+05:30,7610,Present,54535,"-37.812320463144786, 144.9594764871128"
2025-06-26T08:14:34+05:30,2025-06-16T09:17:22+05:30,7610,Present,54539,"-37.81220269747047, 144.95942279143043"
2025-06-23T11:14:34+05:30,2025-02-17T08:39:22+05:30,7923,Unoccupied,10849,"-37.80654207252063, 144.95503109682932"
2025-06-23T11:14:34+05:30,2025-06-01T08:26:52+05:30,7923,Present,10852,"-37.80644501974557, 144.95504844281027"
2025-06-23T11:14:34+05:30,2025-06-01T07:38:07+05:30,7923,Present,10857,"-37.806294598703644, 144.95507532699042"
2025-06-26T08:14:34+05:30,2025-06-16T05:31:40+05:30,7610,Present,54534,"-37.812343761941314, 144.9594871104785"
2025-07-07T07:14:34+05:30,2023-06-05T13:05:13+05:30,7924,Unoccupied,11126,"-37.806169736873, 144.95208450475894"
2025-07-07T07:14:34+05:30,2023-05-27T22:10:41+05:30,7924,Unoccupied,11127,"-37.80619292786605, 144.9520803419266"
2025-07-07T07:14:34+05:30,2025-07-01T07:44:26+05:30,7930,Present,9732,"-37.81056539924922, 144.9491283293653"
2025-05-16T09:14:34+05:30,2025-05-05T05:28:33+05:30,7377,Present,57742,"-37.82028732496598, 144.95571666821013"
2025-03-26T09:14:37+05:30,2025-03-26T09:12:16+05:30,7297,Unoccupied,18165,"-37.807931319428725, 144.97208400915315"
2024-12-11T10:14:36+05:30,2024-06-21T03:33:59+05:30,7018,Present,26281,"-37.802007044484625, 144.9623187882548"
2025-03-25T05:14:37+05:30,2025-03-12T07:53:53+05:30,,Unoccupied,17696,"-37.82077818648608, 144.94092655518352"
2025-06-04T05:14:34+05:30,2025-06-04T04:59:39+05:30,7986,Unoccupied,11138,"-37.80812111927413, 144.95462556149607"
2025-06-04T05:14:34+05:30,2025-06-04T04:50:00+05:30,7993,Present,11248,"-37.807315007041765, 144.95450470333054"
2025-06-13T05:14:34+05:30,2025-06-05T18:12:07+05:30,7985,Unoccupied,13136,"-37.808420037276484, 144.95292394150584"
2025-06-04T05:14:34+05:30,2025-06-03T17:11:18+05:30,7986,Unoccupied,11139,"-37.80833177468179, 144.95472159085543"
2025-06-04T05:14:34+05:30,2025-06-03T09:24:45+05:30,7993,Unoccupied,11254,"-37.8069790982382, 144.95435123673678"
2025-06-04T05:14:34+05:30,2025-06-03T16:19:44+05:30,7993,Unoccupied,11251,"-37.807476206526054, 144.9545784573843"
2025-06-13T05:14:34+05:30,2025-06-12T11:24:37+05:30,7988,Unoccupied,11244,"-37.806747245410634, 144.95399485501753"
2025-06-13T05:14:34+05:30,2025-06-13T05:07:59+05:30,7985,Present,13127,"-37.808202973827676, 144.95326759976007"
2025-06-26T08:14:34+05:30,2025-06-16T09:22:15+05:30,7610,Present,54538,"-37.81222589965874, 144.95943332598375"
2025-06-26T08:14:34+05:30,2025-06-16T09:13:03+05:30,7610,Present,54537,"-37.81227457355011, 144.95945563779804"
2025-05-08T11:14:34+05:30,2025-04-14T07:36:40+05:30,,Unoccupied,69960,"-37.822214777183106, 144.9537592878351"
2025-05-08T11:14:34+05:30,2025-04-14T08:13:24+05:30,7219,Present,69978,"-37.82254360357769, 144.95259033696777"
2025-05-08T11:14:34+05:30,2025-04-14T02:04:19+05:30,7219,Present,69966,"-37.82232102797104, 144.95335692206876"
2025-05-08T11:14:34+05:30,2025-04-14T02:12:05+05:30,,Present,69940,"-37.82247677293327, 144.9522590082511"
2025-01-22T09:14:37+05:30,2024-10-11T11:15:20+05:30,,Unoccupied,66035,"-37.810422676785635, 144.96470249302843"
2025-01-22T09:14:37+05:30,2024-10-11T10:27:59+05:30,7549,Unoccupied,66066,"-37.8102629212641, 144.9654357091361"
2025-01-22T09:14:37+05:30,2024-10-04T03:39:14+05:30,7549,Present,66064,"-37.81022373324706, 144.96556979001764"
2025-01-22T09:14:37+05:30,2024-10-02T04:19:02+05:30,7549,Present,66065,"-37.81024273165785, 144.96550478754781"
2025-05-08T11:14:34+05:30,2025-01-22T12:10:11+05:30,7218,Unoccupied,57942,"-37.8201668549864, 144.95453587450794"
2025-05-08T11:14:34+05:30,2025-04-14T01:49:54+05:30,,Present,69941,"-37.8224857872471, 144.95222778302724"
2025-01-21T09:12:37+05:30,2025-01-20T11:27:00+05:30,7053,Present,10280,"-37.79502666258857, 144.97240204442983"
2025-03-25T06:14:37+05:30,2025-03-25T06:00:51+05:30,7265,Present,17957,"-37.81037889742889, 144.97293892344447"
2024-12-11T10:14:36+05:30,2024-12-06T06:52:20+05:30,7018,Unoccupied,26280,"-37.80195349886469, 144.9623282461336"
2024-12-05T05:14:37+05:30,2024-11-28T07:30:16+05:30,7084,Present,8729,"-37.80220387416213, 144.9609413122746"
2025-01-21T09:12:37+05:30,2025-01-21T07:04:00+05:30,7053,Present,10285,"-37.79495360391401, 144.97173134630543"
2025-01-21T09:12:37+05:30,2025-01-19T06:19:13+05:30,7053,Present,24420,"-37.795050730658254, 144.97261487811386"
2025-01-21T09:12:37+05:30,2025-01-21T06:28:15+05:30,7049,Present,24422,"-37.79523903245119, 144.9726738449603"
2025-01-21T09:12:37+05:30,2025-01-13T07:15:56+05:30,7049,Unoccupied,24424,"-37.79519993412775, 144.97230879673006"
2025-01-22T09:14:37+05:30,2024-10-02T04:59:39+05:30,7549,Present,66014,"-37.810014876582414, 144.96609877407627"
2025-01-22T09:14:37+05:30,2024-05-03T09:44:25+05:30,,Unoccupied,22775,"-37.82338223087829, 144.9666817472417"
2025-01-22T09:14:37+05:30,2024-10-11T10:56:17+05:30,7549,Present,66068,"-37.81029947853821, 144.96531061970745"
2025-01-22T09:14:37+05:30,2024-10-02T04:43:53+05:30,7549,Unoccupied,66018,"-37.81009020944728, 144.9658421615201"
2025-06-04T05:14:34+05:30,2025-06-04T01:49:37+05:30,7986,Unoccupied,11137,"-37.80808044903779, 144.9546070339519"
2025-06-04T05:14:34+05:30,2023-04-19T17:44:14+05:30,7993,Unoccupied,11249,"-37.80737098495872, 144.9545303646516"
2025-05-08T11:14:34+05:30,2025-04-14T07:33:22+05:30,7218,Present,57941,"-37.820218307476466, 144.9545594873518"
2025-05-08T11:14:34+05:30,2023-10-26T06:43:49+05:30,,Unoccupied,5706,"-37.814205155104744, 144.95595242244616"
2025-01-10T08:14:36+05:30,2024-08-18T16:36:20+05:30,7392,Unoccupied,9380,"-37.80292699065639, 144.9581953326021"
2025-07-07T07:14:34+05:30,2025-07-01T07:44:04+05:30,7930,Present,9735,"-37.8104952625608, 144.94931263579855"
2025-07-07T07:14:34+05:30,2023-06-08T02:02:23+05:30,7924,Unoccupied,11114,"-37.80583792860436, 144.95214406985554"
2025-06-23T11:14:34+05:30,2025-02-07T04:12:19+05:30,7923,Present,10830,"-37.80709106905422, 144.95493314703407"
2025-06-23T11:14:34+05:30,2025-06-01T08:10:33+05:30,7923,Present,10846,"-37.80661752132907, 144.95501761173506"
2025-06-23T11:14:34+05:30,2025-02-28T09:24:26+05:30,7923,Unoccupied,10854,"-37.8063942128055, 144.9550575283506"
2025-01-21T09:12:37+05:30,2025-01-17T17:35:13+05:30,7049,Present,10293,"-37.795206472874796, 144.97236828462442"
2025-01-21T09:12:37+05:30,2025-01-21T04:36:56+05:30,7053,Present,24368,"-37.794905845458956, 144.9712873309125"
2025-01-21T09:12:37+05:30,2025-01-19T15:34:37+05:30,7053,Present,24421,"-37.795019908030056, 144.97234003956544"
2025-01-22T09:14:37+05:30,2024-10-02T04:58:58+05:30,7550,Present,66013,"-37.80999600439242, 144.96616377274182"
2025-01-22T09:14:37+05:30,2024-10-02T05:02:50+05:30,7550,Present,66076,"-37.810446242750956, 144.96480321905187"
2025-01-22T09:14:37+05:30,2024-10-11T11:12:42+05:30,7550,Unoccupied,66073,"-37.81038873358746, 144.96500475513582"
2025-01-22T09:14:37+05:30,2024-10-11T10:01:40+05:30,7539,Unoccupied,66221,"-37.811621249789724, 144.96068101888056"
2025-01-10T08:14:36+05:30,2024-08-21T09:43:39+05:30,7392,Unoccupied,9376,"-37.80313000809029, 144.95828911989497"
2025-06-13T05:14:34+05:30,2025-06-12T14:29:47+05:30,7993,Present,11255,"-37.806918073955885, 144.95432346621214"
2025-06-13T05:14:34+05:30,2025-06-12T14:17:04+05:30,7993,Unoccupied,11265,"-37.80634788124732, 144.95406351692662"
2025-06-13T05:14:34+05:30,2023-01-25T03:50:20+05:30,7985,Unoccupied,13134,"-37.808385439196314, 144.9530439152321"
2025-06-13T05:14:34+05:30,2025-06-11T09:41:48+05:30,7985,Unoccupied,13139,"-37.80850107660794, 144.95264293592746"
2025-06-25T11:14:34+05:30,2025-06-25T09:12:18+05:30,7458,Present,61325,"-37.81814488782854, 144.96131426331482"
2025-06-26T08:14:34+05:30,2025-06-16T08:28:58+05:30,7610,Present,54541,"-37.812155027723215, 144.95940103957327"
2025-06-23T11:14:34+05:30,2025-06-01T08:40:53+05:30,7923,Present,10863,"-37.80606703764444, 144.95511600488607"
2025-05-08T11:14:34+05:30,2025-04-14T08:31:40+05:30,7219,Present,69976,"-37.822507063095294, 144.95271680525497"
2025-05-08T11:14:34+05:30,2025-04-14T08:46:44+05:30,7223,Present,69962,"-37.82225614441157, 144.9535811474653"
2025-02-13T11:14:36+05:30,2025-01-29T06:15:04+05:30,,Present,56621,"-37.81992252758147, 144.95722988902253"
2025-02-13T11:14:36+05:30,2023-11-29T05:58:36+05:30,,Present,6933,"-37.82003698039656, 144.95728231924483"
2024-12-11T10:14:36+05:30,2024-12-06T07:12:44+05:30,7018,Unoccupied,26279,"-37.8018999528026, 144.96233770341735"
2025-06-23T11:14:34+05:30,2023-04-06T16:55:35+05:30,7922,Unoccupied,10805,"-37.806447841419846, 144.9551651491717"
2025-06-23T11:14:34+05:30,2025-02-06T14:12:31+05:30,7923,Present,10823,"-37.807290755044164, 144.95489727921043"
2025-06-23T11:14:34+05:30,2025-02-07T03:54:40+05:30,7923,Present,10825,"-37.80724102349936, 144.9549061751237"
2025-06-23T11:14:34+05:30,2025-06-01T07:51:05+05:30,7923,Present,10844,"-37.80666765941349, 144.95500864698357"
2025-06-13T05:14:34+05:30,2025-06-13T05:05:19+05:30,7985,Unoccupied,13126,"-37.80821973476136, 144.9532094793969"
2025-06-13T05:14:34+05:30,2025-06-12T23:49:54+05:30,7985,Present,13130,"-37.80829857232923, 144.95334514007016"
2025-06-13T05:14:34+05:30,2025-06-10T10:56:23+05:30,7993,Unoccupied,11267,"-37.80623687743869, 144.95401288592754"
2025-06-23T11:14:34+05:30,2025-02-17T08:29:43+05:30,7923,Unoccupied,10828,"-37.80714143037842, 144.95492406838113"
2025-06-23T11:14:34+05:30,2025-02-06T13:36:25+05:30,7922,Present,10865,"-37.80745123892148, 144.95475435086428"
2025-06-23T11:14:34+05:30,2025-02-07T03:46:37+05:30,7922,Unoccupied,10878,"-37.80639474328308, 144.95517460117145"
2025-01-22T09:14:37+05:30,2024-10-02T04:35:02+05:30,7549,Unoccupied,66023,"-37.81018704959345, 144.96550959640288"
2025-09-19T12:15:39+05:30,2024-03-31T10:27:08+05:30,,Present,10319,"-37.800825494583194, 144.96252249137837"
2025-09-19T12:15:39+05:30,2023-11-16T10:32:04+05:30,7014,Present,10322,"-37.801075280046305, 144.96247843591453"
2025-09-19T12:15:39+05:30,2023-11-16T09:35:33+05:30,7014,Present,10325,"-37.8012261364757, 144.9624526013939"
2025-09-19T12:15:39+05:30,2024-03-26T17:15:29+05:30,,Unoccupied,10317,"-37.8007215077786, 144.9625403497746"
2025-09-19T12:15:39+05:30,2024-03-31T09:03:12+05:30,,Present,10318,"-37.80077191142425, 144.962531694954"
2025-09-19T12:15:39+05:30,2023-11-14T06:38:17+05:30,,Present,10321,"-37.801027517001785, 144.96248660354314"
2025-09-19T12:15:39+05:30,2023-11-16T09:56:56+05:30,7014,Present,10323,"-37.80112349436077, 144.96247019570654"
2025-09-19T12:15:39+05:30,2023-11-16T04:02:31+05:30,7014,Present,10324,"-37.80117213148173, 144.96246186340989"
2025-10-18T04:17:39+05:30,2025-10-18T01:07:31+05:30,,Present,61137,"-37.81675514971775, 144.9660867513672"
2025-10-18T04:17:39+05:30,2025-10-18T02:42:45+05:30,,Unoccupied,50661,"-37.80918881786499, 144.97191773220703"
2025-10-18T04:17:39+05:30,2025-10-18T03:33:34+05:30,7649,Unoccupied,50664,"-37.809037522981974, 144.97184785392136"
2025-10-18T04:17:39+05:30,2025-10-17T16:24:20+05:30,7649,Unoccupied,50667,"-37.808886411089446, 144.97177809276388"
2025-10-18T04:17:39+05:30,2025-10-18T03:22:11+05:30,7649,Unoccupied,50638,"-37.80873103783026, 144.9718318695339"
2025-10-18T04:17:39+05:30,2025-10-17T17:00:41+05:30,7649,Unoccupied,50635,"-37.80880200217635, 144.97186447735396"
2025-10-18T04:17:39+05:30,2025-10-18T02:59:07+05:30,7649,Unoccupied,50641,"-37.80863676590235, 144.97178858752375"
2025-10-18T04:17:39+05:30,2025-10-17T18:29:28+05:30,7649,Unoccupied,50645,"-37.80854402111967, 144.97174607257597"
2025-10-18T04:17:39+05:30,2025-10-18T02:07:29+05:30,7558,Present,65182,"-37.810468180173274, 144.96879411251172"
2025-10-18T04:17:39+05:30,2025-10-18T03:59:19+05:30,7556,Present,65168,"-37.81065243137996, 144.96782988802386"
2025-10-18T04:17:39+05:30,2025-10-18T04:08:18+05:30,7556,Present,65167,"-37.810643554488905, 144.96786024613817"
2025-10-18T04:17:39+05:30,2025-10-18T03:11:52+05:30,7556,Present,65163,"-37.810585009767664, 144.96805719749062"
2025-10-18T04:17:39+05:30,2025-10-18T04:13:35+05:30,7556,Present,65158,"-37.81054311127097, 144.9682004446135"
2025-10-18T04:17:39+05:30,2025-10-17T22:54:42+05:30,7556,Unoccupied,65134,"-37.810298271624305, 144.96903463838794"
2025-10-18T04:17:39+05:30,2025-10-18T03:36:09+05:30,7556,Unoccupied,65131,"-37.81027225794166, 144.96912396834176"
2025-10-18T04:17:39+05:30,2025-06-02T12:07:51+05:30,7768,Unoccupied,65522,"-37.81333638334371, 144.95830036989398"
2025-10-18T04:17:39+05:30,2025-06-02T10:12:22+05:30,7768,Present,65520,"-37.81329898066727, 144.95842831589596"
2025-10-18T04:17:39+05:30,2025-06-02T11:12:53+05:30,7768,Unoccupied,65514,"-37.81310895819109, 144.9590802847536"
2025-10-18T04:17:39+05:30,2025-06-02T12:52:05+05:30,7768,Unoccupied,65513,"-37.81308979699219, 144.95914599008512"
2025-10-18T04:17:39+05:30,2025-06-02T14:33:15+05:30,7768,Present,65512,"-37.8130652946148, 144.95923177270038"
2025-10-18T04:17:39+05:30,2025-06-02T14:32:47+05:30,7767,Unoccupied,65510,"-37.81302718644266, 144.95936110148733"
2025-10-18T04:17:39+05:30,2025-06-02T13:00:54+05:30,7566,Unoccupied,65570,"-37.813517379359894, 144.95802880213256"
2025-10-18T04:17:39+05:30,2025-06-02T13:13:16+05:30,7566,Unoccupied,65569,"-37.81350864172105, 144.95805871741527"
2025-10-18T04:17:39+05:30,2025-06-02T11:37:47+05:30,7566,Unoccupied,65566,"-37.81348273202524, 144.95814742513443"
2025-10-18T04:17:39+05:30,2025-06-02T13:27:55+05:30,7566,Unoccupied,65564,"-37.81346533795393, 144.95820697965536"
2025-10-18T04:17:39+05:30,2025-06-02T12:01:54+05:30,7566,Unoccupied,65562,"-37.813447522749726, 144.9582679741734"
2025-10-18T04:17:39+05:30,2025-06-02T12:22:00+05:30,7566,Unoccupied,65558,"-37.81341256173804, 144.95838767338887"
2025-10-18T04:17:39+05:30,2025-06-02T13:58:06+05:30,7566,Unoccupied,65553,"-37.81334840559413, 144.95860802442525"
2025-10-18T04:17:39+05:30,2025-06-02T12:25:34+05:30,7566,Unoccupied,65550,"-37.813320247143366, 144.9587044311516"
2025-10-18T04:17:39+05:30,2025-06-02T14:24:27+05:30,7566,Present,65549,"-37.813311556984594, 144.95873418423957"
2025-10-18T04:17:39+05:30,2025-06-02T14:17:42+05:30,7566,Unoccupied,65548,"-37.81330288381933, 144.95876387835244"
2025-10-18T04:17:39+05:30,2025-06-02T14:56:18+05:30,7566,Present,65547,"-37.81329424297533, 144.9587934619512"
2025-10-18T04:17:39+05:30,2025-06-02T13:53:35+05:30,7566,Present,65543,"-37.81324046414947, 144.95897758460092"
2025-10-18T04:17:39+05:30,2025-06-02T15:02:50+05:30,7566,Present,65542,"-37.81323171223683, 144.9590075483389"
2025-10-18T04:17:39+05:30,2025-06-02T14:45:23+05:30,7566,Present,65536,"-37.81317933967216, 144.95918685368446"
2025-10-18T04:17:39+05:30,2025-06-02T14:20:44+05:30,7566,Present,65535,"-37.813170587704754, 144.95921681680875"
2025-10-18T04:17:39+05:30,2025-06-02T14:36:54+05:30,7566,Present,65532,"-37.813144333027964, 144.95930670384632"
2025-10-18T04:17:39+05:30,2025-06-02T13:03:42+05:30,7566,Present,65529,"-37.813101635744424, 144.95945362744533"
2025-10-18T04:17:39+05:30,2025-10-17T23:56:45+05:30,7498,Unoccupied,67324,"-37.81212183561699, 144.95488565262986"
2025-10-18T04:17:39+05:30,2025-10-18T04:01:34+05:30,7498,Unoccupied,67331,"-37.81224916076433, 144.9544364035221"
2025-10-18T04:17:39+05:30,2024-12-23T09:20:47+05:30,7552,Unoccupied,66459,"-37.81337774058336, 144.9547207103931"
2025-10-18T04:17:39+05:30,2025-10-18T03:28:57+05:30,7552,Unoccupied,66458,"-37.81335985566005, 144.95478192988605"
2025-10-18T04:17:39+05:30,2025-10-14T08:28:58+05:30,7547,Present,66457,"-37.81334131863632, 144.95484532479395"
2025-10-18T04:17:39+05:30,2025-10-17T21:37:05+05:30,7547,Unoccupied,66454,"-37.81326272176674, 144.955118941283"
2025-10-18T04:17:39+05:30,2025-10-18T03:26:07+05:30,7547,Unoccupied,66432,"-37.813343494316825, 144.95465973198603"
2025-10-18T04:17:39+05:30,2025-10-18T03:20:55+05:30,7948,Present,67435,"-37.81265649519399, 144.95349866861588"
2025-10-18T04:17:39+05:30,2025-10-17T17:28:01+05:30,7612,Unoccupied,54416,"-37.81354274368513, 144.96015603675647"
2025-10-18T04:17:39+05:30,2025-10-17T14:26:23+05:30,7438,Present,60736,"-37.820768853208214, 144.9565177418101"
2025-10-18T04:17:39+05:30,2025-10-18T01:48:25+05:30,7438,Unoccupied,60733,"-37.820641488195506, 144.9569432240824"
2025-10-18T04:17:39+05:30,2025-10-18T03:13:38+05:30,7638,Present,51936,"-37.81325032534858, 144.9683033907497"
2025-10-18T04:17:39+05:30,2025-10-18T03:27:13+05:30,7638,Present,51937,"-37.81322788639255, 144.96829312030158"
2025-10-18T04:17:39+05:30,2025-10-18T03:15:46+05:30,7638,Present,51938,"-37.81320477024501, 144.96828258253169"
2025-10-18T04:17:39+05:30,2025-10-18T03:56:13+05:30,7638,Present,51922,"-37.813645541093216, 144.96848423441904"
2025-10-18T04:17:39+05:30,2025-10-18T02:48:42+05:30,7638,Present,51923,"-37.81362355924437, 144.96847414382043"
2025-10-18T04:17:39+05:30,2025-10-18T04:02:17+05:30,7638,Present,51925,"-37.81355383064921, 144.96844271755066"
2025-10-18T04:17:39+05:30,2025-10-18T03:57:40+05:30,7638,Present,51927,"-37.81350740460786, 144.96842159734933"
2025-10-18T04:17:39+05:30,2025-10-18T02:39:24+05:30,7557,Unoccupied,65210,"-37.81086842243505, 144.96676138730086"
2025-10-18T04:17:39+05:30,2025-10-18T03:35:38+05:30,7557,Unoccupied,65213,"-37.81092948294076, 144.96655417860907"
2025-10-18T04:17:39+05:30,2025-10-18T03:57:23+05:30,,Unoccupied,65245,"-37.81116977716893, 144.9663764898553"
2025-10-18T04:17:39+05:30,2025-10-18T01:15:52+05:30,7561,Unoccupied,65835,"-37.80893402031106, 144.96980158069755"
2025-10-18T04:17:39+05:30,2025-10-18T03:46:42+05:30,7563,Present,65837,"-37.80897111670238, 144.96967358921987"
2025-10-18T04:17:39+05:30,2025-10-17T16:51:38+05:30,7563,Unoccupied,65838,"-37.808989664207985, 144.9696095894605"
2025-10-18T04:17:39+05:30,2025-10-17T19:20:45+05:30,7563,Unoccupied,65839,"-37.8090085191715, 144.96954458956648"
2025-10-18T04:17:39+05:30,2025-10-18T03:56:13+05:30,7548,Unoccupied,65851,"-37.8087471415161, 144.97061560119926"
2025-10-18T04:17:39+05:30,2025-10-17T17:07:55+05:30,7548,Unoccupied,65852,"-37.808765652381865, 144.9705516877205"
2025-10-18T04:17:39+05:30,2025-10-17T16:12:59+05:30,7548,Unoccupied,65853,"-37.80878448812302, 144.97048656633723"
2025-10-18T04:17:39+05:30,2025-10-18T03:15:16+05:30,7561,Present,65822,"-37.80867133402634, 144.9707064334778"
2025-10-18T04:17:39+05:30,2025-10-18T03:39:10+05:30,7561,Unoccupied,65823,"-37.808688713900466, 144.97064683077053"
2025-10-18T04:17:39+05:30,2025-10-18T03:05:23+05:30,,Unoccupied,65022,"-37.809698394571, 144.97074942112323"
2025-10-18T04:17:39+05:30,2025-10-18T03:08:48+05:30,7570,Unoccupied,65073,"-37.8099915247975, 144.9700817056739"
2025-10-18T04:17:39+05:30,2025-10-17T16:50:22+05:30,7570,Present,65072,"-37.80998399961277, 144.97010747421155"
2025-10-18T04:17:39+05:30,2025-10-18T04:01:41+05:30,7570,Unoccupied,65071,"-37.80996543973677, 144.97017083409781"
2025-10-18T04:17:39+05:30,2025-10-18T03:31:26+05:30,7570,Present,65067,"-37.80992492778876, 144.9703092236904"
2025-10-18T04:17:39+05:30,2025-10-18T04:05:49+05:30,7572,Unoccupied,65098,"-37.81006651045614, 144.97016789080607"
2025-10-18T04:17:39+05:30,2025-10-18T03:02:52+05:30,7572,Present,65087,"-37.809811799125995, 144.97103987130538"
2025-10-18T04:17:39+05:30,2025-10-18T03:45:26+05:30,7762,Unoccupied,65093,"-37.80994954406519, 144.97056706681252"
2025-10-18T04:17:39+05:30,2025-10-18T04:13:05+05:30,7570,Present,65061,"-37.80983613304747, 144.97061254265424"
2025-10-18T04:17:39+05:30,2025-10-18T03:34:05+05:30,7570,Unoccupied,65056,"-37.80978257026817, 144.97079623261197"
2025-10-18T04:17:39+05:30,2025-10-17T18:06:07+05:30,7570,Present,65052,"-37.80972376415039, 144.97099638310678"
2025-10-18T04:17:39+05:30,2025-10-18T04:09:45+05:30,7570,Present,65051,"-37.80968431334239, 144.9711311431266"
2025-10-18T04:17:39+05:30,2025-10-18T00:56:36+05:30,7570,Unoccupied,65044,"-37.80961790613839, 144.97135797972985"
2025-10-18T04:17:39+05:30,2025-10-18T04:03:16+05:30,7570,Unoccupied,65039,"-37.809558543884236, 144.97156074978867"
2025-10-18T04:17:39+05:30,2025-10-18T04:15:44+05:30,7639,Unoccupied,52232,"-37.8101876339628, 144.96690220578893"
2025-10-18T04:17:39+05:30,2025-10-17T22:18:45+05:30,7639,Unoccupied,52231,"-37.81021089093612, 144.9669129755109"
2025-10-18T04:17:39+05:30,2025-10-17T20:13:58+05:30,7639,Unoccupied,52223,"-37.8103941257034, 144.96699783693825"
2025-10-18T04:17:39+05:30,2025-10-17T18:26:24+05:30,7614,Present,54634,"-37.811582207875794, 144.95914220671528"
2025-10-18T04:17:39+05:30,2025-10-18T03:00:07+05:30,7614,Present,54631,"-37.811676681158545, 144.9591853849827"
2025-10-18T04:17:39+05:30,2025-10-18T03:37:14+05:30,7614,Present,54629,"-37.811723924153966, 144.95920697367882"
2025-10-18T04:17:39+05:30,2025-10-16T21:18:30+05:30,7614,Present,54628,"-37.81174679330102, 144.9592174258368"
2025-10-18T04:17:39+05:30,2025-10-18T03:57:49+05:30,7614,Present,54627,"-37.81176902703331, 144.9592275876551"
2025-10-18T04:17:39+05:30,2025-10-18T03:24:06+05:30,7365,Present,62317,"-37.81784301093078, 144.9581499820841"
2025-10-18T04:17:39+05:30,2025-10-17T18:36:30+05:30,7362,Present,62315,"-37.81780450336542, 144.95828438269166"
2025-10-18T04:17:39+05:30,2024-12-23T17:25:31+05:30,7344,Unoccupied,62246,"-37.817334516747486, 144.96048215380262"
2025-10-18T04:17:39+05:30,2025-10-18T04:15:14+05:30,,Unoccupied,62244,"-37.817298204837954, 144.9606094090057"
2025-10-18T04:17:39+05:30,2025-10-18T04:15:45+05:30,,Unoccupied,62243,"-37.81727844911076, 144.96067754707826"
2025-10-18T04:17:39+05:30,2025-10-18T03:12:03+05:30,7355,Present,62242,"-37.81725853501433, 144.9607456594689"
2025-10-18T04:17:39+05:30,2025-03-18T17:57:54+05:30,7355,Present,62239,"-37.81719937385757, 144.96094976997966"
2025-10-18T04:17:39+05:30,2025-10-17T23:23:01+05:30,7344,Unoccupied,62235,"-37.81712214094766, 144.96121930871175"
2025-10-18T04:17:39+05:30,2025-10-18T04:13:28+05:30,,Unoccupied,62210,"-37.81701192932516, 144.96103715975846"
2025-10-18T04:17:39+05:30,2025-10-18T04:12:27+05:30,7366,Unoccupied,61737,"-37.81382164650383, 144.97251252259366"
2025-10-18T04:17:39+05:30,2025-10-18T04:14:32+05:30,7360,Unoccupied,61718,"-37.813747716292895, 144.97221188360052"
2025-10-18T04:17:39+05:30,2025-10-18T04:13:53+05:30,7366,Unoccupied,61710,"-37.81358460771658, 144.97276665909857"
2025-10-18T04:17:39+05:30,2025-10-18T02:49:53+05:30,7359,Present,61912,"-37.8148583618696, 144.96842999036193"
2025-10-18T04:17:39+05:30,2025-10-18T02:57:41+05:30,7359,Present,61915,"-37.81491466165707, 144.96823782973135"
2025-10-18T04:17:39+05:30,2025-10-18T02:07:01+05:30,7359,Present,61922,"-37.81504586009345, 144.96779000312512"
2025-10-18T04:17:39+05:30,2025-10-18T02:25:21+05:30,7359,Present,61924,"-37.81508331085854, 144.9676622616073"
2025-10-18T04:17:39+05:30,2025-10-18T00:12:00+05:30,7356,Present,61931,"-37.81522806872016, 144.9671703298716"
2025-10-18T04:17:39+05:30,2025-10-18T03:27:36+05:30,7359,Present,61943,"-37.814987607190886, 144.9685434667755"
2025-10-18T04:17:39+05:30,2025-10-18T01:16:15+05:30,7356,Present,61952,"-37.815166479569896, 144.96793309081687"
2025-10-18T04:17:39+05:30,2025-10-18T03:49:21+05:30,7359,Present,61950,"-37.815128610767, 144.96806244045393"
2025-10-18T04:17:39+05:30,2025-10-18T04:05:51+05:30,7354,Present,62416,"-37.81853717941904, 144.95573016418047"
2025-10-18T04:17:39+05:30,2025-10-18T03:27:19+05:30,7334,Present,63539,"-37.8122473661557, 144.9702796616983"
2025-10-18T04:17:39+05:30,2025-10-18T01:32:50+05:30,7340,Unoccupied,64041,"-37.81602703957237, 144.95727462615082"
2025-10-18T04:17:39+05:30,2024-02-09T05:19:12+05:30,,Present,6548,"-37.80765270225542, 144.9661411358623"
2025-10-18T04:17:39+05:30,2025-10-18T04:07:49+05:30,7626,Present,52011,"-37.812458103956, 144.96806321950226"
2025-10-18T04:17:39+05:30,2025-10-18T03:43:44+05:30,,Present,52018,"-37.811950188615235, 144.96783344299544"
2025-10-18T04:17:39+05:30,2025-10-18T03:28:02+05:30,7627,Present,52318,"-37.80922706022584, 144.96658484190925"
2025-10-18T04:17:39+05:30,2025-10-18T04:01:53+05:30,7648,Unoccupied,50018,"-37.81452914354371, 144.97462955185944"
2025-10-18T04:17:39+05:30,2025-04-15T17:48:39+05:30,7648,Unoccupied,50015,"-37.81469213907302, 144.97470510774372"
2025-10-18T04:17:39+05:30,2025-10-18T01:18:39+05:30,7659,Present,50126,"-37.81393430955272, 144.9741384033004"
2025-10-18T04:17:39+05:30,2025-10-17T19:58:17+05:30,7647,Unoccupied,50524,"-37.80975208464211, 144.97217500552478"
2025-10-18T04:17:39+05:30,2025-10-18T04:12:30+05:30,7379,Present,53225,"-37.81283245261398, 144.9624057011988"
2025-10-18T04:17:39+05:30,2025-10-18T04:06:38+05:30,7379,Present,53224,"-37.81288318547357, 144.96242908195768"
2025-10-18T04:17:39+05:30,2025-10-18T04:15:33+05:30,7389,Present,53214,"-37.81269869482525, 144.96255296030284"
2025-10-18T04:17:39+05:30,2025-10-17T23:00:39+05:30,7474,Unoccupied,56715,"-37.818854986469205, 144.956985175657"
2025-10-18T04:17:39+05:30,2025-10-18T04:06:32+05:30,7474,Unoccupied,56722,"-37.8192216250759, 144.95690531385517"
2025-10-18T04:17:39+05:30,2025-10-16T08:28:34+05:30,7485,Unoccupied,56912,"-37.81697789237569, 144.95612358725003"
2025-10-18T04:17:39+05:30,2025-10-17T23:58:44+05:30,7485,Unoccupied,56910,"-37.81707745376239, 144.956168806464"
2025-10-18T04:17:39+05:30,2024-06-27T11:10:55+05:30,7485,Unoccupied,56927,"-37.81684693601877, 144.95581472950056"
2025-10-18T04:17:39+05:30,2025-10-18T04:01:34+05:30,7485,Unoccupied,56928,"-37.81679658224592, 144.9557915530827"
2025-10-18T04:17:39+05:30,2025-10-18T04:08:29+05:30,7478,Unoccupied,56614,"-37.81978441503779, 144.9574143505606"
2025-10-18T04:17:39+05:30,2025-10-18T04:12:36+05:30,7479,Unoccupied,56618,"-37.81954857202497, 144.95730605648407"
2025-10-18T04:17:39+05:30,2025-10-18T02:59:08+05:30,7488,Present,56825,"-37.818020906310394, 144.9563521332263"
2025-10-18T04:17:39+05:30,2025-10-18T03:25:44+05:30,7488,Present,56824,"-37.81806760005445, 144.95637301784328"
2025-10-18T04:17:39+05:30,2025-10-18T01:26:58+05:30,7576,Unoccupied,57319,"-37.8127273292411, 144.95416523391526"
2025-10-18T04:17:39+05:30,2025-10-18T04:15:24+05:30,7624,Present,57317,"-37.8128316126089, 144.95421383234896"
2025-10-18T04:17:39+05:30,2025-10-18T02:55:07+05:30,7624,Unoccupied,57311,"-37.813135120137346, 144.9543550292893"
2025-10-18T04:17:39+05:30,2025-10-18T04:13:30+05:30,7624,Unoccupied,57310,"-37.81318241643244, 144.95437718209934"
2025-10-18T04:17:39+05:30,2025-10-18T00:29:33+05:30,7576,Unoccupied,57329,"-37.81285802612559, 144.95397486293464"
2025-10-18T04:17:39+05:30,2025-10-18T03:44:27+05:30,7621,Present,57228,"-37.81384932123389, 144.95443349398442"
2025-10-18T04:17:39+05:30,2025-10-18T01:43:06+05:30,7621,Unoccupied,57215,"-37.813811150462705, 144.95466936048354"
2025-10-18T04:17:39+05:30,2025-10-18T03:06:01+05:30,7621,Unoccupied,57218,"-37.81365927015733, 144.95459882213538"
2025-10-18T04:17:39+05:30,2025-10-18T03:54:31+05:30,7621,Unoccupied,57220,"-37.81355986032554, 144.95455297802664"
2025-10-18T04:17:39+05:30,2025-10-17T10:47:36+05:30,7406,Present,51441,"-37.808597595193646, 144.96897073263065"
2025-10-18T04:17:39+05:30,2025-10-17T11:05:09+05:30,7406,Unoccupied,51432,"-37.80889488585683, 144.96910747342076"
2025-10-18T04:17:39+05:30,2025-10-17T17:08:46+05:30,7418,Unoccupied,61626,"-37.81982702192029, 144.95541099028247"
2025-10-18T04:17:39+05:30,2025-10-18T04:00:07+05:30,7418,Unoccupied,61625,"-37.81981045436291, 144.95546985526124"
2025-10-18T04:17:39+05:30,2025-10-18T03:25:14+05:30,7416,Present,61245,"-37.817666111265154, 144.9629407575873"
2025-10-18T04:17:39+05:30,2025-10-17T16:09:26+05:30,7458,Unoccupied,61320,"-37.8180129004001, 144.96177409706755"
2025-10-18T04:17:39+05:30,2025-10-18T04:10:25+05:30,,Present,60821,"-37.81463432710466, 144.97312534133457"
2025-10-18T04:17:39+05:30,2025-10-18T04:00:11+05:30,7434,Unoccupied,60437,"-37.81867159918419, 144.96361337707268"
2025-10-18T04:17:39+05:30,2025-10-18T00:36:36+05:30,7434,Unoccupied,60436,"-37.81865302273701, 144.96367748730736"
2025-10-18T04:17:39+05:30,2025-10-18T04:16:27+05:30,7436,Unoccupied,60133,"-37.81628062406019, 144.97178578493475"
2025-10-18T04:17:39+05:30,2025-10-18T04:10:41+05:30,7436,Present,60134,"-37.816299678207656, 144.97172201927918"
2025-10-18T04:17:39+05:30,2025-10-18T03:04:57+05:30,7436,Unoccupied,60136,"-37.81633778637632, 144.97159447871752"
2025-10-18T04:17:39+05:30,2025-10-18T03:02:12+05:30,7705,Present,55317,"-37.811058034453524, 144.95744272907837"
2025-10-18T04:17:39+05:30,2025-10-18T04:10:45+05:30,7705,Unoccupied,55316,"-37.81111058901165, 144.9574669364946"
2025-10-18T04:17:39+05:30,2025-10-17T14:19:26+05:30,7705,Present,55315,"-37.811133103344815, 144.95747725078772"
2025-10-18T04:17:39+05:30,2025-10-17T18:21:24+05:30,7705,Present,55314,"-37.81115537146814, 144.95748749120327"
2025-10-18T04:17:39+05:30,2025-10-18T02:49:41+05:30,7542,Unoccupied,66333,"-37.812587931836994, 144.957306255361"
2025-10-18T04:17:39+05:30,2025-10-17T17:58:35+05:30,7542,Unoccupied,66332,"-37.81256887060002, 144.95737195796855"
2025-10-18T04:17:39+05:30,2024-04-04T20:04:05+05:30,7537,Unoccupied,63353,"-37.81784719018296, 144.9546668200337"
2025-10-18T04:17:39+05:30,2024-04-04T21:15:27+05:30,7506,Unoccupied,63359,"-37.81796339879945, 144.9542623065159"
2025-10-18T04:17:39+05:30,2025-10-18T03:36:10+05:30,,Present,63361,"-37.81800020752271, 144.9541341621802"
2025-10-18T04:17:39+05:30,2025-10-18T03:47:07+05:30,7537,Unoccupied,63315,"-37.81757659693908, 144.9553194889391"
2025-10-18T04:17:39+05:30,2025-10-17T21:59:21+05:30,7537,Unoccupied,63316,"-37.81759365761293, 144.9552596352234"
2025-10-18T04:17:39+05:30,2024-04-04T04:50:42+05:30,7506,Present,63328,"-37.817819867448804, 144.9544594584814"
2025-10-18T04:17:39+05:30,2025-10-18T04:14:37+05:30,7331,Present,53816,"-37.81813881692696, 144.96278077148582"
2025-10-18T04:17:39+05:30,2025-10-18T02:18:09+05:30,7608,Present,54245,"-37.81580552679101, 144.9609445799225"
2025-10-18T04:17:39+05:30,2024-03-31T06:15:41+05:30,7938,Unoccupied,23820,"-37.81159624830087, 144.95253676839363"
2025-10-18T04:17:39+05:30,2024-01-12T02:46:57+05:30,7938,Unoccupied,23818,"-37.811560711178714, 144.95266258350728"
2025-10-18T04:17:39+05:30,2023-11-01T11:36:24+05:30,7089,Present,16746,"-37.80285502474163, 144.96687098883416"
2025-10-18T04:17:39+05:30,2023-11-01T13:33:55+05:30,,Present,16751,"-37.80301651986615, 144.9674918974476"
2025-10-18T04:17:39+05:30,2024-10-11T04:23:01+05:30,7010,Present,8890,"-37.80483438857518, 144.95988325071232"
2025-10-18T04:17:39+05:30,2024-10-11T03:24:36+05:30,7010,Present,8901,"-37.805040594246165, 144.9598249788204"
2025-10-18T04:17:39+05:30,2025-10-18T04:10:50+05:30,7733,Unoccupied,9576,"-37.80452046129158, 144.94946032867392"
2025-10-18T04:17:39+05:30,2025-10-18T01:38:59+05:30,7725,Present,9589,"-37.803684670588936, 144.94960779284747"
2025-10-18T04:17:39+05:30,2025-10-18T02:45:00+05:30,7725,Present,9599,"-37.804653929416006, 144.94924754974852"
2025-10-18T04:17:39+05:30,2025-10-18T04:15:27+05:30,7725,Present,9603,"-37.80440418481487, 144.94928979685488"
2025-10-18T04:17:39+05:30,2025-10-06T10:58:11+05:30,7725,Present,9607,"-37.80366437740204, 144.94942015108126"
2025-10-18T04:17:39+05:30,2025-10-18T03:41:50+05:30,7753,Present,9617,"-37.80498763699151, 144.948753723206"
2025-10-18T04:17:39+05:30,2025-10-17T19:34:06+05:30,7753,Unoccupied,9624,"-37.80496880297507, 144.9485850569049"
2025-10-18T04:17:39+05:30,2025-10-17T19:53:24+05:30,7753,Unoccupied,9626,"-37.804961001384484, 144.94851534910026"
2025-10-18T04:17:39+05:30,2025-10-17T20:51:17+05:30,7753,Unoccupied,9627,"-37.804957821300455, 144.94848724174722"
2025-10-18T04:17:39+05:30,2024-06-27T14:14:27+05:30,7753,Unoccupied,9632,"-37.80509422812224, 144.94877284569418"
2025-10-18T04:17:39+05:30,2024-06-27T11:59:59+05:30,7753,Unoccupied,9633,"-37.80509110335517, 144.94874473264417"
2025-10-18T04:17:39+05:30,2024-06-27T11:49:58+05:30,7753,Unoccupied,9640,"-37.80505653600164, 144.94843582479643"
2025-10-18T04:17:39+05:30,2025-10-17T19:29:24+05:30,7939,Unoccupied,57645,"-37.8098906355965, 144.9525865367229"
2025-10-18T04:17:39+05:30,2025-10-17T14:30:30+05:30,7939,Unoccupied,57640,"-37.81014123833853, 144.95271508397371"
2025-10-18T04:17:39+05:30,2025-06-01T09:07:41+05:30,7752,Unoccupied,10667,"-37.80584440231725, 144.9548204612559"
2025-10-18T04:17:39+05:30,2025-06-27T09:44:56+05:30,7752,Present,10672,"-37.80580572269983, 144.954477568818"
2025-10-18T04:17:39+05:30,2025-07-07T08:43:05+05:30,7752,Present,10706,"-37.805621568629306, 144.95449038731738"
2025-10-18T04:17:39+05:30,2025-10-18T04:14:45+05:30,7739,Present,10711,"-37.80346909216924, 144.9511742480658"
2025-10-18T04:17:39+05:30,2025-10-17T16:20:51+05:30,7739,Present,10712,"-37.803804528056936, 144.95111484451357"
2025-10-18T04:17:39+05:30,2025-10-18T04:14:46+05:30,7739,Present,10714,"-37.80351432211624, 144.951166201685"
2025-10-18T04:17:39+05:30,2025-10-18T04:02:04+05:30,7739,Present,10718,"-37.804111742907224, 144.95106053645864"
2025-10-18T04:17:39+05:30,2025-10-18T01:51:29+05:30,7739,Present,10723,"-37.80440066601682, 144.95100936574437"
2025-10-18T04:17:39+05:30,2025-10-18T03:48:22+05:30,7739,Unoccupied,10725,"-37.80450778218278, 144.95099046664828"
2025-10-18T04:17:39+05:30,2025-10-18T03:24:15+05:30,7739,Present,10727,"-37.80461509913868, 144.95097154625108"
2025-10-18T04:17:39+05:30,2025-10-18T03:17:39+05:30,7740,Present,10743,"-37.80374279657992, 144.95089124300307"
2025-10-18T04:17:39+05:30,2025-10-17T16:54:30+05:30,7981,Unoccupied,10884,"-37.80542611281458, 144.95039900717978"
2025-10-18T04:17:39+05:30,2025-10-17T16:26:16+05:30,7981,Unoccupied,10887,"-37.805435429603435, 144.9504805769861"
2025-10-18T04:17:39+05:30,2025-10-17T18:03:07+05:30,7981,Unoccupied,10890,"-37.805507523927716, 144.95024587270197"
2025-10-18T04:17:39+05:30,2025-10-17T17:23:08+05:30,7981,Unoccupied,10894,"-37.80552005125439, 144.95035466483046"
2025-10-18T04:17:39+05:30,2025-10-17T18:31:55+05:30,7981,Unoccupied,10895,"-37.80552313143593, 144.95038185059332"
2025-10-18T04:17:39+05:30,2025-10-17T16:24:29+05:30,7981,Unoccupied,10899,"-37.80553509684604, 144.95049080761544"
2025-10-18T04:17:39+05:30,2025-10-17T15:24:52+05:30,7981,Unoccupied,10900,"-37.80540466872164, 144.9501229767851"
2025-10-18T04:17:39+05:30,2025-10-17T17:52:32+05:30,7981,Unoccupied,10901,"-37.8054266053832, 144.95011936846646"
2025-10-18T04:17:39+05:30,2025-10-17T17:30:23+05:30,7981,Unoccupied,10902,"-37.805448096343866, 144.95011583042907"
2025-10-18T04:17:39+05:30,2025-10-17T17:32:40+05:30,7981,Unoccupied,10907,"-37.80555870475668, 144.95009770155596"
2025-10-18T04:17:39+05:30,2025-10-18T00:45:05+05:30,7748,Unoccupied,11482,"-37.80314610562938, 144.95046851381073"
2025-10-18T04:17:39+05:30,2025-10-17T16:26:54+05:30,7748,Unoccupied,11485,"-37.80315648178227, 144.95056431215517"
2025-10-18T04:17:39+05:30,2025-10-18T04:01:34+05:30,7748,Unoccupied,11490,"-37.80317773907011, 144.95075600523893"
2025-10-18T04:17:39+05:30,2025-10-18T02:39:23+05:30,7534,Present,63245,"-37.81708546644565, 144.957246417828"
2025-10-18T04:17:39+05:30,2025-10-18T04:03:55+05:30,7532,Unoccupied,63242,"-37.81700299746663, 144.9575395867738"
2025-10-18T04:17:39+05:30,2025-10-18T03:56:34+05:30,7534,Unoccupied,63237,"-37.81691313922765, 144.95785408681016"
2025-10-18T04:17:39+05:30,2025-10-18T03:47:36+05:30,7532,Present,63241,"-37.81698561653002, 144.9576001542189"
2025-10-18T04:17:39+05:30,2025-10-18T04:13:40+05:30,7532,Unoccupied,63239,"-37.81694890635765, 144.95772898544482"
2025-10-18T04:17:39+05:30,2025-10-18T04:05:44+05:30,7532,Present,63214,"-37.816759786443036, 144.95806288472357"
2025-10-18T04:17:39+05:30,2025-10-18T00:11:18+05:30,7532,Unoccupied,63213,"-37.81674118682413, 144.95812807807323"
2025-10-18T04:17:39+05:30,2025-10-17T19:51:48+05:30,7532,Unoccupied,63211,"-37.816703992099264, 144.95825846752902"
2025-10-18T04:17:39+05:30,2024-05-21T17:58:11+05:30,7726,Present,11794,"-37.80045916983484, 144.95570753474138"
2025-10-18T04:17:39+05:30,2025-10-18T00:39:25+05:30,7727,Present,11877,"-37.800805588909014, 144.95613978235696"
2025-10-18T04:17:39+05:30,2025-10-18T03:19:59+05:30,7727,Unoccupied,11879,"-37.80087853594753, 144.956232324911"
2025-10-18T04:17:39+05:30,2025-10-17T17:31:51+05:30,7708,Unoccupied,11928,"-37.80154154459622, 144.9546037255035"
2025-10-18T04:17:39+05:30,2025-10-18T01:30:44+05:30,7708,Present,11929,"-37.80149840416573, 144.9546578797619"
2025-10-18T04:17:39+05:30,2025-05-11T18:03:27+05:30,7708,Present,11931,"-37.80127791999085, 144.9549370169633"
2025-10-18T04:17:39+05:30,2025-10-17T10:56:15+05:30,7708,Unoccupied,11934,"-37.801086268872844, 144.95517890707015"
2025-10-18T04:17:39+05:30,2025-07-04T05:57:46+05:30,7708,Present,11947,"-37.801424629323975, 144.95508396396247"
2025-10-18T04:17:39+05:30,2025-10-18T04:16:32+05:30,7728,Present,12028,"-37.798302647582034, 144.95299882858325"
2025-10-18T04:17:39+05:30,2025-10-18T03:30:43+05:30,7766,Present,12089,"-37.80032610874535, 144.9543494481229"
2025-10-18T04:17:39+05:30,2025-10-18T04:03:11+05:30,7766,Present,12092,"-37.80052913192824, 144.95409059303165"
2025-10-18T04:17:39+05:30,2025-10-18T03:05:42+05:30,7766,Present,12095,"-37.800758463107385, 144.95379964582008"
2025-10-18T04:17:39+05:30,2025-10-17T16:58:57+05:30,7720,Unoccupied,12115,"-37.79863531246361, 144.9520677546155"
2025-10-18T04:17:39+05:30,2025-10-17T14:58:38+05:30,7720,Unoccupied,12117,"-37.79868869830504, 144.9520004390641"
2025-10-18T04:17:39+05:30,2025-10-08T15:27:01+05:30,7720,Present,12122,"-37.79879569377995, 144.9518634636058"
2025-10-18T04:17:39+05:30,2025-10-17T17:10:52+05:30,7720,Present,12124,"-37.79882953834887, 144.9518203599381"
2025-10-18T04:17:39+05:30,2025-10-17T18:20:06+05:30,7757,Unoccupied,12283,"-37.79967282681985, 144.9527143309441"
2025-10-18T04:17:39+05:30,2025-10-18T01:48:27+05:30,7757,Unoccupied,12284,"-37.79963621066403, 144.9527609397844"
2025-10-18T04:17:39+05:30,2025-10-17T18:30:40+05:30,7757,Unoccupied,12286,"-37.799557823891135, 144.95286028542097"
2025-10-18T04:17:39+05:30,2025-10-18T00:38:53+05:30,7757,Unoccupied,12287,"-37.79951785385988, 144.95291071736813"
2025-10-18T04:17:39+05:30,2025-10-17T19:25:26+05:30,7350,Unoccupied,56528,"-37.81651024755264, 144.95725315959675"
2025-10-18T04:17:39+05:30,2025-10-18T04:08:31+05:30,7347,Present,56533,"-37.81624882246447, 144.9571346838723"
2025-10-18T04:17:39+05:30,2025-10-18T00:46:40+05:30,7527,Present,63143,"-37.81637591953155, 144.9597376167925"
2025-10-18T04:17:39+05:30,2025-10-17T17:02:47+05:30,7541,Unoccupied,65864,"-37.80899418833464, 144.96976550716437"
2025-10-18T04:17:39+05:30,2024-02-02T10:36:41+05:30,,Unoccupied,14761,"-37.8112366283664, 144.9506677702405"
2025-10-18T04:17:39+05:30,2024-12-16T05:44:34+05:30,7495,Present,67051,"-37.810005718826915, 144.96267355535707"
2025-10-18T04:17:39+05:30,2025-10-16T15:37:31+05:30,7436,Unoccupied,60139,"-37.81639652425794, 144.97139789783475"
2025-10-18T04:17:39+05:30,2025-10-18T03:28:56+05:30,7594,Present,54337,"-37.81418708917743, 144.9603241836145"
2025-10-18T04:17:39+05:30,2025-10-18T03:48:05+05:30,,Unoccupied,60428,"-37.8186172877065, 144.96312847381205"
2025-10-18T04:17:39+05:30,2025-10-18T02:07:30+05:30,7647,Unoccupied,50512,"-37.809835219681005, 144.9723259750923"
2025-10-18T04:17:39+05:30,2025-10-18T02:42:32+05:30,7647,Unoccupied,50518,"-37.8100665581144, 144.97232129845833"
2025-10-18T04:17:39+05:30,2023-10-11T05:59:34+05:30,,Unoccupied,14909,"-37.81995510493043, 144.9549539854762"
2025-10-18T04:17:39+05:30,2025-10-18T03:27:16+05:30,7418,Present,61649,"-37.81995933586933, 144.95529233775974"
2025-10-18T04:17:39+05:30,2025-10-17T09:30:10+05:30,7160,Present,15020,"-37.813889614282516, 144.94115318163546"
2025-10-18T04:17:39+05:30,2025-10-18T03:26:33+05:30,7160,Unoccupied,15021,"-37.81393823168594, 144.94118288841491"
2025-10-18T04:17:39+05:30,2025-10-18T03:46:59+05:30,7628,Present,51814,"-37.814264881395786, 144.96889419617943"
2025-10-18T04:17:39+05:30,2025-10-17T08:44:11+05:30,,Present,51813,"-37.81431568452783, 144.968917483881"
2025-10-18T04:17:39+05:30,2025-10-18T04:14:37+05:30,7630,Present,51618,"-37.81595891567474, 144.96967488875265"
2025-10-18T04:17:39+05:30,2025-10-17T15:27:49+05:30,7363,Present,61848,"-37.81472462019704, 144.96945071458146"
2025-10-18T04:17:39+05:30,2025-10-18T04:16:21+05:30,7359,Present,61928,"-37.815164498515514, 144.96738537228407"
2025-10-18T04:17:39+05:30,2024-04-05T08:05:09+05:30,7076,Present,22315,"-37.806393743674285, 144.966075180882"
2025-10-18T04:17:39+05:30,2023-08-14T04:18:24+05:30,7025,Unoccupied,22893,"-37.80504657895022, 144.96155226512576"
2025-10-18T04:17:39+05:30,2023-04-04T19:02:01+05:30,7025,Unoccupied,22879,"-37.804687036086804, 144.96173229281166"
2025-10-18T04:17:39+05:30,2023-04-04T19:00:12+05:30,7025,Unoccupied,22880,"-37.8046623351441, 144.96173669002383"
2025-10-18T04:17:39+05:30,2023-04-04T15:26:48+05:30,7025,Present,22877,"-37.80476492224104, 144.96171853872244"
2025-10-18T04:17:39+05:30,2024-12-17T05:20:31+05:30,7502,Unoccupied,66956,"-37.80911520221784, 144.9657084094328"
2025-10-18T04:17:39+05:30,2025-06-02T14:48:55+05:30,7566,Unoccupied,65545,"-37.81327695104594, 144.95885266405645"
2025-10-18T04:17:39+05:30,2025-10-18T03:23:50+05:30,7569,Present,65244,"-37.81112450884895, 144.96652963017024"
2025-10-18T04:17:39+05:30,2025-10-18T03:32:06+05:30,7766,Present,12083,"-37.80039565318408, 144.95392301588583"
2025-10-18T04:17:39+05:30,2025-10-18T00:53:13+05:30,7563,Unoccupied,65812,"-37.8084970772687, 144.97130697908918"
2025-10-18T04:17:39+05:30,2025-10-17T16:52:48+05:30,,Unoccupied,65846,"-37.80865536322108, 144.9709331569701"
2025-10-18T04:17:39+05:30,2025-10-18T03:52:53+05:30,7423,Present,60833,"-37.81442679704464, 144.9740309403058"
2025-10-18T04:17:39+05:30,2025-10-18T04:11:41+05:30,7556,Unoccupied,65156,"-37.810515062964136, 144.96829537364198"
2025-10-18T04:17:39+05:30,2025-10-18T03:59:41+05:30,7556,Present,65146,"-37.81042151264754, 144.96861424686875"
2025-10-18T04:17:39+05:30,2025-10-18T02:56:24+05:30,7406,Present,51437,"-37.808704279251636, 144.96901976424346"
2025-10-18T04:17:39+05:30,2025-10-18T04:02:42+05:30,7406,Unoccupied,51449,"-37.808384291985476, 144.96887260062516"
2025-10-18T04:17:39+05:30,2023-11-27T04:57:29+05:30,,Unoccupied,16778,"-37.81393596620553, 144.95750244564618"
2025-10-18T04:17:39+05:30,2025-10-18T03:59:14+05:30,7560,Present,65956,"-37.809329150823274, 144.96857401109276"
2025-10-18T04:17:39+05:30,2025-10-18T03:32:47+05:30,7910,Present,22419,"-37.844997217774335, 144.98051625798664"
2025-10-18T04:17:39+05:30,2025-10-18T03:16:21+05:30,7910,Present,22429,"-37.8450884323001, 144.9812097756882"
2025-10-18T04:17:39+05:30,2025-10-18T03:32:18+05:30,7910,Present,22430,"-37.84509734154828, 144.98127874025266"
2025-10-18T04:17:39+05:30,2025-10-18T03:43:13+05:30,7910,Present,21539,"-37.84506224783489, 144.9795932158124"
2025-10-18T04:17:39+05:30,2025-10-18T04:01:03+05:30,7910,Present,21542,"-37.845080010846196, 144.97972770235316"
2025-10-18T04:17:39+05:30,2025-10-18T03:59:17+05:30,7910,Present,21544,"-37.84509792913018, 144.9798633071556"
2025-10-18T04:17:39+05:30,2025-10-18T04:14:29+05:30,7586,Unoccupied,21746,"-37.84806759441919, 144.9830194271252"
2025-10-18T04:17:39+05:30,2025-10-18T03:20:47+05:30,7586,Present,21749,"-37.848114094840405, 144.98339960766566"
2025-10-18T04:17:39+05:30,2025-10-18T04:10:50+05:30,7586,Unoccupied,21758,"-37.84820999813061, 144.9841837429665"
2025-10-18T04:17:39+05:30,2025-10-18T04:06:43+05:30,7584,Present,21686,"-37.84822192242257, 144.98337424569297"
2025-10-18T04:17:39+05:30,2025-10-18T03:18:30+05:30,7584,Present,21682,"-37.848156195606734, 144.98283520301555"
2025-10-18T04:17:39+05:30,2025-10-18T03:58:34+05:30,7636,Present,51734,"-37.81513201737133, 144.96917035439546"
2025-10-18T04:17:39+05:30,2025-10-18T03:57:20+05:30,7636,Present,51733,"-37.81515350387129, 144.96917989417204"
2025-10-18T04:17:39+05:30,2025-06-02T14:13:51+05:30,7566,Present,65576,"-37.813569547637705, 144.9578501880945"
2025-10-18T04:17:39+05:30,2025-06-02T12:25:40+05:30,7566,Unoccupied,65573,"-37.81354328723129, 144.95794009834714"
2025-10-18T04:17:39+05:30,2025-06-02T14:26:53+05:30,7566,Present,65574,"-37.813551896789136, 144.95791062049295"
2025-10-18T04:17:39+05:30,2025-01-19T14:20:57+05:30,7551,Present,65461,"-37.812795450438585, 144.96054161978464"
2025-10-18T04:17:39+05:30,2025-10-18T04:06:48+05:30,7551,Unoccupied,65459,"-37.81276861121049, 144.96063455358887"
2025-10-18T04:17:39+05:30,2025-10-17T13:49:23+05:30,7551,Unoccupied,65457,"-37.812751207277245, 144.96069414831322"
2025-10-18T04:17:39+05:30,2025-10-18T04:14:40+05:30,7551,Present,65465,"-37.812830482903976, 144.9604211485876"
2025-10-18T04:17:39+05:30,2025-10-18T04:09:45+05:30,7551,Present,65446,"-37.81249994557143, 144.96146672317906"
2025-10-18T04:17:39+05:30,2025-10-17T18:58:43+05:30,7594,Present,54329,"-37.8144249931935, 144.9604334680899"
2025-10-18T04:17:39+05:30,2025-10-18T03:25:21+05:30,7594,Present,54324,"-37.81456816526176, 144.9604991544885"
2025-10-18T04:17:39+05:30,2025-10-18T04:14:16+05:30,7594,Unoccupied,54335,"-37.814261128001256, 144.96035819165826"
2025-10-18T04:17:39+05:30,2025-10-18T04:13:52+05:30,7594,Present,54333,"-37.814306163364876, 144.96037886545093"
2025-10-18T04:17:39+05:30,2025-10-18T01:37:21+05:30,7607,Present,54228,"-37.81558445424304, 144.96096722232483"
2025-10-18T04:17:39+05:30,2025-10-17T18:21:49+05:30,7607,Present,54226,"-37.815637286069745, 144.96099145074135"
2025-10-18T04:17:39+05:30,2025-10-18T02:58:47+05:30,7595,Present,54139,"-37.81615960288106, 144.9612316737149"
2025-10-18T04:17:39+05:30,2025-10-17T21:17:31+05:30,7596,Unoccupied,54038,"-37.81728599077816, 144.961750395164"
2025-10-18T04:17:39+05:30,2025-10-18T04:16:04+05:30,7596,Present,54034,"-37.817412610968425, 144.96180813720161"
2025-10-18T04:17:39+05:30,2025-10-18T04:07:36+05:30,7592,Present,53934,"-37.81823583353717, 144.96218586494632"
2025-10-18T04:17:39+05:30,2025-10-18T01:28:30+05:30,7592,Present,53928,"-37.81839907395185, 144.96226072406253"
2025-10-18T04:17:39+05:30,2025-10-18T03:28:33+05:30,7592,Present,53931,"-37.81833392755065, 144.9622309130329"
2025-10-18T04:17:39+05:30,2025-10-17T20:56:29+05:30,7592,Unoccupied,53926,"-37.81847630914179, 144.96229607296874"
2025-10-18T04:17:39+05:30,2025-10-18T03:33:52+05:30,7348,Unoccupied,21510,"-37.83475669273402, 144.9753474904979"
2025-10-18T04:17:39+05:30,2025-10-17T14:10:32+05:30,7348,Unoccupied,21511,"-37.83476561110477, 144.9754161003376"
2025-10-18T04:17:39+05:30,2025-10-18T04:03:54+05:30,7348,Unoccupied,21512,"-37.8347745605505, 144.97548425618373"
2025-10-18T04:17:39+05:30,2025-10-18T02:19:00+05:30,7348,Present,21513,"-37.8347833916472, 144.97555188557072"
2025-10-18T04:17:39+05:30,2025-10-17T14:10:17+05:30,7348,Unoccupied,21516,"-37.834810008289466, 144.9757558556579"
2025-10-18T04:17:39+05:30,2025-10-17T14:15:43+05:30,7348,Unoccupied,21524,"-37.835008253200314, 144.9772741358588"
2025-10-18T04:17:39+05:30,2025-10-17T14:55:03+05:30,7348,Unoccupied,21525,"-37.835017137731064, 144.977342242958"
2025-10-18T04:17:39+05:30,2025-10-18T03:11:40+05:30,7348,Unoccupied,21526,"-37.83502608038235, 144.9774106116063"
2025-10-18T04:17:39+05:30,2025-10-17T13:36:34+05:30,7348,Unoccupied,21528,"-37.83504393491668, 144.97754764617855"
2025-10-18T04:17:39+05:30,2025-10-17T13:58:02+05:30,7348,Unoccupied,21531,"-37.835070725093786, 144.97775262386838"
2025-10-18T04:17:39+05:30,2025-10-18T03:07:43+05:30,7348,Present,21535,"-37.83511519077207, 144.9780932727994"
2025-10-18T04:17:39+05:30,2025-10-18T02:47:49+05:30,7348,Present,21536,"-37.83512361002232, 144.97815746257618"
2025-10-18T04:17:39+05:30,2025-10-18T02:38:19+05:30,7348,Present,21537,"-37.83513199392105, 144.9782221754694"
2025-10-18T04:17:39+05:30,2025-10-18T04:09:31+05:30,7595,Present,54130,"-37.816401326157404, 144.96134293377554"
2025-10-18T04:17:39+05:30,2025-09-13T03:30:26+05:30,7415,Unoccupied,61241,"-37.81759364574171, 144.96319459325719"
2025-10-18T04:17:39+05:30,2025-10-17T13:26:35+05:30,7336,Present,64047,"-37.81621334924654, 144.95663015150205"
2025-10-18T04:17:39+05:30,2025-10-18T03:58:34+05:30,7757,Unoccupied,22020,"-37.79914114010213, 144.95371587679307"
2025-10-18T04:17:39+05:30,2025-10-18T01:26:24+05:30,7757,Unoccupied,12297,"-37.79940007686551, 144.95338675414695"
2025-10-18T04:17:39+05:30,2025-10-18T01:50:52+05:30,7757,Unoccupied,12298,"-37.79943939118694, 144.9533367455665"
2025-10-18T04:17:39+05:30,2025-10-18T04:04:48+05:30,7757,Present,12292,"-37.79907847371052, 144.95346300950945"
2025-10-18T04:17:39+05:30,2023-12-12T17:45:02+05:30,,Unoccupied,6763,"-37.813150856274035, 144.96255197840384"
2025-10-18T04:17:39+05:30,2025-10-18T02:35:43+05:30,7708,Unoccupied,21964,"-37.80125503311761, 144.95529885196453"
2025-10-18T04:17:39+05:30,2025-10-18T04:08:46+05:30,7708,Unoccupied,21965,"-37.80121690176004, 144.9553471360721"
2025-10-18T04:17:39+05:30,2025-10-18T03:33:00+05:30,7708,Unoccupied,21967,"-37.801140626195725, 144.95544370299453"
2025-10-18T04:17:39+05:30,2025-10-18T03:34:27+05:30,7611,Present,54519,"-37.812183699725175, 144.95953624823449"
2025-10-18T04:17:39+05:30,2025-10-18T04:11:55+05:30,7610,Unoccupied,54529,"-37.8124856734189, 144.95955181649907"
2025-10-18T04:17:39+05:30,2025-10-18T03:42:47+05:30,7676,Present,54421,"-37.813270555846785, 144.96003182896388"
2025-10-18T04:17:39+05:30,2025-10-18T03:34:54+05:30,7612,Present,54419,"-37.813369731195095, 144.96007705373032"
2025-10-18T04:17:39+05:30,2025-10-18T00:53:39+05:30,7605,Unoccupied,54424,"-37.81384760004092, 144.96017014817437"
2025-10-18T04:17:39+05:30,2025-10-18T03:29:27+05:30,7605,Unoccupied,54435,"-37.81354416575893, 144.96003016181191"
2025-10-18T04:17:39+05:30,2025-10-18T03:53:22+05:30,7605,Unoccupied,54429,"-37.81370642544597, 144.96010492990618"
2025-10-18T04:17:39+05:30,2025-10-18T04:13:51+05:30,7605,Unoccupied,54427,"-37.81377844110391, 144.9601382741797"
2025-10-18T04:17:39+05:30,2024-05-18T18:48:47+05:30,7605,Unoccupied,54441,"-37.813379476509326, 144.9599541841302"
2025-10-18T04:17:39+05:30,2025-10-18T00:59:15+05:30,7605,Present,54425,"-37.81382423563896, 144.96015936545342"
2025-10-18T04:17:39+05:30,2025-10-18T03:29:31+05:30,7360,Present,61716,"-37.81370224973713, 144.97236739462636"
2025-10-18T04:17:39+05:30,2025-10-18T03:33:48+05:30,,Unoccupied,61736,"-37.81380175104609, 144.9725807720974"
2025-10-18T04:17:39+05:30,2024-12-25T08:26:44+05:30,7183,Present,18543,"-37.82033820154115, 144.94946605994318"
2025-10-18T04:17:39+05:30,2025-10-17T18:58:26+05:30,7183,Unoccupied,18558,"-37.819984138073124, 144.95129771110098"
2025-10-18T04:17:39+05:30,2025-10-17T18:20:02+05:30,7183,Present,18555,"-37.81992866300896, 144.95148933280126"
2025-10-18T04:17:39+05:30,2024-12-25T09:57:04+05:30,7163,Present,18591,"-37.81931142504216, 144.94841714045486"
2025-10-18T04:17:39+05:30,2024-12-25T09:23:40+05:30,7163,Present,18590,"-37.81925513712234, 144.94841503696148"
2025-10-18T04:17:39+05:30,2024-12-25T06:24:19+05:30,7163,Present,18593,"-37.8194262431346, 144.94842132762162"
2025-10-18T04:17:39+05:30,2024-12-25T06:30:14+05:30,7163,Present,18589,"-37.819201103676086, 144.94841290060373"
2025-10-18T04:17:39+05:30,2024-12-25T09:24:27+05:30,7163,Present,18573,"-37.81921816730883, 144.94862665826858"
2025-10-18T04:17:39+05:30,2024-12-24T17:00:05+05:30,7163,Unoccupied,18576,"-37.819380266187366, 144.94863278873714"
2025-10-18T04:17:39+05:30,2024-03-17T15:16:27+05:30,7163,Unoccupied,18220,"-37.81883994533063, 144.94861198065314"
2025-10-18T04:17:39+05:30,2024-12-25T08:13:59+05:30,7163,Present,18217,"-37.819002040761376, 144.94861828604726"
2025-10-18T04:17:39+05:30,2024-03-17T16:33:56+05:30,7163,Present,18218,"-37.81894800850581, 144.9486161388167"
2025-10-18T04:17:39+05:30,2025-10-18T04:08:50+05:30,7558,Unoccupied,65197,"-37.81077384126779, 144.96775627359773"
2025-10-18T04:17:39+05:30,2025-10-18T04:15:27+05:30,7568,Present,65193,"-37.810698084550886, 144.96801337873"
2025-10-18T04:17:39+05:30,2025-10-18T03:38:03+05:30,7558,Present,65199,"-37.8108123453408, 144.9676255895189"
2025-10-18T04:17:39+05:30,2025-10-17T15:53:15+05:30,7558,Unoccupied,65198,"-37.810792976254675, 144.96769134576766"
2025-10-18T04:17:39+05:30,2025-10-07T16:23:12+05:30,7186,Unoccupied,18637,"-37.821218796797304, 144.94410948110885"
2025-10-18T04:17:39+05:30,2025-10-18T03:59:27+05:30,7186,Present,18631,"-37.82112630304781, 144.94372360496828"
2025-10-18T04:17:39+05:30,2025-09-06T03:42:31+05:30,7186,Unoccupied,18635,"-37.82118881888181, 144.94398454954523"
2025-10-18T04:17:39+05:30,2025-10-18T03:59:20+05:30,7186,Unoccupied,18632,"-37.82114193227716, 144.9437888417761"
2025-10-18T04:17:39+05:30,2025-10-18T03:29:43+05:30,7186,Present,18633,"-37.821157561490935, 144.94385407747703"
2025-10-18T04:17:39+05:30,2025-10-17T19:52:28+05:30,7186,Present,15094,"-37.82130457508666, 144.9437272277152"
2025-10-18T04:17:39+05:30,2025-10-18T03:39:17+05:30,7186,Present,15097,"-37.821353550626135, 144.9439315523408"
2025-10-18T04:17:39+05:30,2025-10-18T04:09:29+05:30,7186,Unoccupied,15092,"-37.82127096755983, 144.94358696032316"
2025-10-18T04:17:39+05:30,2025-10-18T04:14:18+05:30,7186,Unoccupied,18621,"-37.82110352835018, 144.94288605521916"
2025-10-18T04:17:39+05:30,2025-10-17T19:27:36+05:30,7212,Unoccupied,20617,"-37.81938983073863, 144.94361466018285"
2025-10-18T04:17:39+05:30,2025-02-15T02:39:35+05:30,7212,Present,20618,"-37.81933640648754, 144.94359021203934"
2025-10-18T04:17:39+05:30,2025-09-30T17:17:18+05:30,7197,Unoccupied,20904,"-37.819748601841326, 144.94533978016804"
2025-10-18T04:17:39+05:30,2025-10-18T03:15:07+05:30,7197,Unoccupied,20911,"-37.820375347961914, 144.94550297445886"
2025-10-18T04:17:39+05:30,2025-10-18T00:31:30+05:30,7197,Unoccupied,20912,"-37.82044371041454, 144.94552089254"
2025-10-18T04:17:39+05:30,2024-12-13T17:20:33+05:30,7202,Unoccupied,20588,"-37.82015466628, 144.9472802015655"
2025-10-18T04:17:39+05:30,2024-12-13T13:45:25+05:30,7202,Unoccupied,20590,"-37.820000362979314, 144.9472151454358"
2025-10-18T04:17:39+05:30,2024-12-25T05:49:24+05:30,7202,Present,20591,"-37.81993083805543, 144.94718710333325"
2025-10-18T04:17:39+05:30,2024-12-25T08:19:13+05:30,7202,Present,20593,"-37.819779418280326, 144.9471201563455"
2025-10-18T04:17:39+05:30,2024-12-16T05:49:02+05:30,7202,Unoccupied,20594,"-37.81969427324976, 144.94707993885555"
2025-10-18T04:17:39+05:30,2024-12-24T19:35:45+05:30,7202,Unoccupied,21484,"-37.82020659171873, 144.9471070440767"
2025-10-18T04:17:39+05:30,2024-12-22T12:57:01+05:30,7202,Unoccupied,21486,"-37.82005184338577, 144.9470437741028"
2025-10-18T04:17:39+05:30,2025-10-17T16:08:57+05:30,7229,Present,18610,"-37.8213149139644, 144.95106735784597"
2025-10-18T04:17:39+05:30,2025-10-17T19:15:13+05:30,7229,Unoccupied,18611,"-37.82136374841589, 144.9511060088177"
2025-10-18T04:17:39+05:30,2025-10-17T17:31:44+05:30,7230,Unoccupied,18605,"-37.82091263023649, 144.95075208554005"
2025-10-18T04:17:39+05:30,2025-10-17T09:32:01+05:30,7159,Present,18532,"-37.81954176999457, 144.95047574179642"
2025-10-18T04:17:39+05:30,2025-10-17T19:35:06+05:30,7159,Unoccupied,18533,"-37.81960518912028, 144.95052582905598"
2025-10-18T04:17:39+05:30,2025-10-18T04:02:22+05:30,7486,Present,56922,"-37.81711484049472, 144.9559376963074"
2025-10-18T04:17:39+05:30,2025-10-18T03:50:26+05:30,7486,Unoccupied,56920,"-37.817217334803146, 144.9559842619019"
2025-10-18T04:17:39+05:30,2025-10-18T00:09:35+05:30,7485,Present,56925,"-37.81694986976067, 144.9558616915677"
2025-10-18T04:17:39+05:30,2025-10-18T04:12:41+05:30,7459,Unoccupied,61327,"-37.81817986431971, 144.96119133731892"
2025-10-18T04:17:39+05:30,2025-10-18T02:54:50+05:30,7336,Unoccupied,64014,"-37.815970696732634, 144.95690582031767"
2025-10-18T04:17:39+05:30,2025-10-18T03:32:27+05:30,,Unoccupied,61531,"-37.81881556568095, 144.95928245388615"
2025-10-18T04:17:39+05:30,2025-10-18T02:51:16+05:30,,Unoccupied,61535,"-37.81889225575706, 144.9590179046922"
2025-10-18T04:17:39+05:30,2025-10-18T04:00:30+05:30,,Unoccupied,61521,"-37.819095433550245, 144.95797035198845"
2025-10-18T04:17:39+05:30,2025-10-17T15:49:22+05:30,7228,Unoccupied,18568,"-37.819708753143885, 144.94980291978067"
2025-10-18T04:17:39+05:30,2025-10-17T19:09:02+05:30,7228,Unoccupied,18569,"-37.81975611201209, 144.9498402587675"
2025-10-18T04:17:39+05:30,2025-10-18T02:49:03+05:30,7222,Present,20625,"-37.82050623465054, 144.94290861086614"
2025-10-18T04:17:39+05:30,2025-10-17T13:47:45+05:30,7423,Present,60837,"-37.81453864949547, 144.97364818545256"
2025-10-18T04:17:39+05:30,2025-10-18T01:15:53+05:30,7423,Present,60836,"-37.81451506643333, 144.97372858387934"
2025-10-18T04:17:39+05:30,2025-10-18T04:06:15+05:30,7423,Unoccupied,60838,"-37.814563533541275, 144.97356281055005"
2025-10-18T04:17:39+05:30,2025-10-17T18:28:26+05:30,,Unoccupied,64247,"-37.81047838708219, 144.97230467867075"
2025-10-18T04:17:39+05:30,2025-10-18T03:55:15+05:30,7519,Present,64738,"-37.81429416557771, 144.95927261553263"
2025-10-18T04:17:39+05:30,2025-10-18T04:13:52+05:30,7595,Present,54135,"-37.81627003940035, 144.96128235331545"
2025-10-18T04:17:39+05:30,2025-10-17T19:42:06+05:30,7208,Unoccupied,20608,"-37.821109160196784, 144.9453518461956"
2025-10-18T04:17:39+05:30,2025-10-17T14:23:26+05:30,7208,Unoccupied,20609,"-37.82105050953709, 144.9453364240078"
2025-10-18T04:17:39+05:30,2025-10-17T15:21:35+05:30,7208,Unoccupied,20610,"-37.8209933776988, 144.94532288408283"
2025-10-18T04:17:39+05:30,2024-03-22T15:18:01+05:30,7231,Present,15026,"-37.821065145968376, 144.9442510973915"
2025-10-18T04:17:39+05:30,2024-03-22T15:46:27+05:30,7213,Present,18524,"-37.82086060421838, 144.9442537418388"
2025-10-18T04:17:39+05:30,2024-04-02T17:16:25+05:30,7231,Present,15027,"-37.82082484993619, 144.94413789756015"
2025-10-18T04:17:39+05:30,2023-10-16T09:59:33+05:30,7213,Unoccupied,18526,"-37.8209802619662, 144.94431080784483"
2025-10-18T04:17:39+05:30,2024-03-22T12:00:55+05:30,7231,Present,15030,"-37.82094549194014, 144.94419402741204"
2025-10-18T04:17:39+05:30,2025-10-18T04:09:04+05:30,7213,Unoccupied,16284,"-37.82020943094864, 144.94395853447838"
2025-10-18T04:17:39+05:30,2024-08-08T15:06:18+05:30,7167,Unoccupied,17481,"-37.820369910975984, 144.9416538788944"
2025-10-18T04:17:39+05:30,2025-10-18T03:00:27+05:30,7167,Present,17498,"-37.82016441419583, 144.9423597136809"
2025-10-18T04:17:39+05:30,2024-09-17T06:02:11+05:30,7167,Present,17499,"-37.82018292369378, 144.94229570439836"
2025-10-18T04:17:39+05:30,2025-08-22T15:59:32+05:30,7214,Unoccupied,20619,"-37.81958733493094, 144.94585276802383"
2025-10-18T04:17:39+05:30,2025-10-18T04:00:39+05:30,7214,Present,20624,"-37.81986006122925, 144.94592410249493"
2025-10-18T04:17:39+05:30,2025-10-17T23:53:33+05:30,7214,Unoccupied,20921,"-37.820205691514495, 144.9460135602858"
2025-10-18T04:17:39+05:30,2025-10-16T07:05:26+05:30,7214,Unoccupied,20924,"-37.82038876842533, 144.94606127507134"
2025-10-18T04:17:39+05:30,2025-10-17T11:55:06+05:30,7161,Present,20571,"-37.82044900242458, 144.9511568011041"
2025-10-18T04:17:39+05:30,2025-10-17T16:36:51+05:30,7161,Unoccupied,20574,"-37.82061466205916, 144.95129142556084"
2025-10-18T04:17:39+05:30,2025-10-17T15:47:15+05:30,7161,Present,20578,"-37.82098668845575, 144.95158360736895"
2025-10-18T04:17:39+05:30,2025-10-17T16:44:21+05:30,7161,Unoccupied,20579,"-37.82105107549779, 144.95163483797234"
2025-10-18T04:17:39+05:30,2024-03-13T09:07:00+05:30,7692,Present,55522,"-37.818396184799624, 144.95936308207587"
2025-10-18T04:17:39+05:30,2024-03-13T06:40:25+05:30,7695,Present,55524,"-37.81827123676198, 144.95930572670258"
2025-10-18T04:17:39+05:30,2024-12-25T07:33:34+05:30,7165,Present,15329,"-37.81869849217583, 144.94807443933206"
2025-10-18T04:17:39+05:30,2025-10-17T16:29:36+05:30,7173,Unoccupied,13448,"-37.81957378096871, 144.94470621132717"
2025-10-18T04:17:39+05:30,2025-10-16T05:01:04+05:30,7173,Unoccupied,13462,"-37.81936026692852, 144.9454449776039"
2025-10-18T04:17:39+05:30,2025-10-17T15:38:51+05:30,7173,Unoccupied,13474,"-37.81923720373574, 144.9458705875934"
2025-10-18T04:17:39+05:30,2023-02-13T10:18:19+05:30,7173,Unoccupied,13457,"-37.81948453284795, 144.94501450488727"
2025-10-18T04:17:39+05:30,2025-09-19T20:25:32+05:30,7173,Unoccupied,13458,"-37.81947538861725, 144.94504612205213"
2025-10-18T04:17:39+05:30,2025-10-16T15:59:11+05:30,7173,Unoccupied,13475,"-37.81922796872939, 144.94590260169554"
2025-10-18T04:17:39+05:30,2025-10-17T03:55:04+05:30,7173,Unoccupied,13472,"-37.81925559514887, 144.94580653930845"
2025-10-18T04:17:39+05:30,2025-10-18T04:05:26+05:30,7173,Present,13464,"-37.819342766379386, 144.94550482424316"
2025-10-18T04:17:39+05:30,2025-10-18T03:59:21+05:30,7178,Present,13388,"-37.82007954406505, 144.94295514308766"
2025-10-18T04:17:39+05:30,2025-10-18T03:03:44+05:30,7178,Unoccupied,13399,"-37.81997970328647, 144.94329845570735"
2025-10-18T04:17:39+05:30,2025-10-18T02:50:59+05:30,7178,Present,13391,"-37.82005535295752, 144.94303831913783"
2025-10-18T04:17:39+05:30,2025-10-18T03:29:13+05:30,7178,Unoccupied,13439,"-37.82004168078604, 144.94340446656793"
2025-10-18T04:17:39+05:30,2025-10-18T03:16:16+05:30,7178,Unoccupied,13437,"-37.82007901039151, 144.9432762558655"
2025-10-18T04:17:39+05:30,2025-10-18T03:38:18+05:30,7178,Present,13436,"-37.82009732548086, 144.94321334901133"
2025-10-18T04:17:39+05:30,2025-10-18T02:26:38+05:30,7178,Present,13393,"-37.820039230062264, 144.94309376908998"
2025-10-18T04:17:39+05:30,2025-10-18T03:38:07+05:30,7178,Present,13435,"-37.82011525241861, 144.94315177527164"
2025-10-18T04:17:39+05:30,2024-02-21T02:59:22+05:30,,Present,22971,"-37.810244152281484, 144.9558143716356"
2025-10-18T04:17:39+05:30,2025-10-18T03:09:16+05:30,7411,Present,51019,"-37.81242578888708, 144.97080914791258"
2025-10-18T04:17:39+05:30,2025-10-17T13:28:50+05:30,,Present,51015,"-37.81264916878783, 144.97091226679726"
2025-10-18T04:17:39+05:30,2025-10-18T03:40:30+05:30,7402,Unoccupied,50815,"-37.81463216325314, 144.97183139102785"
2025-10-18T04:17:39+05:30,2025-10-18T03:56:29+05:30,7399,Present,50912,"-37.813613911074796, 144.9713575687406"
2025-10-18T04:17:39+05:30,2025-10-01T05:49:12+05:30,7197,Unoccupied,20873,"-37.81966487313244, 144.94522347505338"
2025-10-18T04:17:39+05:30,2025-10-18T04:06:58+05:30,7592,Present,53948,"-37.81836934729492, 144.96212279568851"
2025-10-18T04:17:39+05:30,2025-10-18T03:39:45+05:30,7592,Present,53949,"-37.8183134106813, 144.9620969422225"
2025-10-18T04:17:39+05:30,2025-10-14T01:48:33+05:30,7592,Unoccupied,53950,"-37.8182542716343, 144.96206932733858"
2025-10-18T04:17:39+05:30,2025-10-18T02:23:55+05:30,7273,Unoccupied,50650,"-37.80830032162881, 144.97163415057753"
2025-10-18T04:17:39+05:30,2025-10-17T16:28:18+05:30,7273,Unoccupied,50652,"-37.808256165115196, 144.97161362836698"
2025-10-18T04:17:39+05:30,2025-10-18T03:01:09+05:30,7273,Unoccupied,50656,"-37.80816240165049, 144.97157039444292"
2025-10-18T04:17:39+05:30,2025-10-18T03:25:17+05:30,7645,Present,50223,"-37.812688235954425, 144.97353028528548"
2025-10-18T04:17:39+05:30,2025-10-17T18:39:58+05:30,7188,Present,17719,"-37.82036816663482, 144.93985984418407"
2025-10-18T04:17:39+05:30,2025-10-17T18:42:37+05:30,7267,Unoccupied,15102,"-37.821727559119736, 144.94347180726172"
2025-10-18T04:17:39+05:30,2025-10-17T18:48:38+05:30,7267,Unoccupied,15099,"-37.821829882537386, 144.94361796600532"
2025-10-18T04:17:39+05:30,2025-10-18T03:03:59+05:30,7185,Unoccupied,18615,"-37.82135419837688, 144.94467950111203"
2025-10-18T04:17:39+05:30,2025-10-18T04:00:46+05:30,7185,Present,18616,"-37.82136677476861, 144.94474255947222"
2025-10-18T04:17:39+05:30,2024-03-05T04:08:35+05:30,,Present,6370,"-37.81872438284974, 144.95564103766725"
2025-10-18T04:17:39+05:30,2025-10-18T03:41:09+05:30,7210,Unoccupied,17323,"-37.81273813458455, 144.94008473692233"
2025-10-18T04:17:39+05:30,2025-10-17T18:04:05+05:30,7210,Unoccupied,17321,"-37.8124307860506, 144.94089421111102"
2025-10-18T04:17:39+05:30,2025-10-17T18:27:31+05:30,7210,Unoccupied,17332,"-37.81245577522808, 144.94082796419855"
2025-10-18T04:17:39+05:30,2025-10-17T18:57:16+05:30,7210,Unoccupied,17333,"-37.812398460108454, 144.94098060138185"
2025-10-18T04:17:39+05:30,2025-10-18T04:14:25+05:30,7210,Unoccupied,17322,"-37.81276050620322, 144.9400258211169"
2025-10-18T04:17:39+05:30,2025-10-17T18:09:41+05:30,7226,Unoccupied,23379,"-37.81327220575271, 144.94076869835573"
2025-10-18T04:17:39+05:30,2025-10-18T00:30:24+05:30,7226,Unoccupied,23380,"-37.81321970698011, 144.94073728837014"
2025-10-18T04:17:39+05:30,2025-10-18T01:48:30+05:30,7226,Unoccupied,23382,"-37.81311452447977, 144.94067298901103"
2025-10-18T04:17:39+05:30,2025-10-17T18:59:05+05:30,7226,Unoccupied,23384,"-37.81301135365827, 144.9406106906834"
2025-10-18T04:17:39+05:30,2025-10-17T17:56:20+05:30,7226,Unoccupied,23388,"-37.81281610038995, 144.94049356578773"
2025-10-18T04:17:39+05:30,2025-06-02T08:20:10+05:30,7571,Present,65655,"-37.8140288456458, 144.95622318672991"
2025-10-18T04:17:39+05:30,2025-06-02T14:10:50+05:30,7571,Present,65641,"-37.813872406023464, 144.95677300369044"
2025-10-18T04:17:39+05:30,2025-06-02T14:28:18+05:30,7571,Present,65650,"-37.8139898552813, 144.95635971721026"
2025-10-18T04:17:39+05:30,2025-06-02T13:55:05+05:30,7571,Present,65640,"-37.81386416889971, 144.95680273045394"
2025-10-18T04:17:39+05:30,2025-10-17T15:55:46+05:30,7455,Unoccupied,61420,"-37.81830361037068, 144.96036726191556"
2025-10-18T04:17:39+05:30,2025-06-02T13:53:16+05:30,7571,Present,65658,"-37.81417689573722, 144.9557051436189"
2025-10-18T04:17:39+05:30,2025-06-02T13:25:50+05:30,7571,Present,65671,"-37.814284589557076, 144.95532799093056"
2025-10-18T04:17:39+05:30,2025-10-18T04:07:11+05:30,7451,Present,60218,"-37.81701084974982, 144.96864635503948"
2025-10-18T04:17:39+05:30,2025-10-18T01:19:20+05:30,7451,Present,60222,"-37.81709470130369, 144.9683617991356"
2025-10-18T04:17:39+05:30,2025-10-18T04:04:50+05:30,7452,Unoccupied,60226,"-37.817169372511195, 144.96810842559273"
2025-10-18T04:17:39+05:30,2025-10-18T03:42:31+05:30,7273,Unoccupied,50624,"-37.808283042866265, 144.97174889865346"
2025-10-18T04:17:39+05:30,2025-10-18T04:05:43+05:30,7273,Unoccupied,50625,"-37.80823242099734, 144.97172585342287"
2025-10-18T04:17:39+05:30,2025-02-03T07:06:33+05:30,7712,Present,11368,"-37.804210079151204, 144.9554448621994"
2025-10-18T04:17:39+05:30,2025-02-07T01:10:02+05:30,7712,Unoccupied,11361,"-37.80401038133249, 144.95548075877602"
2025-10-18T04:17:39+05:30,2025-05-19T08:31:49+05:30,7712,Unoccupied,11367,"-37.804185104859556, 144.9554493513089"
2025-10-18T04:17:39+05:30,2025-02-07T03:34:43+05:30,7712,Unoccupied,11366,"-37.804160130998184, 144.95545384043996"
2025-10-18T04:17:39+05:30,2025-02-17T08:46:01+05:30,7712,Present,11365,"-37.804135156695956, 144.9554583295428"
2025-10-18T04:17:39+05:30,2025-02-08T06:28:48+05:30,7712,Unoccupied,11397,"-37.80535905739307, 144.95523830061256"
2025-10-18T04:17:39+05:30,2025-08-25T10:53:08+05:30,7712,Unoccupied,11400,"-37.805425952395794, 144.9552262757514"
2025-10-18T04:17:39+05:30,2025-06-01T08:42:23+05:30,7712,Present,11401,"-37.80544825087959, 144.95522226748386"
2025-10-18T04:17:39+05:30,2025-08-24T17:11:45+05:30,7712,Present,11402,"-37.80547054891274, 144.95521825918888"
2025-10-18T04:17:39+05:30,2025-06-01T08:54:29+05:30,7712,Unoccupied,11396,"-37.80533675890813, 144.9552423088943"
2025-10-18T04:17:39+05:30,2024-04-09T11:07:01+05:30,7205,Present,23851,"-37.81579106846584, 144.94540124033927"
2025-10-18T04:17:39+05:30,2024-04-09T10:34:34+05:30,7205,Present,23852,"-37.8158429355214, 144.94542414784388"
2025-10-18T04:17:39+05:30,2025-10-18T04:02:48+05:30,7362,Unoccupied,62329,"-37.81811771178083, 144.95719055879238"
2025-10-18T04:17:39+05:30,2025-10-18T02:46:24+05:30,,Unoccupied,62321,"-37.81796674995377, 144.9577187753099"
2025-10-18T04:17:39+05:30,2025-10-18T02:45:46+05:30,7780,Unoccupied,65488,"-37.81284151466433, 144.96067792999156"
2025-10-18T04:17:39+05:30,2025-10-18T04:13:05+05:30,7553,Unoccupied,65492,"-37.8129583405137, 144.96027744789092"
2025-10-18T04:17:39+05:30,2025-10-18T03:05:33+05:30,7156,Present,23949,"-37.81402281577406, 144.94249677884966"
2025-10-18T04:17:39+05:30,2025-10-18T02:51:55+05:30,7191,Unoccupied,23951,"-37.81381359654105, 144.94007461187073"
2025-10-18T04:17:39+05:30,2025-10-18T02:57:33+05:30,7191,Unoccupied,23952,"-37.81376197296319, 144.94020842149936"
2025-10-18T04:17:39+05:30,2025-10-18T03:56:52+05:30,7193,Present,15001,"-37.814487901283876, 144.93989158986483"
2025-10-18T04:17:39+05:30,2025-10-18T04:08:29+05:30,7193,Unoccupied,15006,"-37.81453906008801, 144.93992259354616"
2025-10-18T04:17:39+05:30,2025-10-18T03:51:08+05:30,7220,Present,14991,"-37.813104291670655, 144.93674327010285"
2025-10-18T04:17:39+05:30,2025-10-17T18:20:54+05:30,7220,Unoccupied,14998,"-37.81414342826124, 144.93736491809432"
2025-10-18T04:17:39+05:30,2025-10-18T02:34:58+05:30,7220,Unoccupied,14997,"-37.81443301063047, 144.9375402290621"
2025-10-18T04:17:39+05:30,2025-10-18T02:53:25+05:30,7220,Unoccupied,14994,"-37.81428979308582, 144.9374532925529"
2025-10-18T04:17:39+05:30,2025-10-18T03:37:47+05:30,7261,Present,14795,"-37.81276044533954, 144.9365268912452"
2025-10-18T04:17:39+05:30,2025-10-17T15:57:22+05:30,7220,Unoccupied,14996,"-37.81424102885472, 144.9374236351444"
2025-10-18T04:17:39+05:30,2025-10-18T03:39:57+05:30,7261,Present,14794,"-37.81270846847291, 144.93649542397023"
2025-10-18T04:17:39+05:30,2025-10-18T02:46:27+05:30,7624,Present,57327,"-37.81295734679007, 144.95402114690148"
2025-10-18T04:17:39+05:30,2025-10-18T04:16:51+05:30,7251,Unoccupied,16411,"-37.80956615740753, 144.98112343591654"
2025-10-18T04:17:39+05:30,2025-10-18T04:16:03+05:30,7251,Present,16417,"-37.80982163232393, 144.98108109435145"
2025-10-18T04:17:39+05:30,2025-10-18T04:08:03+05:30,7251,Present,16408,"-37.80937415030871, 144.98115513323194"
2025-10-18T04:17:39+05:30,2025-10-17T19:14:42+05:30,7251,Unoccupied,16421,"-37.809927937944025, 144.98106352944617"
2025-10-18T04:17:39+05:30,2025-10-18T02:49:00+05:30,7252,Present,17376,"-37.809614761763015, 144.98094151549367"
2025-10-18T04:17:39+05:30,2025-10-18T00:59:41+05:30,7251,Unoccupied,16418,"-37.80979840579508, 144.98108493186783"
2025-10-18T04:17:39+05:30,2025-10-18T03:56:24+05:30,7252,Present,17378,"-37.809846723724554, 144.9809029872756"
2025-10-18T04:17:39+05:30,2025-10-17T15:41:13+05:30,7251,Unoccupied,16412,"-37.80973855278721, 144.98109482168059"
2025-10-18T04:17:39+05:30,2025-10-18T04:06:56+05:30,7251,Present,16403,"-37.80932813670145, 144.98116270511537"
2025-10-18T04:17:39+05:30,2025-10-18T02:12:11+05:30,7251,Unoccupied,16410,"-37.8095965262713, 144.98111841791226"
2025-10-18T04:17:39+05:30,2025-10-15T07:15:16+05:30,7302,Present,17846,"-37.8175383122974, 144.98199015417129"
2025-10-18T04:17:39+05:30,2025-10-15T06:20:37+05:30,7302,Present,17832,"-37.81776328170266, 144.98195143362153"
2025-10-18T04:17:39+05:30,2025-10-11T08:01:12+05:30,7302,Unoccupied,17825,"-37.81731334069316, 144.98202867869423"
2025-10-18T04:17:39+05:30,2025-10-15T07:05:56+05:30,7302,Present,17842,"-37.818325659030904, 144.98185479447943"
2025-10-18T04:17:39+05:30,2025-10-15T06:39:48+05:30,7302,Unoccupied,18112,"-37.817144597422455, 144.98205771689135"
2025-10-18T04:17:39+05:30,2024-11-03T13:13:20+05:30,7302,Unoccupied,17844,"-37.81843814954633, 144.98183506987596"
2025-10-18T04:17:39+05:30,2025-10-15T07:23:53+05:30,7302,Unoccupied,17841,"-37.81826944185879, 144.98186468619872"
2025-10-18T04:17:39+05:30,2025-10-15T07:15:45+05:30,7302,Present,17833,"-37.817819533251466, 144.98194186601359"
2025-10-18T04:17:39+05:30,2025-10-15T03:45:10+05:30,7302,Present,17840,"-37.81821322514499, 144.98187457982505"
2025-10-18T04:17:39+05:30,2025-10-15T07:01:21+05:30,7302,Unoccupied,17831,"-37.81770703057332, 144.98196105955498"
2025-10-18T04:17:39+05:30,2025-10-18T04:14:44+05:30,7274,Unoccupied,50678,"-37.80819872081621, 144.97146215335894"
2025-10-18T04:17:39+05:30,2025-10-14T05:32:21+05:30,7716,Unoccupied,9471,"-37.80578555699063, 144.95720698083218"
2025-10-18T04:17:39+05:30,2025-10-18T02:33:29+05:30,7721,Unoccupied,24038,"-37.80527148638663, 144.9571850658472"
2025-10-18T04:17:39+05:30,2025-10-18T03:23:16+05:30,7721,Unoccupied,24040,"-37.80521974641346, 144.95719414016145"
2025-10-18T04:17:39+05:30,2025-10-18T01:02:43+05:30,7721,Present,9445,"-37.805088125799216, 144.95733033851928"
2025-10-18T04:17:39+05:30,2025-10-17T15:36:35+05:30,7721,Present,9451,"-37.80521972507455, 144.9573070430717"
2025-10-18T04:17:39+05:30,2025-10-18T03:42:29+05:30,7716,Present,9466,"-37.805608925532866, 144.95723821296409"
2025-10-18T04:17:39+05:30,2025-10-18T04:08:52+05:30,7716,Present,9464,"-37.80555715049627, 144.9572473661484"
2025-10-18T04:17:39+05:30,2025-10-18T04:01:20+05:30,7721,Present,9450,"-37.80519340002496, 144.9573116969779"
2025-10-18T04:17:39+05:30,2025-10-18T04:14:29+05:30,7721,Present,9442,"-37.80493178364415, 144.95735802135704"
2025-10-18T04:17:39+05:30,2023-10-08T16:21:16+05:30,7721,Unoccupied,24048,"-37.804827598941316, 144.95726228510551"
2025-10-18T04:17:39+05:30,2025-10-18T03:07:29+05:30,7721,Present,23976,"-37.8045478801612, 144.95731168970116"
2025-10-18T04:17:39+05:30,2025-10-17T02:19:54+05:30,7721,Present,23979,"-37.804471593223425, 144.95732516448777"
2025-10-18T04:17:39+05:30,2025-10-18T03:50:01+05:30,7716,Present,9425,"-37.80450765133169, 144.95743300702912"
2025-10-18T04:17:39+05:30,2025-10-06T14:29:33+05:30,7721,Unoccupied,9439,"-37.80481724676879, 144.95737826911414"
2025-10-18T04:17:39+05:30,2025-10-18T03:47:49+05:30,7721,Unoccupied,9438,"-37.804792270217575, 144.95738268699415"
2025-10-18T04:17:39+05:30,2025-04-25T07:00:55+05:30,7721,Present,9435,"-37.804714647547314, 144.95739641052012"
2025-10-18T04:17:39+05:30,2025-10-18T02:45:41+05:30,7716,Present,9429,"-37.80458527536205, 144.95741928765096"
2025-10-18T04:17:39+05:30,2025-10-18T03:41:31+05:30,7716,Present,9430,"-37.80461115168945, 144.9574147083638"
2025-10-18T04:17:39+05:30,2023-10-30T03:08:27+05:30,,Present,6754,"-37.80782510795761, 144.9601086961826"
2025-10-18T04:17:39+05:30,2025-07-18T15:20:13+05:30,7615,Unoccupied,54617,"-37.81141555471598, 144.95919110655336"
2025-10-18T04:17:39+05:30,2025-10-18T03:46:57+05:30,7485,Present,56914,"-37.81687779548948, 144.95607844612044"
2025-10-18T04:17:39+05:30,2025-10-18T02:35:07+05:30,7232,Unoccupied,18204,"-37.81344584496112, 144.9392419546055"
2025-10-18T04:17:39+05:30,2025-10-18T03:37:24+05:30,7232,Unoccupied,24004,"-37.813702305712596, 144.93951655864066"
2025-10-18T04:17:39+05:30,2025-10-18T03:59:58+05:30,7195,Present,24280,"-37.81327536546101, 144.94199296361913"
2025-10-18T04:17:39+05:30,2025-10-18T04:14:52+05:30,7551,Present,65454,"-37.81258867646636, 144.96116399031894"
2025-10-18T04:17:39+05:30,2025-10-18T02:04:30+05:30,7170,Unoccupied,13444,"-37.81961385206357, 144.94424841015024"
2025-10-18T04:17:39+05:30,2025-10-18T02:03:06+05:30,,Unoccupied,51314,"-37.80927499159071, 144.96936466798843"
2025-10-18T04:17:39+05:30,2025-10-18T03:56:47+05:30,7396,Unoccupied,51155,"-37.81134635817739, 144.97014285911234"
2025-10-18T04:17:39+05:30,2025-10-16T05:51:57+05:30,7529,Unoccupied,62757,"-37.8136598375073, 144.96906482232941"
2025-10-18T04:17:39+05:30,2025-10-17T20:10:28+05:30,7529,Unoccupied,62756,"-37.813641144701464, 144.9691289769056"
2025-10-18T04:17:39+05:30,2025-10-18T04:07:11+05:30,7792,Unoccupied,58012,"-37.81773001493447, 144.95418519218777"
2025-10-18T04:17:39+05:30,2025-09-14T07:44:28+05:30,7630,Unoccupied,51635,"-37.81624312678647, 144.96955996202877"
2025-10-18T04:17:39+05:30,2025-10-18T03:20:48+05:30,7630,Present,51637,"-37.81613310227557, 144.9695092772621"
2025-10-18T04:17:39+05:30,2025-10-14T13:00:00+05:30,7253,Present,17432,"-37.809990366556505, 144.97571012234073"
2025-10-18T04:17:39+05:30,2025-10-14T13:49:12+05:30,7253,Present,17440,"-37.810250461302246, 144.97566700276644"
2025-10-18T04:17:39+05:30,2025-10-18T02:11:32+05:30,7280,Present,5922,"-37.81177445065448, 144.9751651591871"
2025-10-18T04:17:39+05:30,2025-10-17T21:38:44+05:30,7280,Present,5948,"-37.81191028278058, 144.9764222694892"
2025-10-18T04:17:39+05:30,2025-10-18T04:08:36+05:30,7278,Present,5928,"-37.81191206878382, 144.97539496284242"
2025-10-18T04:17:39+05:30,2025-10-18T03:48:17+05:30,7278,Unoccupied,5945,"-37.81207246933754, 144.97685733187535"
2025-10-18T04:17:39+05:30,2025-10-18T03:35:16+05:30,7278,Present,5964,"-37.812118245456055, 144.97727994272412"
2025-10-18T04:17:39+05:30,2025-10-18T04:09:52+05:30,7278,Present,5932,"-37.811944023566255, 144.9756849950074"
2025-10-18T04:17:39+05:30,2025-10-18T00:27:23+05:30,7278,Present,5944,"-37.81206501049819, 144.9767890144979"
2025-10-18T04:17:39+05:30,2025-10-16T12:46:21+05:30,7278,Present,5938,"-37.812005766805214, 144.97624765405462"
2025-10-18T04:17:39+05:30,2025-10-17T07:54:20+05:30,7278,Present,5934,"-37.81197519369269, 144.9759723369881"
2025-10-18T04:17:39+05:30,2025-10-18T00:56:32+05:30,7278,Unoccupied,5939,"-37.81201309072601, 144.9763151872953"
2025-10-18T04:17:39+05:30,2024-11-03T05:51:07+05:30,7270,Present,24600,"-37.811462437669306, 144.9861450848486"
2025-10-18T04:17:39+05:30,2024-11-03T15:18:19+05:30,7270,Unoccupied,24594,"-37.811140968206836, 144.98619944973967"
2025-10-18T04:17:39+05:30,2024-11-03T14:27:20+05:30,7270,Unoccupied,24592,"-37.81103381200096, 144.98621757201624"
2025-10-18T04:17:39+05:30,2024-11-03T14:27:32+05:30,7270,Present,24591,"-37.81098023369967, 144.98622663255236"
2025-10-18T04:17:39+05:30,2024-11-03T12:30:44+05:30,7255,Unoccupied,17920,"-37.811833927892636, 144.98640344216193"
2025-10-18T04:17:39+05:30,2024-11-03T12:48:34+05:30,7255,Unoccupied,17934,"-37.8119382919043, 144.9873482757386"
2025-10-18T04:17:39+05:30,2024-11-03T12:39:32+05:30,7255,Unoccupied,18154,"-37.81181927663579, 144.9862708332184"
2025-10-18T04:17:39+05:30,2024-11-03T09:37:44+05:30,7255,Unoccupied,17938,"-37.81196810849191, 144.98761822873726"
2025-10-18T04:17:39+05:30,2024-11-03T13:51:44+05:30,7255,Unoccupied,17921,"-37.81184138251615, 144.9864709298841"
2025-10-18T04:17:39+05:30,2024-11-03T12:51:30+05:30,7255,Unoccupied,17929,"-37.81190101996481, 144.9870108345574"
2025-10-18T04:17:39+05:30,2024-11-03T18:04:59+05:30,7255,Unoccupied,17923,"-37.81185629211796, 144.9866059065343"
2025-10-18T04:17:39+05:30,2024-11-03T12:41:33+05:30,7255,Unoccupied,17933,"-37.81193083731894, 144.98728078724952"
2025-10-18T04:17:39+05:30,2024-11-03T12:55:44+05:30,7255,Unoccupied,17925,"-37.81187120154709, 144.9867408821104"
2025-10-18T04:17:39+05:30,2024-11-03T12:52:32+05:30,7255,Unoccupied,17936,"-37.81195320004957, 144.98748325221953"
2025-10-18T04:17:39+05:30,2024-11-03T13:02:32+05:30,7255,Unoccupied,17939,"-37.81197556288564, 144.98768571732742"
2025-10-18T04:17:39+05:30,2025-10-18T03:13:47+05:30,7547,Unoccupied,66449,"-37.813169982778604, 144.95544500296842"
2025-10-18T04:17:39+05:30,2025-03-11T08:42:24+05:30,7247,Unoccupied,17459,"-37.81071857953126, 144.97632719234036"
2025-10-18T04:17:39+05:30,2025-10-18T03:33:06+05:30,7247,Present,17453,"-37.81067634340933, 144.97593939468675"
2025-10-18T04:17:39+05:30,2025-10-18T03:43:48+05:30,7247,Unoccupied,17465,"-37.810762405879316, 144.9767310953801"
2025-10-18T04:17:39+05:30,2025-10-18T04:16:41+05:30,7247,Present,17464,"-37.81075417553171, 144.97665521951174"
2025-10-18T04:17:39+05:30,2025-10-17T16:09:34+05:30,7247,Unoccupied,17473,"-37.81086362453706, 144.97766052138235"
2025-10-18T04:17:39+05:30,2025-10-17T16:26:45+05:30,7247,Unoccupied,17476,"-37.810883566294734, 144.9778441861417"
2025-10-18T04:17:39+05:30,2025-10-17T16:51:42+05:30,7247,Unoccupied,17475,"-37.81087694645909, 144.97778321955064"
2025-10-18T04:17:39+05:30,2022-09-13T10:08:23+05:30,7247,Unoccupied,17512,"-37.81092801328627, 144.97654350520963"
2025-10-18T04:17:39+05:30,2025-10-12T06:37:10+05:30,7247,Unoccupied,17517,"-37.81096486029742, 144.97688247485257"
2025-10-18T04:17:39+05:30,2025-10-18T03:58:59+05:30,7260,Present,20641,"-37.80929885625456, 144.97833036087303"
2025-10-18T04:17:39+05:30,2025-10-17T16:43:16+05:30,7260,Unoccupied,20638,"-37.80951140679669, 144.9782947399139"
2025-10-18T04:17:39+05:30,2025-08-07T05:29:06+05:30,7260,Present,20639,"-37.80946049970673, 144.9783032708449"
2025-10-18T04:17:39+05:30,2025-10-18T03:20:37+05:30,7259,Unoccupied,23021,"-37.811233168790565, 144.97796811241463"
2025-10-18T04:17:39+05:30,2025-10-18T02:30:46+05:30,7259,Unoccupied,23017,"-37.8115050917861, 144.97792234492047"
2025-10-18T04:17:39+05:30,2025-10-18T03:20:37+05:30,7259,Unoccupied,23016,"-37.81128748896069, 144.9779589640181"
2025-10-18T04:17:39+05:30,2022-11-30T04:40:24+05:30,7258,Unoccupied,23027,"-37.810537517616076, 144.97832033044642"
2025-10-18T04:17:39+05:30,2025-10-17T17:36:14+05:30,7258,Unoccupied,23033,"-37.810230427024415, 144.97837239923848"
2025-10-18T04:17:39+05:30,2025-10-17T16:10:39+05:30,7258,Unoccupied,22949,"-37.810948345587676, 144.97825469788137"
2025-10-18T04:17:39+05:30,2025-10-18T02:27:24+05:30,7258,Present,23028,"-37.81048633683179, 144.9783290087034"
2025-10-18T04:17:39+05:30,2025-10-18T03:17:54+05:30,7258,Unoccupied,23023,"-37.810840069426604, 144.97827273967437"
2025-10-18T04:17:39+05:30,2024-11-03T10:35:57+05:30,7271,Unoccupied,18150,"-37.81164874469097, 144.98854250198843"
2025-10-18T04:17:39+05:30,2024-11-03T12:35:38+05:30,7271,Unoccupied,18144,"-37.81135986551536, 144.9885920882794"
2025-10-18T04:17:39+05:30,2024-11-03T13:33:01+05:30,7271,Unoccupied,18147,"-37.81147508015315, 144.98857224189527"
2025-10-18T04:17:39+05:30,2025-06-02T14:10:37+05:30,7768,Unoccupied,65519,"-37.81328027993138, 144.95849224716972"
2025-10-18T04:17:39+05:30,2025-10-18T03:22:11+05:30,7503,Unoccupied,67216,"-37.81124426926189, 144.9579464896738"
2025-10-18T04:17:39+05:30,2025-10-18T03:55:06+05:30,7498,Unoccupied,67322,"-37.812085652050754, 144.9550140022447"
2025-10-18T04:17:39+05:30,2025-10-18T02:15:06+05:30,7498,Unoccupied,67328,"-37.8121945706852, 144.95462895258106"
2025-10-18T04:17:39+05:30,2025-10-18T02:49:16+05:30,7949,Unoccupied,67332,"-37.81226727791963, 144.95437225149678"
2025-10-18T04:17:39+05:30,2025-10-17T22:53:42+05:30,7949,Unoccupied,67334,"-37.81230363471879, 144.9542439012972"
2025-10-18T04:17:39+05:30,2025-10-18T03:56:23+05:30,7455,Unoccupied,61411,"-37.81846855746919, 144.9603119383182"
2025-10-18T04:17:39+05:30,2025-10-17T22:31:35+05:30,7438,Unoccupied,60738,"-37.82080343113989, 144.95639823680943"
2025-10-18T04:17:39+05:30,2025-10-18T02:19:26+05:30,7557,Present,65211,"-37.81088939603193, 144.96668991789758"
2025-10-18T04:17:39+05:30,2025-10-18T03:29:11+05:30,7764,Unoccupied,65025,"-37.8097630579857, 144.97052903618362"
2025-10-18T04:17:39+05:30,2025-10-18T03:20:06+05:30,7764,Unoccupied,65023,"-37.809718825350195, 144.97067984779267"
2025-10-18T04:17:39+05:30,2025-10-17T19:21:37+05:30,7614,Present,54623,"-37.811890062399186, 144.95928210413547"
2025-10-18T04:17:39+05:30,2025-10-18T03:27:43+05:30,7359,Present,61913,"-37.81487711702359, 144.9683660160545"
2025-10-18T04:17:39+05:30,2025-10-17T13:59:17+05:30,7357,Present,62411,"-37.818445354787656, 144.9560505543605"
2025-10-18T04:17:39+05:30,2025-10-18T04:14:53+05:30,7627,Present,52315,"-37.80938185329829, 144.96665640066215"
2025-10-18T04:17:39+05:30,2025-10-18T03:37:27+05:30,7389,Present,53222,"-37.812982263201675, 144.96247452105328"
2025-10-18T04:17:39+05:30,2025-10-18T04:15:53+05:30,7479,Unoccupied,56616,"-37.81965703917745, 144.95735584482327"
2025-10-18T04:17:39+05:30,2025-10-18T03:08:03+05:30,7621,Unoccupied,57216,"-37.81376059419755, 144.95464575261047"
2025-10-18T04:17:39+05:30,2025-10-18T04:14:28+05:30,7696,Unoccupied,53915,"-37.8183352010723, 144.96235620749508"
2025-10-18T04:17:39+05:30,2025-10-18T03:07:01+05:30,7434,Present,60435,"-37.81863446449026, 144.96374150071273"
2025-10-18T04:17:39+05:30,2024-04-04T04:31:39+05:30,7506,Present,63335,"-37.81751071462992, 144.95583433895183"
2025-10-18T04:17:39+05:30,2024-04-04T04:41:29+05:30,7537,Present,63336,"-37.81752919296524, 144.95577029762285"
2025-10-18T04:17:39+05:30,2025-10-18T03:50:57+05:30,7686,Present,57926,"-37.81951168305361, 144.95448607010178"
2025-10-18T04:17:39+05:30,2024-03-21T03:29:45+05:30,7076,Unoccupied,22344,"-37.80641652807154, 144.96583221044196"
2025-10-18T04:17:39+05:30,2024-04-05T07:21:37+05:30,7076,Unoccupied,22327,"-37.80576400385078, 144.96618460609042"
2025-10-18T04:17:39+05:30,2024-10-11T04:48:56+05:30,7010,Present,8889,"-37.80488630509279, 144.9599071396808"
2025-10-18T04:17:39+05:30,2025-10-18T04:12:52+05:30,7733,Unoccupied,9577,"-37.80446544036628, 144.94947086617978"
2025-10-18T04:17:39+05:30,2025-10-17T17:33:21+05:30,7725,Unoccupied,9582,"-37.804103389009754, 144.9495339978901"
2025-10-18T04:17:39+05:30,2025-10-17T18:49:28+05:30,7725,Unoccupied,9590,"-37.80363146104051, 144.9496171860684"
2025-10-18T04:17:39+05:30,2025-10-17T17:26:16+05:30,7725,Unoccupied,9615,"-37.80409427609854, 144.94934437180626"
2025-10-18T04:17:39+05:30,2025-10-18T03:58:11+05:30,7753,Present,9620,"-37.804981358709085, 144.94869750073525"
2025-10-18T04:17:39+05:30,2025-10-17T20:36:41+05:30,7753,Unoccupied,9621,"-37.804978220013204, 144.9486693904018"
2025-10-18T04:17:39+05:30,2024-06-27T11:55:59+05:30,7753,Unoccupied,9645,"-37.80508173668994, 144.9486606766646"
2025-10-18T04:17:39+05:30,2024-12-01T15:33:35+05:30,7939,Unoccupied,57647,"-37.809790870724726, 144.9525336522114"
2025-10-18T04:17:39+05:30,2025-07-07T08:43:36+05:30,7752,Unoccupied,10678,"-37.80560674472771, 144.9543577623706"
2025-10-18T04:17:39+05:30,2025-10-18T01:47:05+05:30,7534,Present,63226,"-37.81705852112091, 144.95709868149874"
2025-10-18T04:17:39+05:30,2025-10-18T03:47:40+05:30,7532,Unoccupied,63215,"-37.81677815686639, 144.95799762915135"
2025-10-18T04:17:39+05:30,2025-09-10T19:30:59+05:30,7726,Present,11792,"-37.800379988576154, 144.95560825525052"
2025-10-18T04:17:39+05:30,2025-10-18T02:30:46+05:30,7728,Unoccupied,12029,"-37.798338082915045, 144.9530434331918"
2025-10-18T04:17:39+05:30,2025-10-17T21:42:42+05:30,7350,Unoccupied,56529,"-37.81645884824586, 144.95723003303436"
2025-10-18T04:17:39+05:30,2025-10-18T01:05:15+05:30,7474,Unoccupied,56718,"-37.81870223318014, 144.95691458482557"
2025-10-18T04:17:39+05:30,2025-10-18T03:50:23+05:30,7436,Unoccupied,60137,"-37.81635684169974, 144.97153070955025"
2025-10-18T04:17:39+05:30,2025-10-18T03:56:15+05:30,7160,Present,15024,"-37.813842991341765, 144.94112476903723"
2025-10-18T04:17:39+05:30,2025-10-18T04:16:47+05:30,7766,Present,12082,"-37.80043568759527, 144.9538722936449"
2025-10-18T04:17:39+05:30,2025-10-18T03:58:28+05:30,7766,Present,12079,"-37.80055575892091, 144.95372002436"
2025-10-18T04:17:39+05:30,2025-10-18T03:52:48+05:30,7766,Unoccupied,16174,"-37.80059580560131, 144.95366943998505"
2025-10-18T04:17:39+05:30,2025-10-18T02:10:42+05:30,7329,Unoccupied,53818,"-37.818033178884235, 144.96273290765708"
2025-10-18T04:17:39+05:30,2025-10-18T04:07:20+05:30,7416,Present,61249,"-37.817738497859075, 144.96268705572254"
2025-10-18T04:17:39+05:30,2025-10-17T22:37:12+05:30,7556,Unoccupied,65143,"-37.81039540990433, 144.96870376894992"
2025-10-18T04:17:39+05:30,2025-10-18T03:46:59+05:30,7556,Present,65145,"-37.810412827837034, 144.9686441031432"
2025-10-18T04:17:39+05:30,2025-10-18T03:22:09+05:30,7336,Unoccupied,64046,"-37.81619484477939, 144.95669416522756"
2025-10-18T04:17:39+05:30,2025-10-18T03:51:58+05:30,,Present,64048,"-37.81623184175715, 144.9565660913758"
2025-10-18T04:17:39+05:30,2025-10-18T03:33:03+05:30,7757,Present,22022,"-37.79921728447782, 144.95361915083737"
2025-10-18T04:17:39+05:30,2025-10-18T01:43:26+05:30,7551,Unoccupied,65464,"-37.812791033230766, 144.9604693242385"
2025-10-18T04:17:39+05:30,2025-10-17T21:55:49+05:30,7676,Unoccupied,54422,"-37.81321977572493, 144.9600086484636"
2025-10-18T04:17:39+05:30,2024-12-25T10:45:08+05:30,7184,Unoccupied,17342,"-37.821134546266755, 144.94670364133466"
2025-10-18T04:17:39+05:30,2025-10-18T01:17:35+05:30,7186,Unoccupied,15096,"-37.821337911719226, 144.94386644680426"
2025-10-18T04:17:39+05:30,2025-10-17T14:29:04+05:30,7197,Unoccupied,20913,"-37.82050897624245, 144.94553800007716"
2025-10-18T04:17:39+05:30,2024-12-25T08:27:40+05:30,7202,Unoccupied,20601,"-37.82036084918549, 144.94716161244844"
2025-10-18T04:17:39+05:30,2024-12-25T05:44:27+05:30,7202,Unoccupied,21490,"-37.81974639130393, 144.9469095366655"
2025-10-18T04:17:39+05:30,2025-10-13T02:50:48+05:30,7229,Unoccupied,18609,"-37.8212710393899, 144.95103263283488"
2025-10-18T04:17:39+05:30,2025-10-18T03:57:54+05:30,,Present,63011,"-37.815287626783736, 144.96330614662787"
2025-10-18T04:17:39+05:30,2025-10-17T16:42:10+05:30,7161,Unoccupied,20580,"-37.82109882550872, 144.95167244390558"
2025-10-18T04:17:39+05:30,2025-10-17T18:03:24+05:30,7161,Present,20582,"-37.82119052550672, 144.9517446419496"
2025-10-18T04:17:39+05:30,2024-12-25T07:16:55+05:30,7165,Present,15335,"-37.8187600792066, 144.94786205769583"
2025-10-18T04:17:39+05:30,2024-12-25T10:25:52+05:30,7165,Present,15297,"-37.81879598802617, 144.94773866306133"
2025-10-18T04:17:39+05:30,2025-10-17T13:56:40+05:30,7173,Unoccupied,13465,"-37.81932658145388, 144.94556048401455"
2025-10-18T04:17:39+05:30,2025-10-18T00:38:20+05:30,7173,Unoccupied,13454,"-37.819511884723795, 144.94492009023043"
2025-10-18T04:17:39+05:30,2025-10-17T16:28:35+05:30,7173,Unoccupied,13450,"-37.81955547738714, 144.94476935934006"
2025-10-18T04:17:39+05:30,2025-10-16T18:28:28+05:30,7173,Unoccupied,13470,"-37.819280182601176, 144.94572153087861"
2025-10-18T04:17:39+05:30,2025-10-17T16:30:28+05:30,7173,Unoccupied,13467,"-37.81930770047215, 144.94562615745838"
2025-10-18T04:17:39+05:30,2025-10-18T03:47:58+05:30,7178,Unoccupied,13404,"-37.819928185081864, 144.94347559820022"
2025-10-18T04:17:39+05:30,2025-10-18T04:14:24+05:30,7178,Present,13398,"-37.819987727054716, 144.94327086306834"
2025-10-18T04:17:39+05:30,2025-10-18T03:57:39+05:30,7178,Present,13438,"-37.82006030671869, 144.943340494092"
2025-10-18T04:17:39+05:30,2025-10-18T02:41:00+05:30,7178,Present,13389,"-37.820071479458605, 144.94298286916285"
2025-10-18T04:17:39+05:30,2025-10-18T02:47:55+05:30,7411,Present,51018,"-37.81248502127751, 144.97083654772769"
2025-10-18T04:17:39+05:30,2025-10-18T02:46:44+05:30,,Unoccupied,50934,"-37.8135038414477, 144.97113785862933"
2025-10-18T04:17:39+05:30,2025-10-18T03:04:54+05:30,7411,Present,51017,"-37.812540032912196, 144.97086191240862"
2025-10-18T04:17:39+05:30,2025-10-18T04:08:03+05:30,7399,Present,50911,"-37.81366170756083, 144.97137962133522"
2025-10-18T04:17:39+05:30,2025-10-18T04:14:55+05:30,7645,Present,50222,"-37.81273759258164, 144.9735524921705"
2025-10-18T04:17:39+05:30,2025-10-18T03:46:17+05:30,7645,Present,50211,"-37.81270519385639, 144.97378582031484"
2025-10-18T04:17:39+05:30,2025-10-18T00:04:21+05:30,7188,Present,17712,"-37.82016212885024, 144.93932207496923"
2025-10-18T04:17:39+05:30,2025-10-18T02:37:12+05:30,7188,Unoccupied,17714,"-37.82012786376523, 144.93917896948417"
2025-10-18T04:17:39+05:30,2025-10-18T01:12:43+05:30,7188,Present,17711,"-37.82017773180296, 144.93938718972916"
2025-10-18T04:17:39+05:30,2025-10-18T02:18:45+05:30,7185,Present,18614,"-37.82134017031514, 144.94461717474638"
2025-10-18T04:17:39+05:30,2024-03-29T16:49:10+05:30,,Unoccupied,23365,"-37.815222016904535, 144.96092831329668"
2025-10-18T04:17:39+05:30,2025-10-17T17:15:47+05:30,7226,Unoccupied,23386,"-37.81291378884782, 144.94055147494873"
2025-10-18T04:17:39+05:30,2025-10-17T18:47:48+05:30,7417,Present,61643,"-37.81981366699077, 144.95580820855713"
2025-10-18T04:17:39+05:30,2025-06-02T15:08:19+05:30,7571,Unoccupied,65663,"-37.81421830513031, 144.95556010864127"
2025-10-18T04:17:39+05:30,2025-10-18T01:01:22+05:30,7451,Present,60221,"-37.817075885100294, 144.96842568827884"
2025-10-18T04:17:39+05:30,2025-10-17T17:29:08+05:30,7561,Unoccupied,65816,"-37.80857213624661, 144.9710466210087"
2025-10-18T04:17:39+05:30,2025-10-17T15:59:55+05:30,7273,Unoccupied,50626,"-37.80818100048621, 144.97170218623882"
2025-10-18T04:17:39+05:30,2025-10-17T16:48:34+05:30,7275,Unoccupied,50675,"-37.80834950252704, 144.97152922756635"
2025-10-18T04:17:39+05:30,2024-04-09T11:11:29+05:30,7205,Unoccupied,23856,"-37.81645308546261, 144.94569273730045"
2025-10-18T04:17:39+05:30,2025-10-18T02:54:40+05:30,7780,Present,65487,"-37.81282309437222, 144.9607417489296"
2025-10-18T04:17:39+05:30,2025-10-18T02:52:03+05:30,7191,Unoccupied,15326,"-37.813785369878, 144.94014689679244"
2025-10-18T04:17:39+05:30,2025-10-17T18:28:00+05:30,7191,Unoccupied,15324,"-37.81383752676466, 144.94001000803172"
2025-10-18T04:17:39+05:30,2025-10-18T03:00:08+05:30,7261,Present,16789,"-37.812919869542895, 144.93662218231873"
2025-10-18T04:17:39+05:30,2025-10-18T03:23:27+05:30,7220,Unoccupied,14993,"-37.81433845861139, 144.93748277187038"
2025-10-18T04:17:39+05:30,2025-10-17T11:47:28+05:30,7721,Present,24046,"-37.80487845643643, 144.95725330001758"
2025-10-18T04:17:39+05:30,2024-07-06T10:32:31+05:30,7721,Unoccupied,24051,"-37.804751311124576, 144.95727575889364"
2025-10-18T04:17:39+05:30,2025-10-17T07:13:45+05:30,7721,Present,23973,"-37.804624166194984, 144.95729821547644"
2025-10-18T04:17:39+05:30,2025-10-17T09:19:13+05:30,7721,Present,9436,"-37.80474052112139, 144.95739183635203"
2025-10-18T04:17:39+05:30,2023-10-29T20:03:10+05:30,,Unoccupied,6756,"-37.8079250772858, 144.96015408955364"
2025-10-18T04:17:39+05:30,2025-10-18T01:04:06+05:30,7485,Unoccupied,56913,"-37.81692953258536, 144.95610179300294"
2025-10-18T04:17:39+05:30,2025-10-17T20:33:39+05:30,7232,Unoccupied,18066,"-37.813509381874255, 144.93939985108887"
2025-10-18T04:17:39+05:30,2025-10-18T04:14:38+05:30,7178,Unoccupied,13410,"-37.81976391857569, 144.94404744457694"
2025-10-18T04:17:39+05:30,2025-10-18T03:47:56+05:30,7195,Present,24276,"-37.81318157593854, 144.94223839128688"
2025-10-18T04:17:39+05:30,2025-10-18T03:58:35+05:30,7547,Unoccupied,66442,"-37.81302789935443, 144.95594370941444"
2025-10-18T04:17:39+05:30,2025-10-18T04:13:06+05:30,7400,Unoccupied,50933,"-37.81355835852405, 144.97116325664155"
2025-10-18T04:17:39+05:30,2024-02-02T04:50:18+05:30,,Unoccupied,24474,"-37.80800795727764, 144.95548565521523"
2025-10-18T04:17:39+05:30,2025-10-18T02:03:21+05:30,,Unoccupied,51313,"-37.80932233766988, 144.9693864402434"
2025-10-18T04:17:39+05:30,2024-03-26T09:45:33+05:30,7333,Present,63077,"-37.8158671110984, 144.961532339806"
2025-10-18T04:17:39+05:30,2025-10-14T14:42:45+05:30,7253,Present,17433,"-37.81002289314208, 144.97570474382923"
2025-10-18T04:17:39+05:30,2025-10-17T16:13:28+05:30,7280,Present,5949,"-37.811918144180254, 144.97649484330793"
2025-10-18T04:17:39+05:30,2025-06-05T04:48:16+05:30,,Unoccupied,5960,"-37.81214838990354, 144.9775554474196"
2025-10-18T04:17:39+05:30,2024-11-03T16:20:08+05:30,7270,Present,24593,"-37.81108738987946, 144.98620851030546"
2025-10-18T04:17:39+05:30,2024-11-03T13:37:31+05:30,7270,Present,24590,"-37.810930979354524, 144.98623496221023"
2025-10-18T04:17:39+05:30,2025-10-18T03:59:29+05:30,7247,Present,17455,"-37.810690502415206, 144.97606861650132"
2025-10-18T04:17:39+05:30,2025-10-18T03:40:28+05:30,7247,Present,17460,"-37.810725587048466, 144.97639176128706"
2025-10-18T04:17:39+05:30,2025-10-18T03:40:22+05:30,7247,Present,17458,"-37.81071163255924, 144.97626320381835"
2025-10-18T04:17:39+05:30,2025-10-18T04:01:54+05:30,7247,Present,17471,"-37.81084937986229, 144.97752933315957"
2025-10-18T04:17:39+05:30,2025-10-18T03:25:38+05:30,7247,Unoccupied,17510,"-37.8109132011662, 144.9764084657962"
2025-10-18T04:17:39+05:30,2025-10-18T03:05:52+05:30,7247,Present,17516,"-37.81095731879638, 144.97681213327434"
2025-10-18T04:17:39+05:30,2025-10-18T03:49:45+05:30,7258,Unoccupied,22940,"-37.81049657233905, 144.97809090733188"
2025-10-18T04:17:39+05:30,2023-11-29T06:39:00+05:30,,Unoccupied,24682,"-37.81407650770325, 144.96002484553657"
2025-10-18T04:17:39+05:30,2025-10-18T04:13:38+05:30,7579,Unoccupied,63432,"-37.81169298008376, 144.9721732663594"
2025-10-18T04:17:39+05:30,2024-04-04T04:40:45+05:30,7537,Present,63348,"-37.81776326102175, 144.9549589773298"
2025-10-18T04:17:39+05:30,2024-04-04T03:24:28+05:30,7537,Present,63344,"-37.81768937506971, 144.95521511779842"
2025-10-18T04:17:39+05:30,2024-11-28T08:50:36+05:30,7537,Unoccupied,63341,"-37.817631960140055, 144.95541409698671"
2025-10-18T04:17:39+05:30,2024-04-04T04:10:24+05:30,7537,Present,63349,"-37.817781684238135, 144.95489497822973"
2025-10-18T04:17:39+05:30,2024-04-04T04:17:33+05:30,7537,Present,63345,"-37.81770785128694, 144.95515107738171"
2025-10-18T04:17:39+05:30,2025-10-18T03:36:52+05:30,7579,Present,63418,"-37.811669772161466, 144.97169211502285"
2025-10-18T04:17:39+05:30,2025-10-17T23:47:51+05:30,,Unoccupied,63422,"-37.81176665867656, 144.97136433873743"
2025-10-18T04:17:39+05:30,2024-10-01T14:52:13+05:30,7528,Unoccupied,63147,"-37.81645736832678, 144.95945419768827"
2025-10-18T04:17:39+05:30,2025-10-18T04:01:42+05:30,7528,Present,63146,"-37.81643579288833, 144.95952891500872"
2025-10-18T04:17:39+05:30,2025-10-18T04:09:39+05:30,7334,Present,63510,"-37.81213414640016, 144.97011258637718"
2025-10-18T04:17:39+05:30,2025-10-18T03:36:32+05:30,7334,Unoccupied,63540,"-37.81226616014763, 144.97021577743828"
2025-10-18T04:17:39+05:30,2025-10-18T03:11:41+05:30,7415,Present,61243,"-37.81762950144717, 144.96306901288006"
2025-10-18T04:17:39+05:30,2025-10-18T02:57:29+05:30,7415,Present,61242,"-37.817611198618394, 144.96313312388034"
2025-10-18T04:17:39+05:30,2025-10-17T20:20:35+05:30,,Unoccupied,64134,"-37.81656028873411, 144.95546350988394"
2025-10-18T04:17:39+05:30,2025-10-18T03:59:16+05:30,7377,Present,57721,"-37.819994917407186, 144.9556426084228"
2025-10-18T04:17:39+05:30,2025-10-18T04:08:59+05:30,7377,Present,57720,"-37.820041408012244, 144.9556639590486"
2025-10-18T04:17:39+05:30,2024-04-05T06:24:15+05:30,7076,Present,22319,"-37.806180980721045, 144.96611215145987"
2025-10-18T04:17:39+05:30,2024-04-04T04:49:41+05:30,7076,Present,22321,"-37.80607281981847, 144.96613095106756"
2025-10-18T04:17:39+05:30,2024-04-05T07:45:01+05:30,7076,Present,22320,"-37.80612718204307, 144.96612150454922"
2025-10-18T04:17:39+05:30,2025-10-18T03:56:43+05:30,7265,Present,17961,"-37.809991277464036, 144.9727355959888"
2025-10-18T04:17:39+05:30,2025-10-18T04:05:50+05:30,7265,Present,17964,"-37.81015219787814, 144.97271136949473"
2025-10-18T04:17:39+05:30,2025-10-17T20:07:14+05:30,7265,Unoccupied,17962,"-37.81004472092478, 144.9727274733333"
2025-10-18T04:17:39+05:30,2025-10-18T03:57:05+05:30,7245,Unoccupied,18826,"-37.80952354829268, 144.97483039670124"
2025-10-18T04:17:39+05:30,2025-10-18T04:02:07+05:30,7245,Present,25016,"-37.80949338950968, 144.97456467705467"
2025-10-18T04:17:39+05:30,2025-10-18T03:07:43+05:30,7245,Present,25015,"-37.80948638737142, 144.9745028195055"
2025-10-18T04:17:39+05:30,2025-10-16T07:30:53+05:30,7245,Unoccupied,25012,"-37.80944501560005, 144.97412631193555"
2025-10-18T04:17:39+05:30,2025-10-18T04:16:45+05:30,7245,Unoccupied,25011,"-37.80943735931163, 144.9740554221538"
2025-10-18T04:17:39+05:30,2025-10-17T11:05:45+05:30,7245,Unoccupied,25010,"-37.80942970255988, 144.97398453296893"
2025-10-18T04:17:39+05:30,2025-10-17T02:21:50+05:30,7245,Unoccupied,25006,"-37.80939907415136, 144.97370097467007"
2025-10-18T04:17:39+05:30,2025-10-18T04:06:26+05:30,7269,Unoccupied,17503,"-37.811067886719044, 144.97545979163297"
2025-10-18T04:17:39+05:30,2025-10-18T03:55:00+05:30,7642,Present,58213,"-37.816223948303374, 144.95297624708968"
2025-10-18T04:17:39+05:30,2025-02-10T07:07:51+05:30,7642,Unoccupied,58211,"-37.81632513216525, 144.95302271228667"
2025-10-18T04:17:39+05:30,2025-10-17T14:19:31+05:30,7644,Present,58117,"-37.81744578216494, 144.95353562764575"
2025-10-18T04:17:39+05:30,2025-10-18T04:03:20+05:30,7339,Unoccupied,63923,"-37.81548431361455, 144.95861279393944"
2025-10-18T04:17:39+05:30,2025-10-18T03:49:16+05:30,7241,Present,7501,"-37.809648156021325, 144.97721845137073"
2025-10-18T04:17:39+05:30,2025-10-17T08:24:48+05:30,7236,Unoccupied,7490,"-37.80985527319844, 144.97788324019035"
2025-10-18T04:17:39+05:30,2025-10-17T16:18:11+05:30,7236,Unoccupied,7851,"-37.80969891034127, 144.97644555131023"
2025-10-18T04:17:39+05:30,2025-10-16T16:39:36+05:30,7236,Unoccupied,7486,"-37.8098016990201, 144.97739062791806"
2025-10-18T04:17:39+05:30,2025-10-16T16:56:13+05:30,7236,Unoccupied,7488,"-37.80984059050527, 144.9777482286793"
2025-10-18T04:17:39+05:30,2025-10-16T19:47:54+05:30,7236,Unoccupied,7843,"-37.80976498972029, 144.97705310099425"
2025-10-18T04:17:39+05:30,2025-10-16T19:37:10+05:30,7236,Unoccupied,7847,"-37.8097356213851, 144.97678307815983"
2025-10-18T04:17:39+05:30,2025-10-17T12:41:03+05:30,7236,Unoccupied,7849,"-37.80971359541424, 144.97658056282089"
2025-10-18T04:17:39+05:30,2025-10-17T14:02:09+05:30,7236,Unoccupied,7852,"-37.809691568217204, 144.97637804588027"
2025-10-18T04:17:39+05:30,2025-10-18T04:10:18+05:30,7239,Present,7856,"-37.80997470999398, 144.97892006609857"
2025-10-18T04:17:39+05:30,2025-10-18T04:06:48+05:30,7239,Unoccupied,7862,"-37.81001920918324, 144.97932283004002"
2025-10-18T04:17:39+05:30,2025-10-17T18:33:09+05:30,7239,Unoccupied,7876,"-37.8101232490888, 144.98027207286776"
2025-10-18T04:17:39+05:30,2025-10-17T21:12:41+05:30,7239,Unoccupied,7857,"-37.80998214102748, 144.97898719421062"
2025-10-18T04:17:39+05:30,2025-10-18T03:38:06+05:30,7239,Present,7880,"-37.810152184107466, 144.98053295246075"
2025-10-18T04:17:39+05:30,2025-10-18T01:30:39+05:30,7239,Present,7877,"-37.81013046683342, 144.98033722414348"
2025-10-18T04:17:39+05:30,2025-10-18T02:42:15+05:30,7239,Present,7874,"-37.81010880145669, 144.98014148110727"
2025-10-18T04:17:39+05:30,2025-10-17T15:54:14+05:30,7239,Unoccupied,7864,"-37.8100339483273, 144.97945746392446"
2025-10-18T04:17:39+05:30,2025-10-17T17:10:50+05:30,7239,Unoccupied,7861,"-37.8100117935802, 144.97925548457133"
2025-10-18T04:17:39+05:30,2025-10-18T01:41:13+05:30,7237,Unoccupied,16429,"-37.81013361598532, 144.98168637602356"
2025-10-18T04:17:39+05:30,2025-10-18T03:42:42+05:30,7234,Unoccupied,7929,"-37.8102854657974, 144.9830428893452"
2025-10-18T04:17:39+05:30,2025-10-18T02:41:28+05:30,7237,Unoccupied,16428,"-37.81014111821908, 144.9817538552803"
2025-10-18T04:17:39+05:30,2025-10-17T15:54:06+05:30,7234,Unoccupied,16435,"-37.8101561221018, 144.9818888144199"
2025-10-18T04:17:39+05:30,2024-11-03T10:56:56+05:30,7246,Unoccupied,17549,"-37.811014528547986, 144.98813661100445"
2025-10-18T04:17:39+05:30,2024-11-03T11:06:59+05:30,7246,Unoccupied,17558,"-37.81094794874767, 144.98752914125174"
2025-10-18T04:17:39+05:30,2024-11-03T14:34:42+05:30,7246,Unoccupied,17566,"-37.81088877341393, 144.98698915767085"
2025-10-18T04:17:39+05:30,2024-11-03T09:00:21+05:30,7246,Unoccupied,17546,"-37.811036273881754, 144.9883345943984"
2025-10-18T04:17:39+05:30,2024-11-03T07:26:21+05:30,7246,Unoccupied,17564,"-37.810903540407466, 144.98712415497835"
2025-10-18T04:17:39+05:30,2024-11-03T17:53:43+05:30,7246,Present,17555,"-37.81097019596591, 144.98773161975703"
2025-10-18T04:17:39+05:30,2024-11-02T09:51:07+05:30,7246,Present,17557,"-37.810955372159256, 144.9875966342649"
2025-10-18T04:17:39+05:30,2024-11-03T11:16:33+05:30,7246,Unoccupied,17560,"-37.81093309055969, 144.98739414514165"
2025-10-18T04:17:39+05:30,2024-11-02T08:11:10+05:30,7246,Unoccupied,17554,"-37.81097757344973, 144.98779911629026"
2025-10-18T04:17:39+05:30,2024-11-03T14:10:33+05:30,7246,Unoccupied,17547,"-37.811029360279086, 144.98827159941473"
2025-10-18T04:17:39+05:30,2025-10-17T17:15:46+05:30,7243,Unoccupied,20635,"-37.8107802456345, 144.98360491584899"
2025-10-18T04:17:39+05:30,2025-10-18T03:00:09+05:30,7243,Unoccupied,20637,"-37.81066947651698, 144.9836232361322"
2025-10-18T04:17:39+05:30,2025-10-18T03:14:08+05:30,7250,Present,25131,"-37.810785564484966, 144.983362727202"
2025-10-18T04:17:39+05:30,2025-10-18T04:11:44+05:30,7250,Present,25129,"-37.810889451739584, 144.9833456302623"
2025-10-18T04:17:39+05:30,2025-10-17T17:06:31+05:30,7250,Unoccupied,25128,"-37.81094147219501, 144.9833370872692"
2025-10-18T04:17:39+05:30,2025-10-18T03:36:06+05:30,7250,Present,25122,"-37.811251798500095, 144.98328601597146"
2025-10-18T04:17:39+05:30,2024-04-10T06:59:28+05:30,7250,Unoccupied,25118,"-37.81177746971768, 144.98319700041418"
2025-10-18T04:17:39+05:30,2025-10-18T03:47:28+05:30,7250,Present,25112,"-37.812103502395146, 144.98314277893326"
2025-10-18T04:17:39+05:30,2024-11-03T16:36:28+05:30,7250,Unoccupied,25109,"-37.81225890892537, 144.9831167659197"
2025-10-18T04:17:39+05:30,2025-10-17T20:18:45+05:30,7250,Unoccupied,25104,"-37.812517546671515, 144.9830742821829"
2025-10-18T04:17:39+05:30,2025-10-18T04:11:28+05:30,7250,Unoccupied,25099,"-37.81287651913308, 144.9830141737039"
2025-10-18T04:17:39+05:30,2025-10-17T16:22:23+05:30,7250,Unoccupied,25097,"-37.812981340802864, 144.98299655677704"
2025-10-18T04:17:39+05:30,2025-10-17T16:12:12+05:30,7250,Unoccupied,25096,"-37.81303274027711, 144.98298791063402"
2025-10-18T04:17:39+05:30,2025-10-17T16:59:28+05:30,7250,Unoccupied,25093,"-37.81318814136763, 144.9829615384658"
2025-10-18T04:17:39+05:30,2025-10-18T01:14:57+05:30,7250,Unoccupied,25088,"-37.81344618156171, 144.98291748624297"
2025-10-18T04:17:39+05:30,2025-10-18T04:04:03+05:30,7250,Present,25084,"-37.81365181381193, 144.98288233192096"
2025-10-18T04:17:39+05:30,2025-10-17T16:03:06+05:30,7250,Unoccupied,25077,"-37.814321856229725, 144.98276778517476"
2025-10-18T04:17:39+05:30,2025-10-17T16:34:19+05:30,7250,Unoccupied,25075,"-37.81421891657284, 144.98278540449215"
2025-10-18T04:17:39+05:30,2025-10-17T16:02:30+05:30,7250,Unoccupied,25073,"-37.81411556139862, 144.98280316670127"
2025-10-18T04:17:39+05:30,2025-10-18T03:42:33+05:30,7250,Unoccupied,25070,"-37.814735754833876, 144.98269673717078"
2025-10-18T04:17:39+05:30,2024-11-03T17:34:00+05:30,7250,Unoccupied,25069,"-37.814787265731965, 144.98268791524254"
2025-10-18T04:17:39+05:30,2025-10-17T23:34:15+05:30,7250,Unoccupied,25068,"-37.814839857086824, 144.98267889331953"
2025-10-18T04:17:39+05:30,2025-10-18T03:40:06+05:30,7250,Unoccupied,25067,"-37.81489155405967, 144.9826700483063"
2025-10-18T04:17:39+05:30,2025-10-17T17:30:06+05:30,7250,Unoccupied,25066,"-37.814942583635045, 144.9826613011867"
2025-10-18T04:17:39+05:30,2025-10-17T17:13:33+05:30,7250,Unoccupied,25065,"-37.81499391964768, 144.98265248529412"
2025-10-18T04:17:39+05:30,2025-10-18T04:05:48+05:30,7250,Present,25064,"-37.81504519948656, 144.9826436998707"
2025-10-18T04:17:39+05:30,2025-10-18T03:24:53+05:30,7250,Present,25061,"-37.81520098705904, 144.98261701026485"
2025-10-18T04:17:39+05:30,2024-11-03T15:47:11+05:30,7250,Present,25060,"-37.81525249648016, 144.9826082303527"
2025-10-18T04:17:39+05:30,2025-10-17T17:56:11+05:30,7250,Unoccupied,25059,"-37.81530361097951, 144.98259945779967"
2025-10-18T04:17:39+05:30,2025-10-18T03:15:37+05:30,7250,Present,25055,"-37.815510581746764, 144.98256403465405"
2025-10-18T04:17:39+05:30,2025-10-18T00:12:48+05:30,7362,Unoccupied,62327,"-37.818080128718094, 144.95732198251844"
2025-10-18T04:17:39+05:30,2025-10-18T02:58:36+05:30,7252,Present,17380,"-37.80935429011029, 144.98098383081503"
2025-10-18T04:17:39+05:30,2024-04-03T03:21:04+05:30,,Present,25032,"-37.814837074305586, 144.96143116050925"
2025-10-18T04:17:39+05:30,2025-10-18T04:06:53+05:30,7333,Unoccupied,63072,"-37.815725804409745, 144.96201518594745"
2025-10-18T04:17:39+05:30,2025-10-18T04:02:13+05:30,7333,Present,63067,"-37.81563017188824, 144.9623430935534"
2025-10-18T04:17:39+05:30,2025-10-18T00:00:03+05:30,7333,Present,63064,"-37.81554409557444, 144.96263918833716"
2025-10-18T04:17:39+05:30,2025-10-18T04:14:31+05:30,7333,Unoccupied,63062,"-37.815477126005604, 144.96286604401126"
2025-10-18T04:17:39+05:30,2025-10-18T02:23:45+05:30,7332,Present,63015,"-37.81536750040925, 144.96303304681143"
2025-10-18T04:17:39+05:30,2025-10-18T01:56:47+05:30,7264,Unoccupied,10973,"-37.81404552354326, 144.9777355293637"
2025-10-18T04:17:39+05:30,2025-10-18T03:40:16+05:30,7264,Present,10975,"-37.814149118404785, 144.97771810263913"
2025-10-18T04:17:39+05:30,2025-10-18T02:38:06+05:30,7264,Unoccupied,10971,"-37.8139419342189, 144.97775285259883"
2025-10-18T04:17:39+05:30,2025-09-03T12:55:20+05:30,7301,Unoccupied,17282,"-37.8162944532351, 144.9772612918356"
2025-10-18T04:17:39+05:30,2025-09-03T13:57:41+05:30,7301,Present,17285,"-37.816323431722935, 144.9774758239897"
2025-10-18T04:17:39+05:30,2025-06-16T14:48:56+05:30,7301,Present,17280,"-37.81635013661469, 144.97767307039106"
2025-10-18T04:17:39+05:30,2025-09-03T10:41:20+05:30,7301,Present,17290,"-37.81636881759522, 144.97781032987416"
2025-10-18T04:17:39+05:30,2025-10-18T04:13:42+05:30,7412,Unoccupied,60942,"-37.81516742677178, 144.97149395321327"
2025-10-18T04:17:39+05:30,2025-10-17T16:30:02+05:30,7548,Present,65849,"-37.808710199143206, 144.97074350414226"
2025-10-18T04:17:39+05:30,2025-10-18T02:53:23+05:30,7450,Unoccupied,61139,"-37.816803779356526, 144.96591987033625"
2025-10-18T04:17:39+05:30,2025-10-18T03:47:23+05:30,7455,Present,61428,"-37.81846081686636, 144.95982690855809"
2025-10-18T04:17:39+05:30,2025-10-18T03:52:07+05:30,7402,Unoccupied,50852,"-37.81449048070375, 144.97159578905166"
2025-10-18T04:17:39+05:30,2025-10-18T03:47:02+05:30,7514,Unoccupied,64570,"-37.81306881953495, 144.9634527950977"
2025-10-18T04:17:39+05:30,2025-10-18T03:58:04+05:30,7514,Present,64565,"-37.812897706090766, 144.96404000230802"
2025-10-18T04:17:39+05:30,2024-06-27T14:03:26+05:30,,Unoccupied,60957,"-37.815616760930396, 144.9699622682448"
2025-10-18T04:17:39+05:30,2024-04-04T04:16:42+05:30,,Present,61020,"-37.81603681350178, 144.96855969820953"
2025-10-18T04:17:39+05:30,2024-12-16T07:07:38+05:30,7495,Present,67053,"-37.810043091401525, 144.9625456829915"
2025-10-18T04:17:39+05:30,2025-10-15T20:12:19+05:30,,Present,63613,"-37.81290917979874, 144.96746268435092"
2025-10-18T04:17:39+05:30,2025-10-18T03:03:41+05:30,,Unoccupied,63610,"-37.812851171184576, 144.96766091552885"
2025-10-18T04:17:39+05:30,2025-10-18T04:08:59+05:30,7345,Present,63625,"-37.813153635609424, 144.9667323471255"
2025-10-18T04:17:39+05:30,2025-10-18T02:40:36+05:30,7345,Unoccupied,63624,"-37.813134848994366, 144.96679623973978"
2025-10-18T04:17:39+05:30,2025-10-17T11:04:06+05:30,7345,Present,63622,"-37.81309727475635, 144.96692402484877"
2025-10-18T04:17:39+05:30,2025-10-18T04:06:48+05:30,7345,Present,63621,"-37.81307817390757, 144.9669889829218"
2025-10-18T04:17:39+05:30,2025-10-17T21:46:00+05:30,7345,Present,63618,"-37.81302149849634, 144.967181727001"
2025-10-18T04:17:39+05:30,2025-10-16T08:01:30+05:30,,Present,62655,"-37.81276100620035, 144.97209067275935"
2025-10-18T04:17:39+05:30,2025-10-17T18:53:32+05:30,7533,Present,62658,"-37.81282049175118, 144.9718874027827"
2025-10-18T04:17:39+05:30,2025-10-17T12:23:37+05:30,7362,Present,62341,"-37.81790814251109, 144.95848959042416"
2025-10-18T04:17:39+05:30,2023-10-18T02:56:07+05:30,,Unoccupied,21150,"-37.81900650221777, 144.95862616886228"
2025-10-18T04:17:39+05:30,2023-10-10T03:44:12+05:30,,Unoccupied,20748,"-37.81953183333034, 144.95680415896118"
2025-10-18T04:17:39+05:30,2025-10-18T03:52:29+05:30,7631,Unoccupied,51634,"-37.81631973757882, 144.96959523608422"
2025-10-18T04:17:39+05:30,2025-10-18T03:53:50+05:30,7569,Unoccupied,65247,"-37.81120725098617, 144.96624966851925"
2025-10-18T04:17:39+05:30,2025-10-17T22:16:56+05:30,7631,Unoccupied,51632,"-37.81644117492837, 144.96965120384647"
2025-10-18T04:17:39+05:30,2024-12-17T04:37:52+05:30,7497,Present,66836,"-37.80870551853567, 144.96661172128603"
2025-10-18T04:17:39+05:30,2024-12-16T06:29:47+05:30,7495,Present,67054,"-37.810061775804314, 144.9624817467575"
2025-10-18T04:17:39+05:30,2025-10-18T03:51:39+05:30,,Present,51750,"-37.815243191850584, 144.96910117534844"
2025-10-18T04:17:39+05:30,2025-10-18T02:31:11+05:30,,Unoccupied,7895,"-37.809826587400536, 144.9788954250232"
2025-10-18T04:17:39+05:30,2023-04-22T12:14:59+05:30,,Present,5736,"-37.81068739943069, 144.96771082732118"
2025-10-18T04:17:39+05:30,2025-10-18T04:11:02+05:30,7533,Unoccupied,62661,"-37.81286923126099, 144.97172047337548"
2025-10-18T04:17:39+05:30,2025-10-18T02:54:39+05:30,7533,Present,62662,"-37.81288751437722, 144.97165817666922"
2025-10-18T04:17:39+05:30,2025-10-18T04:11:02+05:30,7769,Unoccupied,65481,"-37.812495776227316, 144.96118904695265"
2025-10-18T04:17:39+05:30,2025-10-18T03:35:41+05:30,7769,Unoccupied,65474,"-37.812337594210845, 144.96173264328155"
2025-10-18T04:17:39+05:30,2025-10-17T23:14:49+05:30,7769,Unoccupied,65476,"-37.81237480662105, 144.96160464385943"
2025-10-18T04:17:39+05:30,2025-10-18T02:15:31+05:30,7343,Present,63424,"-37.81182606177407, 144.97116208822183"
2025-10-18T04:17:39+05:30,2025-10-17T06:54:53+05:30,7343,Unoccupied,63423,"-37.811808283287085, 144.9712227762285"
2025-10-18T04:17:39+05:30,2025-10-18T02:47:56+05:30,,Unoccupied,61135,"-37.81671390060552, 144.96623196365874"
2025-10-18T04:17:39+05:30,2025-10-18T00:39:49+05:30,7554,Unoccupied,65479,"-37.812429381776056, 144.9614172740758"
2025-10-18T04:17:39+05:30,2025-10-18T04:16:17+05:30,7417,Present,61641,"-37.81977593985887, 144.95594194920315"
2025-10-18T04:17:39+05:30,2025-10-18T04:01:05+05:30,7417,Unoccupied,61619,"-37.819698386192954, 144.9558624782633"
2025-10-18T04:17:39+05:30,2025-10-18T02:23:37+05:30,7358,Present,61844,"-37.814641173654124, 144.96973279671252"
2025-10-18T04:17:39+05:30,2025-10-18T03:55:13+05:30,7190,Present,62065,"-37.81615408033775, 144.9645522505158"
2025-10-18T04:17:39+05:30,2025-10-18T04:16:31+05:30,7189,Unoccupied,62059,"-37.816023578231906, 144.96500119446284"
2025-10-18T04:17:39+05:30,2025-10-18T02:39:47+05:30,7190,Present,62027,"-37.81593653016311, 144.9647463746411"
2025-10-18T04:17:39+05:30,2025-10-18T04:16:47+05:30,7190,Present,62028,"-37.8159552792182, 144.96468246233997"
2025-10-18T04:17:39+05:30,2025-10-18T04:07:59+05:30,7190,Present,62030,"-37.81599840255207, 144.96453548362558"
2025-10-18T04:17:39+05:30,2025-10-18T03:09:58+05:30,7190,Unoccupied,62031,"-37.816020983773086, 144.9644587885271"
2025-10-18T04:17:39+05:30,2025-10-18T03:52:28+05:30,7507,Present,62873,"-37.81406750223225, 144.96764234105655"
2025-10-18T04:17:39+05:30,2025-10-17T09:44:19+05:30,7450,Unoccupied,61151,"-37.81709660795699, 144.9649217246474"
2025-10-18T04:17:39+05:30,2024-12-24T06:58:17+05:30,7450,Unoccupied,61145,"-37.81694979916195, 144.96542248354993"
2025-10-18T04:17:39+05:30,2025-10-18T04:07:33+05:30,7454,Unoccupied,60026,"-37.815765325423385, 144.9728758353579"
2025-10-18T04:17:39+05:30,2025-10-18T02:58:45+05:30,7358,Present,61843,"-37.81462230642892, 144.969796640633"
2025-10-18T04:17:39+05:30,2024-08-10T15:32:33+05:30,7452,Unoccupied,60228,"-37.81721448155689, 144.96795514055805"
2025-10-18T04:17:39+05:30,2025-10-18T03:56:17+05:30,7363,Present,61847,"-37.81470252321151, 144.96952517898953"
2025-10-18T04:17:39+05:30,2025-10-18T04:07:34+05:30,,Present,60244,"-37.81722164040342, 144.96860538499686"
2025-10-18T04:17:39+05:30,2025-10-17T11:13:05+05:30,,Unoccupied,60245,"-37.8172423412333, 144.96853430210422"
2025-10-18T04:17:39+05:30,2025-10-18T02:27:22+05:30,7320,Present,63531,"-37.81260578300345, 144.96851113908832"
2025-10-18T04:17:39+05:30,2025-10-18T04:15:09+05:30,7628,Unoccupied,51815,"-37.81421407825971, 144.96887091645692"
2025-10-18T04:17:39+05:30,2025-10-17T06:45:35+05:30,,Present,51811,"-37.81441729985575, 144.96896406095732"
2025-10-18T04:17:39+05:30,2025-10-18T02:01:32+05:30,7529,Present,62712,"-37.81317358128244, 144.97053897697958"
2025-10-18T04:17:39+05:30,2025-10-18T04:11:33+05:30,7356,Unoccupied,61933,"-37.81527606682237, 144.96700621790194"
2025-10-18T04:17:39+05:30,2025-04-17T05:06:20+05:30,7190,Present,62051,"-37.81587339567721, 144.96551600146694"
2025-10-18T04:17:39+05:30,2025-10-18T03:26:38+05:30,7512,Unoccupied,62643,"-37.81250642470439, 144.9729607114529"
2025-10-18T04:17:39+05:30,2025-10-17T23:23:33+05:30,7500,Unoccupied,67231,"-37.811405973019575, 144.9578711976557"
2025-10-18T04:17:39+05:30,2025-10-17T19:23:39+05:30,7503,Unoccupied,67229,"-37.81136563262732, 144.95801042290748"
2025-10-18T04:17:39+05:30,2025-10-18T00:09:13+05:30,7510,Unoccupied,64461,"-37.81231686828255, 144.96603456946735"
2025-10-18T04:17:39+05:30,2025-10-18T04:15:38+05:30,7630,Unoccupied,51617,"-37.81601454920161, 144.96970070161825"
2025-10-18T04:17:39+05:30,2025-10-18T01:56:11+05:30,7538,Present,64266,"-37.810922428323394, 144.97079463705296"
2025-10-18T04:17:39+05:30,2025-05-20T16:07:26+05:30,7559,Unoccupied,64235,"-37.81090164460444, 144.97069246821482"
2025-10-18T04:17:39+05:30,2025-10-18T04:10:01+05:30,7538,Present,64224,"-37.81068226405352, 144.97143921074053"
2025-10-18T04:17:39+05:30,2025-10-18T00:47:29+05:30,7413,Present,51012,"-37.81280696343559, 144.97098505885344"
2025-10-18T04:17:39+05:30,2025-10-18T03:34:46+05:30,7514,Present,64558,"-37.81274639126251, 144.96455394093988"
2025-10-18T04:17:39+05:30,2024-12-16T07:04:00+05:30,7494,Present,67049,"-37.809964822983446, 144.96282704636855"
2025-10-18T04:17:39+05:30,2025-10-18T01:16:43+05:30,7560,Present,65951,"-37.80924291821428, 144.96886730688124"
2025-10-18T04:17:39+05:30,2025-10-18T03:50:19+05:30,7274,Unoccupied,50679,"-37.80813917824753, 144.9714346925275"
2025-10-18T04:17:39+05:30,2025-10-18T04:04:27+05:30,7640,Present,52245,"-37.810431120639905, 144.96688538841744"
2025-10-18T04:17:39+05:30,2025-10-18T04:11:21+05:30,7640,Present,52247,"-37.81032948087469, 144.9668389313935"
2025-10-18T04:17:39+05:30,2025-10-18T04:01:01+05:30,7541,Unoccupied,65867,"-37.80905010694451, 144.96957362357503"
2025-10-18T04:17:39+05:30,2025-10-18T03:29:43+05:30,7635,Present,52313,"-37.80948503669423, 144.9667041014812"
2025-10-18T04:17:39+05:30,2025-10-18T03:57:19+05:30,7329,Unoccupied,53820,"-37.81791428652916, 144.96267903559766"
2025-10-18T04:17:39+05:30,2025-10-17T18:49:50+05:30,7672,Unoccupied,50672,"-37.80863462181725, 144.9716617913952"
2025-10-18T04:17:39+05:30,2025-10-18T01:41:15+05:30,7647,Unoccupied,50523,"-37.809811228461804, 144.97220260791624"
2025-10-18T04:17:39+05:30,2025-10-18T04:03:37+05:30,7534,Present,63224,"-37.81702338829923, 144.957223551761"
2025-10-18T04:17:39+05:30,2025-10-18T04:11:29+05:30,7552,Unoccupied,66439,"-37.81297026865764, 144.95614615923884"
2025-10-18T04:17:39+05:30,2025-10-18T04:03:10+05:30,7547,Unoccupied,66425,"-37.81318253726458, 144.95522437884654"
2025-10-18T04:17:39+05:30,2025-10-18T04:16:20+05:30,7344,Unoccupied,62213,"-37.81706866623178, 144.96084067956667"
2025-10-18T04:17:39+05:30,2025-10-18T03:07:01+05:30,7355,Present,62215,"-37.817107729734275, 144.96070505631025"
2025-10-18T04:17:39+05:30,2025-10-18T03:17:27+05:30,7355,Present,62216,"-37.817127651763016, 144.96063600947988"
2025-10-18T04:17:39+05:30,2025-10-18T04:16:47+05:30,7355,Present,62217,"-37.81714754558119, 144.9605669347406"
2025-10-18T04:17:39+05:30,2025-10-18T03:53:56+05:30,7336,Present,64045,"-37.81617635518238, 144.9567581921039"
2025-10-18T04:17:39+05:30,2025-10-18T02:14:03+05:30,7552,Present,66435,"-37.812877010768986, 144.95647552514245"
2025-10-18T04:17:39+05:30,2025-10-18T03:09:14+05:30,7344,Present,62219,"-37.81718530318269, 144.96043649733113"
2025-10-18T04:17:39+05:30,2025-10-17T17:52:36+05:30,7552,Unoccupied,66438,"-37.81295351654811, 144.95620492574668"
2025-10-18T04:17:39+05:30,2025-10-18T02:08:19+05:30,,Present,61518,"-37.818999563895304, 144.95829966942395"
2025-10-18T04:17:39+05:30,2025-04-14T22:32:07+05:30,,Present,61528,"-37.819257098929555, 144.95741383960632"
2025-10-18T04:17:39+05:30,2025-10-18T02:54:24+05:30,7528,Present,63145,"-37.81641654511586, 144.9595955256485"
2025-10-18T04:17:39+05:30,2025-10-18T02:49:49+05:30,7527,Unoccupied,63142,"-37.81635861262595, 144.95979856801225"
2025-10-18T04:17:39+05:30,2025-10-18T04:08:44+05:30,7527,Present,63140,"-37.816322183678324, 144.95992688709927"
2025-10-18T04:17:39+05:30,2025-10-18T00:17:24+05:30,7765,Unoccupied,65334,"-37.812120495267024, 144.96248157600564"
2025-10-18T04:17:39+05:30,2025-10-18T03:12:30+05:30,7603,Unoccupied,65328,"-37.81200605961684, 144.9628752274274"
2025-10-18T04:17:39+05:30,2025-10-18T01:41:02+05:30,7603,Unoccupied,65327,"-37.81198749904655, 144.96293909303688"
2025-10-18T04:17:39+05:30,2025-10-18T04:09:14+05:30,7603,Unoccupied,65325,"-37.81195124839182, 144.9630638115199"
2025-10-18T04:17:39+05:30,2025-10-18T04:15:20+05:30,7772,Unoccupied,65230,"-37.81127736615012, 144.96537534506908"
2025-10-18T04:17:39+05:30,2025-10-18T04:08:25+05:30,7772,Unoccupied,65229,"-37.81125536280861, 144.9654497840845"
2025-10-18T04:17:39+05:30,2025-10-18T01:57:35+05:30,7762,Unoccupied,65092,"-37.8099307042784, 144.97063156433674"
2025-10-18T04:17:39+05:30,2025-10-18T04:15:43+05:30,7762,Unoccupied,65091,"-37.809912035820574, 144.97069548972638"
2025-10-18T04:17:39+05:30,2025-10-18T03:49:52+05:30,7558,Unoccupied,65185,"-37.81052468652243, 144.96860215952597"
2025-10-18T04:17:39+05:30,2025-06-02T09:55:27+05:30,7767,Unoccupied,65524,"-37.81337280650673, 144.95817383879444"
2025-10-18T04:17:39+05:30,2025-10-18T00:56:16+05:30,7763,Present,65016,"-37.80957211737984, 144.97117794858474"
2025-10-18T04:17:39+05:30,2025-10-18T04:02:59+05:30,7623,Present,54065,"-37.81728823580427, 144.96162989440703"
2025-10-18T04:17:39+05:30,2025-10-18T04:02:57+05:30,7612,Unoccupied,54417,"-37.8134969966321, 144.960135162915"
2025-10-18T04:17:39+05:30,2025-10-18T04:06:25+05:30,,Unoccupied,54248,"-37.815645480403646, 144.96087041827332"
2025-10-18T04:17:39+05:30,2025-10-17T18:44:56+05:30,7347,Unoccupied,56531,"-37.81635471704237, 144.957182692618"
2025-10-18T04:17:39+05:30,2025-03-04T02:24:29+05:30,7608,Unoccupied,54244,"-37.81585666180969, 144.96096829718877"
2025-10-18T04:17:39+05:30,2025-10-18T03:57:21+05:30,7697,Present,53920,"-37.81806845854699, 144.96223400578788"
2025-10-18T04:17:39+05:30,2025-10-17T15:11:58+05:30,7362,Present,62316,"-37.81782284292312, 144.9582202846961"
2025-10-18T04:17:39+05:30,2025-10-18T03:33:12+05:30,7697,Present,53918,"-37.81817514263396, 144.9622829157367"
2025-10-18T04:17:39+05:30,2025-10-18T04:02:00+05:30,7697,Present,53917,"-37.81822848238929, 144.96230737028097"
2025-10-18T04:17:39+05:30,2025-10-18T04:12:08+05:30,7690,Unoccupied,54321,"-37.81415024868862, 144.96043413985802"
2025-10-18T04:17:39+05:30,2025-10-18T04:11:52+05:30,7690,Unoccupied,54320,"-37.81420358514674, 144.96045850918097"
2025-10-18T04:17:39+05:30,2025-10-18T03:19:12+05:30,7631,Present,51619,"-37.815908054657584, 144.96965123731835"
2025-10-18T04:17:39+05:30,2024-10-21T06:47:14+05:30,7779,Present,65358,"-37.81206128496535, 144.9633612208833"
2025-10-18T04:17:39+05:30,2024-04-09T11:58:58+05:30,7952,Present,23812,"-37.81145338951559, 144.9530420100263"
2025-10-18T04:17:39+05:30,2023-11-01T13:42:51+05:30,,Present,16752,"-37.80300968515433, 144.9674300407838"
2025-10-18T04:17:39+05:30,2025-10-18T03:16:00+05:30,7096,Present,22415,"-37.80639041159406, 144.96516745152726"
2025-10-18T04:17:39+05:30,2025-10-18T03:51:28+05:30,,Present,22416,"-37.80653077721751, 144.96514281467523"
2025-10-18T04:17:39+05:30,2025-10-17T17:20:01+05:30,7096,Present,22431,"-37.80646889526538, 144.96523046172106"
2025-10-18T04:17:39+05:30,2025-09-03T14:30:30+05:30,7010,Unoccupied,17243,"-37.80218970086564, 144.9586617931266"
2025-10-18T04:17:39+05:30,2025-10-18T04:07:34+05:30,7335,Unoccupied,64137,"-37.81661814208146, 144.9552603208842"
2025-10-18T04:17:39+05:30,2025-10-18T04:06:12+05:30,,Unoccupied,62888,"-37.81438973865933, 144.96654638342596"
2025-10-18T04:17:39+05:30,2025-10-18T04:08:47+05:30,7649,Unoccupied,50632,"-37.808873080497605, 144.97189713888386"
2025-10-18T04:17:39+05:30,2025-10-17T17:40:45+05:30,7649,Unoccupied,50637,"-37.80875480843041, 144.97184279187314"
2025-10-18T04:17:39+05:30,2025-10-18T03:35:49+05:30,7649,Present,50639,"-37.808707353974654, 144.9718209857686"
2025-10-18T04:17:39+05:30,2025-10-17T03:29:54+05:30,7649,Present,50640,"-37.808660179978915, 144.97179932080303"
2025-10-18T04:17:39+05:30,2025-10-17T17:21:54+05:30,7649,Unoccupied,50643,"-37.808589373656346, 144.97176686270228"
2025-10-18T04:17:39+05:30,2025-10-18T03:47:41+05:30,7556,Present,65141,"-37.810368469239876, 144.9687950736765"
2025-10-18T04:17:39+05:30,2025-10-18T03:38:19+05:30,7556,Unoccupied,65140,"-37.810360151885874, 144.96882366467938"
2025-10-18T04:17:39+05:30,2025-10-18T04:08:46+05:30,7556,Present,65139,"-37.8103516363898, 144.96885285230542"
2025-10-18T04:17:39+05:30,2025-10-17T22:48:15+05:30,7556,Unoccupied,65137,"-37.810334301158015, 144.96891216705563"
2025-10-18T04:17:39+05:30,2025-10-18T02:51:56+05:30,7556,Unoccupied,65136,"-37.81032556866694, 144.96894199588996"
2025-10-18T04:17:39+05:30,2025-10-18T02:59:06+05:30,7556,Present,65135,"-37.81031658628852, 144.9689726149363"
2025-10-18T04:17:39+05:30,2025-10-18T04:12:38+05:30,7556,Unoccupied,65130,"-37.81026342710544, 144.96915418415912"
2025-10-18T04:17:39+05:30,2025-10-18T03:55:51+05:30,7556,Unoccupied,65129,"-37.81025476640585, 144.9691838165588"
2025-10-18T04:17:39+05:30,2025-06-02T09:17:17+05:30,7767,Unoccupied,65523,"-37.81335468962813, 144.95823713898977"
2025-10-18T04:17:39+05:30,2025-06-02T13:42:31+05:30,7768,Unoccupied,65518,"-37.81320766564029, 144.95874115957292"
2025-10-18T04:17:39+05:30,2025-06-02T14:57:29+05:30,7768,Unoccupied,65517,"-37.81319042136519, 144.9588003813769"
2025-10-18T04:17:39+05:30,2025-06-02T13:06:40+05:30,7768,Unoccupied,65515,"-37.813128254688216, 144.95901420809963"
2025-10-18T04:17:39+05:30,2025-06-02T11:57:30+05:30,7566,Unoccupied,65568,"-37.813499880271024, 144.95808871514726"
2025-10-18T04:17:39+05:30,2025-04-10T07:22:25+05:30,7566,Unoccupied,65565,"-37.81347412665417, 144.9581768886335"
2025-10-18T04:17:39+05:30,2025-06-02T14:12:58+05:30,7566,Unoccupied,65560,"-37.81343025022676, 144.95832711066356"
2025-10-18T04:17:39+05:30,2025-06-02T11:33:55+05:30,7566,Unoccupied,65559,"-37.8134213075179, 144.9583577289901"
2025-10-18T04:17:39+05:30,2025-06-02T12:46:44+05:30,7566,Unoccupied,65556,"-37.81339527132031, 144.95844687222694"
2025-10-18T04:17:39+05:30,2025-06-02T11:20:06+05:30,7566,Present,65551,"-37.81332963316226, 144.95867229615575"
2025-10-18T04:17:39+05:30,2025-06-02T13:41:59+05:30,7566,Present,65538,"-37.81319676404733, 144.95912719882205"
2025-10-18T04:17:39+05:30,2025-06-02T14:19:39+05:30,7566,Unoccupied,65537,"-37.813188012095566, 144.95915716252705"
2025-10-18T04:17:39+05:30,2025-06-02T12:54:58+05:30,7566,Present,65534,"-37.81316183570986, 144.95924678049406"
2025-10-18T04:17:39+05:30,2025-06-02T13:26:47+05:30,7566,Present,65531,"-37.813135638415574, 144.9593364688236"
2025-10-18T04:17:39+05:30,2025-06-02T12:43:54+05:30,7566,Unoccupied,65530,"-37.813126917055136, 144.95936632886213"
2025-10-18T04:17:39+05:30,2025-06-02T14:14:47+05:30,7566,Unoccupied,65527,"-37.81308470590268, 144.95951158908997"
2025-10-18T04:17:39+05:30,2025-10-17T17:18:29+05:30,7610,Present,54517,"-37.812282774323805, 144.9595816217158"
2025-10-18T04:17:39+05:30,2025-10-18T03:43:32+05:30,7633,Unoccupied,52120,"-37.811130996115935, 144.96745747467256"
2025-10-18T04:17:39+05:30,2025-10-17T20:52:40+05:30,7503,Unoccupied,67217,"-37.81126203604447, 144.95788515167453"
2025-10-18T04:17:39+05:30,2025-10-18T03:37:04+05:30,7949,Unoccupied,67319,"-37.81203096427396, 144.95520652801406"
2025-10-18T04:17:39+05:30,2025-10-18T03:42:20+05:30,7498,Unoccupied,67323,"-37.81210381810383, 144.95494975893916"
2025-10-18T04:17:39+05:30,2025-10-18T03:46:22+05:30,7547,Unoccupied,66429,"-37.8132769911646, 144.9548920632873"
2025-10-18T04:17:39+05:30,2025-10-18T03:24:54+05:30,7547,Unoccupied,66430,"-37.81329741425104, 144.95482100789945"
2025-10-18T04:17:39+05:30,2025-10-17T21:13:48+05:30,7547,Present,66431,"-37.813323494283814, 144.9547298672462"
2025-10-18T04:17:39+05:30,2025-10-18T03:59:41+05:30,7455,Present,61412,"-37.818487336629275, 144.96024806645505"
2025-10-18T04:17:39+05:30,2025-10-18T04:11:25+05:30,7438,Unoccupied,60739,"-37.82082072074438, 144.95633848342953"
2025-10-18T04:17:39+05:30,2025-10-18T04:03:27+05:30,7638,Present,51935,"-37.813272765224156, 144.96831366008084"
2025-10-18T04:17:39+05:30,2025-10-17T20:50:33+05:30,7638,Present,51928,"-37.81348501062016, 144.9684113895476"
2025-10-18T04:17:39+05:30,2025-10-18T03:29:21+05:30,7638,Present,51930,"-37.81340749303787, 144.96837524577256"
2025-10-18T04:17:39+05:30,2025-10-18T01:01:20+05:30,7638,Present,51931,"-37.81338463077226, 144.96836478187475"
2025-10-18T04:17:39+05:30,2025-10-18T03:59:24+05:30,7638,Present,51932,"-37.813361220798626, 144.96835416684405"
2025-10-18T04:17:39+05:30,2025-10-17T18:20:22+05:30,7548,Unoccupied,65862,"-37.808955557681536, 144.9698981649386"
2025-10-18T04:17:39+05:30,2025-10-17T18:20:32+05:30,7548,Present,65863,"-37.808974945759374, 144.96983154209187"
2025-10-18T04:17:39+05:30,2025-10-18T03:43:48+05:30,7561,Present,65833,"-37.808896816634046, 144.96992978550367"
2025-10-18T04:17:39+05:30,2025-10-17T19:29:02+05:30,7561,Unoccupied,65834,"-37.80891545154011, 144.96986556596156"
2025-10-18T04:17:39+05:30,2025-10-17T19:23:57+05:30,7563,Unoccupied,65836,"-37.8089525716381, 144.96973758829395"
2025-10-18T04:17:39+05:30,2025-10-17T17:13:09+05:30,7548,Unoccupied,65856,"-37.808836973509045, 144.9703056798137"
2025-10-18T04:17:39+05:30,2025-10-18T01:54:45+05:30,7548,Unoccupied,65855,"-37.80882010318139, 144.9703644306575"
2025-10-18T04:17:39+05:30,2025-10-18T03:23:11+05:30,7763,Unoccupied,65026,"-37.809780944277975, 144.97046816802302"
2025-10-18T04:17:39+05:30,2025-10-18T02:25:40+05:30,,Unoccupied,65021,"-37.80967346794263, 144.97083457232358"
2025-10-18T04:17:39+05:30,2025-10-18T04:10:22+05:30,7570,Unoccupied,65075,"-37.810006553676985, 144.97003041759416"
2025-10-18T04:17:39+05:30,2025-10-18T04:04:37+05:30,7570,Unoccupied,65074,"-37.80999900178441, 144.97005620734325"
2025-10-18T04:17:39+05:30,2025-10-18T00:36:55+05:30,7570,Unoccupied,65070,"-37.80995805934285, 144.97019604728666"
2025-10-18T04:17:39+05:30,2025-10-18T01:19:23+05:30,7570,Unoccupied,65066,"-37.80991773076221, 144.9703338093538"
2025-10-18T04:17:39+05:30,2025-10-18T03:54:08+05:30,7570,Unoccupied,65065,"-37.809910311128576, 144.97035915417365"
2025-10-18T04:17:39+05:30,2025-10-18T03:08:36+05:30,7764,Unoccupied,65019,"-37.80964893705597, 144.9709169353198"
2025-10-18T04:17:39+05:30,2025-10-17T22:56:31+05:30,7570,Unoccupied,65063,"-37.80986340442115, 144.97051957741644"
2025-10-18T04:17:39+05:30,2025-10-18T03:07:46+05:30,7570,Unoccupied,65062,"-37.80984383399, 144.97058642839502"
2025-10-18T04:17:39+05:30,2025-10-18T04:10:07+05:30,7570,Present,65057,"-37.8097917677008, 144.97076399805246"
2025-10-18T04:17:39+05:30,2025-10-18T01:29:07+05:30,7570,Present,65048,"-37.80965891045284, 144.97121818720672"
2025-10-18T04:17:39+05:30,2025-10-18T03:17:43+05:30,7570,Unoccupied,65046,"-37.8096326687745, 144.97130773358924"
2025-10-18T04:17:39+05:30,2025-10-16T10:42:03+05:30,7570,Present,65036,"-37.80953617826503, 144.97163714653533"
2025-10-18T04:17:39+05:30,2025-10-18T03:38:41+05:30,7639,Present,52216,"-37.810219381758266, 144.9670427256048"
2025-10-18T04:17:39+05:30,2025-10-18T04:10:05+05:30,7639,Present,52214,"-37.810322721075494, 144.96709005970536"
2025-10-18T04:17:39+05:30,2025-10-18T03:20:01+05:30,7640,Unoccupied,52212,"-37.81042605056351, 144.9671373266492"
2025-10-18T04:17:39+05:30,2025-10-18T04:10:03+05:30,7640,Present,52211,"-37.81047780944391, 144.96716062051107"
2025-10-18T04:17:39+05:30,2025-10-17T18:33:48+05:30,7639,Present,52233,"-37.81016437697879, 144.96689143607355"
2025-10-18T04:17:39+05:30,2025-10-18T03:57:08+05:30,7639,Unoccupied,52229,"-37.81025740397943, 144.96693451497464"
2025-10-18T04:17:39+05:30,2025-10-17T20:53:21+05:30,7639,Unoccupied,52228,"-37.81028044883135, 144.96694518657677"
2025-10-18T04:17:39+05:30,2025-10-17T22:17:41+05:30,7639,Unoccupied,52225,"-37.81034895065827, 144.96697690871835"
2025-10-18T04:17:39+05:30,2025-10-18T02:44:26+05:30,7614,Present,54633,"-37.81160507701822, 144.9591526582688"
2025-10-18T04:17:39+05:30,2025-10-17T21:28:21+05:30,7614,Present,54630,"-37.81170020795702, 144.95919613802207"
2025-10-18T04:17:39+05:30,2025-10-17T06:42:16+05:30,7614,Present,54625,"-37.811842933414, 144.95926050498542"
2025-10-18T04:17:39+05:30,2025-10-17T18:50:53+05:30,7614,Present,54624,"-37.81186643750074, 144.95927124752166"
2025-10-18T04:17:39+05:30,2025-10-17T15:44:47+05:30,7365,Present,62337,"-37.817835191277894, 144.95874617291366"
2025-10-18T04:17:39+05:30,2025-10-18T03:50:08+05:30,7355,Present,62238,"-37.817181495005315, 144.96101214226854"
2025-10-18T04:17:39+05:30,2025-10-18T03:53:45+05:30,7355,Present,62237,"-37.81716336330803, 144.96107544086362"
2025-10-18T04:17:39+05:30,2025-10-18T04:16:30+05:30,7344,Unoccupied,62211,"-37.81703166066364, 144.96096887234006"
2025-10-18T04:17:39+05:30,2025-10-18T02:50:18+05:30,7344,Present,62218,"-37.81716677181272, 144.96050051138852"
2025-10-18T04:17:39+05:30,2025-10-18T04:07:42+05:30,7360,Unoccupied,61720,"-37.81378517411707, 144.97208397025094"
2025-10-18T04:17:39+05:30,2025-10-18T01:49:40+05:30,7360,Present,61717,"-37.81372902783631, 144.97227583720053"
2025-10-18T04:17:39+05:30,2025-10-18T03:25:18+05:30,7356,Present,61910,"-37.814820906790246, 144.96855784841813"
2025-10-18T04:17:39+05:30,2025-10-18T04:16:22+05:30,7359,Present,61914,"-37.814895832137886, 144.96830203829683"
2025-10-18T04:17:39+05:30,2025-10-18T03:05:44+05:30,7359,Present,61923,"-37.81506459313497, 144.96772608979657"
2025-10-18T04:17:39+05:30,2025-10-18T04:14:59+05:30,7356,Present,61941,"-37.81494900164732, 144.96867536034765"
2025-10-18T04:17:39+05:30,2025-10-18T03:41:42+05:30,,Unoccupied,61942,"-37.814969077124395, 144.9686066197323"
2025-10-18T04:17:39+05:30,2025-10-18T02:59:40+05:30,7359,Present,61945,"-37.81503490169031, 144.96838251781696"
2025-10-18T04:17:39+05:30,2025-10-18T02:03:09+05:30,7354,Present,62418,"-37.81857432698953, 144.9556004387088"
2025-10-18T04:17:39+05:30,2025-10-17T13:59:48+05:30,7357,Present,62410,"-37.81842681830983, 144.95611514335633"
2025-10-18T04:17:39+05:30,2025-10-18T01:32:31+05:30,,Unoccupied,63961,"-37.8155632882135, 144.95890808331364"
2025-10-18T04:17:39+05:30,2025-10-18T04:15:09+05:30,7339,Unoccupied,63962,"-37.81558328300279, 144.95883870189178"
2025-10-18T04:17:39+05:30,2025-06-03T09:35:48+05:30,7339,Unoccupied,63964,"-37.81561942220297, 144.9587132570325"
2025-10-18T04:17:39+05:30,2025-10-18T03:44:43+05:30,7626,Present,52012,"-37.81240305617494, 144.96803830679937"
2025-10-18T04:17:39+05:30,2025-10-17T05:27:34+05:30,7635,Present,52319,"-37.80917546237963, 144.9665609881593"
2025-10-18T04:17:39+05:30,2025-10-18T04:16:34+05:30,7635,Unoccupied,52314,"-37.80943345339895, 144.96668025053106"
2025-10-18T04:17:39+05:30,2025-10-18T03:17:46+05:30,,Present,50218,"-37.813027240435176, 144.9736804716792"
2025-10-18T04:17:39+05:30,2025-10-18T04:00:10+05:30,7648,Present,50016,"-37.81463780356575, 144.97467993748148"
2025-10-18T04:17:39+05:30,2025-10-18T03:35:48+05:30,7648,Present,50012,"-37.814846746523614, 144.97477537635376"
2025-10-18T04:17:39+05:30,2025-10-18T01:53:07+05:30,,Unoccupied,50128,"-37.813827068379794, 144.97408761367018"
2025-10-18T04:17:39+05:30,2025-10-18T04:12:02+05:30,7659,Present,50127,"-37.81388268742067, 144.97411356824355"
2025-10-18T04:17:39+05:30,2025-10-18T02:21:18+05:30,7647,Unoccupied,50525,"-37.80969053851695, 144.97214651504885"
2025-10-18T04:17:39+05:30,2025-10-18T04:01:03+05:30,,Present,53211,"-37.812854213077486, 144.9626243940913"
2025-10-18T04:17:39+05:30,2025-10-18T04:15:25+05:30,7474,Unoccupied,56717,"-37.81875300214385, 144.95693807006973"
2025-10-18T04:17:39+05:30,2025-10-18T04:05:30+05:30,7485,Unoccupied,56911,"-37.817028328018054, 144.95614648347217"
2025-10-18T04:17:39+05:30,2025-10-18T04:11:56+05:30,7485,Unoccupied,56929,"-37.81674568274913, 144.95576852792365"
2025-10-18T04:17:39+05:30,2025-10-18T03:44:43+05:30,,Unoccupied,56610,"-37.81999824238842, 144.9575130747661"
2025-10-18T04:17:39+05:30,2025-10-18T01:23:53+05:30,,Unoccupied,56611,"-37.81994434579434, 144.95748786635886"
2025-10-18T04:17:39+05:30,2025-10-18T03:34:18+05:30,7487,Unoccupied,56828,"-37.81767713241681, 144.956195114485"
2025-10-18T04:17:39+05:30,2025-10-17T22:47:37+05:30,7487,Unoccupied,56827,"-37.817727463662415, 144.95621795351911"
2025-10-18T04:17:39+05:30,2025-10-18T03:31:40+05:30,7488,Present,56823,"-37.81811848146147, 144.9563958555991"
2025-10-18T04:17:39+05:30,2025-10-18T01:50:21+05:30,7624,Unoccupied,57313,"-37.81303368849585, 144.95430777285787"
2025-10-18T04:17:39+05:30,2025-10-18T02:43:31+05:30,7621,Unoccupied,57230,"-37.813729014715705, 144.95437806451176"
2025-10-18T04:17:39+05:30,2025-10-18T03:13:21+05:30,7621,Present,57227,"-37.81390300308518, 144.9544584045147"
2025-10-18T04:17:39+05:30,2025-10-18T03:49:03+05:30,7622,Present,57222,"-37.81417147591114, 144.95458321900304"
2025-10-18T04:17:39+05:30,2025-10-18T03:38:21+05:30,7621,Unoccupied,57212,"-37.81397756150945, 144.9547469022172"
2025-10-18T04:17:39+05:30,2025-10-18T03:52:05+05:30,7621,Unoccupied,57214,"-37.813858907266834, 144.954691700414"
2025-10-18T04:17:39+05:30,2025-10-18T04:11:01+05:30,7696,Present,53913,"-37.81846334890325, 144.96241565043712"
2025-10-18T04:17:39+05:30,2025-10-18T03:19:00+05:30,7406,Unoccupied,51442,"-37.80857093499759, 144.96895845596356"
2025-10-18T04:17:39+05:30,2025-10-17T09:16:18+05:30,7406,Unoccupied,51431,"-37.80892154559864, 144.96911973835807"
2025-10-18T04:17:39+05:30,2025-10-18T04:05:39+05:30,7425,Unoccupied,61545,"-37.81926742928211, 144.95770932065443"
2025-10-18T04:17:39+05:30,2025-10-18T02:17:27+05:30,7425,Present,61547,"-37.81930428621163, 144.95758236403657"
2025-10-18T04:17:39+05:30,2025-10-18T02:27:39+05:30,7416,Unoccupied,61247,"-37.81770272307367, 144.96281254166757"
2025-10-18T04:17:39+05:30,2025-10-18T03:36:43+05:30,,Present,61231,"-37.81730369517773, 144.96420756826834"
2025-10-18T04:17:39+05:30,2025-10-18T04:02:27+05:30,7446,Unoccupied,60132,"-37.816261569015516, 144.97184955455805"
2025-10-18T04:17:39+05:30,2024-12-17T05:19:27+05:30,7509,Unoccupied,66727,"-37.80781497172843, 144.97014875664445"
2025-10-18T04:17:39+05:30,2024-12-17T06:28:08+05:30,7509,Present,66728,"-37.807833792216194, 144.97008436497526"
2025-10-18T04:17:39+05:30,2025-10-18T01:41:36+05:30,7705,Present,55318,"-37.811033752438306, 144.95743158657334"
2025-10-18T04:17:39+05:30,2025-10-18T02:46:55+05:30,7705,Present,55313,"-37.81119449777922, 144.95750539048586"
2025-10-18T04:17:39+05:30,2025-10-17T18:14:07+05:30,7542,Unoccupied,66331,"-37.81254443291941, 144.95745637063015"
2025-10-18T04:17:39+05:30,2024-04-04T04:48:00+05:30,7506,Present,63334,"-37.8174922362588, 144.95589837165957"
2025-10-18T04:17:39+05:30,2024-04-04T20:21:32+05:30,7537,Unoccupied,63337,"-37.81754767470018, 144.95570625683084"
2025-10-18T04:17:39+05:30,2024-04-04T04:19:13+05:30,7506,Present,63360,"-37.81798180273356, 144.95419823407332"
2025-10-18T04:17:39+05:30,2025-10-18T04:14:48+05:30,7506,Present,63310,"-37.81745233223719, 144.95570051081125"
2025-10-18T04:17:39+05:30,2025-10-18T03:54:38+05:30,7686,Unoccupied,57925,"-37.81956200920658, 144.95450901453108"
2025-10-18T04:17:39+05:30,2025-10-18T03:54:28+05:30,7686,Unoccupied,57924,"-37.819612429979095, 144.95453219490963"
2025-10-18T04:17:39+05:30,2025-10-18T04:03:05+05:30,,Unoccupied,54249,"-37.815591768624046, 144.96084552253814"
2025-10-18T04:17:39+05:30,2024-01-12T04:32:07+05:30,7951,Unoccupied,23823,"-37.81165263217245, 144.95233721844727"
2025-10-18T04:17:39+05:30,2024-01-12T04:28:57+05:30,7938,Present,23819,"-37.811578918396734, 144.95259812888014"
2025-10-18T04:17:39+05:30,2023-11-01T12:21:28+05:30,7089,Present,16747,"-37.802851692468245, 144.96684067841218"
2025-10-18T04:17:39+05:30,2023-11-01T13:19:14+05:30,7089,Present,16745,"-37.80285847413141, 144.96690236819168"
2025-10-18T04:17:39+05:30,2023-11-01T13:09:25+05:30,7089,Present,16744,"-37.802861950274846, 144.96693353068628"
2025-10-18T04:17:39+05:30,2024-03-21T03:33:53+05:30,7076,Present,22345,"-37.806362079329006, 144.96584162315787"
2025-10-18T04:17:39+05:30,2024-03-19T14:47:00+05:30,7090,Unoccupied,22351,"-37.80597752040859, 144.96590740947426"
2025-10-18T04:17:39+05:30,2024-04-05T07:27:01+05:30,7076,Present,22326,"-37.805815612597556, 144.9661756391656"
2025-10-18T04:17:39+05:30,2024-04-05T08:06:16+05:30,7076,Present,22317,"-37.80628844687699, 144.96609349417764"
2025-10-18T04:17:39+05:30,2024-10-11T03:10:32+05:30,7010,Present,8888,"-37.80493584201834, 144.9599299457858"
2025-10-18T04:17:39+05:30,2024-10-11T05:23:04+05:30,7010,Present,8891,"-37.8047825506759, 144.959859492751"
2025-10-18T04:17:39+05:30,2025-10-18T03:48:47+05:30,7725,Present,9574,"-37.804636610345014, 144.94943973121786"
2025-10-18T04:17:39+05:30,2025-10-18T04:10:38+05:30,7733,Unoccupied,9575,"-37.8045765656706, 144.94945043899418"
2025-10-18T04:17:39+05:30,2025-10-18T04:09:37+05:30,7733,Unoccupied,9578,"-37.80441145284277, 144.94948034561548"
2025-10-18T04:17:39+05:30,2025-10-18T04:00:07+05:30,7753,Present,9623,"-37.80497194170077, 144.94861316805952"
2025-10-18T04:17:39+05:30,2025-10-17T16:56:41+05:30,7753,Unoccupied,9628,"-37.804954659214715, 144.9484591379828"
2025-10-18T04:17:39+05:30,2024-06-27T13:22:31+05:30,7753,Unoccupied,9636,"-37.80504385251781, 144.94832374754162"
2025-10-18T04:17:39+05:30,2024-06-27T12:30:57+05:30,7753,Unoccupied,9637,"-37.80504702586939, 144.94835121552725"
2025-10-18T04:17:39+05:30,2024-07-12T13:30:53+05:30,7753,Unoccupied,9641,"-37.80505969380327, 144.94846394844632"
2025-10-18T04:17:39+05:30,2024-06-27T12:04:00+05:30,7753,Unoccupied,9642,"-37.80506285277592, 144.94849204152175"
2025-10-18T04:17:39+05:30,2024-06-27T11:32:51+05:30,7753,Unoccupied,9643,"-37.805065616316924, 144.94852001231618"
2025-10-18T04:17:39+05:30,2024-06-27T13:24:41+05:30,7753,Unoccupied,9644,"-37.805084823715234, 144.94868878910142"
2025-10-18T04:17:39+05:30,2024-06-27T11:37:49+05:30,7753,Unoccupied,9647,"-37.80507544979444, 144.94860444949109"
2025-10-18T04:17:39+05:30,2025-10-18T04:13:58+05:30,7939,Unoccupied,57651,"-37.8095913366171, 144.95242787718308"
2025-10-18T04:17:39+05:30,2024-12-01T15:14:49+05:30,7939,Unoccupied,57650,"-37.80964123882298, 144.95245433189928"
2025-10-18T04:17:39+05:30,2025-10-17T19:51:32+05:30,7939,Unoccupied,57641,"-37.810090915002306, 144.95269006303647"
2025-10-18T04:17:39+05:30,2025-02-07T00:45:07+05:30,7752,Unoccupied,10668,"-37.80583679411155, 144.9547529968901"
2025-10-18T04:17:39+05:30,2025-02-07T02:20:34+05:30,7752,Unoccupied,10669,"-37.80582918528904, 144.9546855399476"
2025-10-18T04:17:39+05:30,2025-02-06T17:46:24+05:30,7752,Unoccupied,10670,"-37.8058215769871, 144.95461809264532"
2025-10-18T04:17:39+05:30,2025-02-17T09:45:20+05:30,7752,Unoccupied,10708,"-37.805636720893986, 144.9546246100897"
2025-10-18T04:17:39+05:30,2025-10-18T03:11:58+05:30,7739,Unoccupied,10717,"-37.80402395233904, 144.95107610157768"
2025-10-18T04:17:39+05:30,2025-10-05T05:50:32+05:30,7739,Present,10720,"-37.804209324676066, 144.95104331653448"
2025-10-18T04:17:39+05:30,2025-10-17T11:29:02+05:30,7739,Present,10722,"-37.8043469371667, 144.95101886482954"
2025-10-18T04:17:39+05:30,2025-10-18T02:59:22+05:30,7739,Present,10728,"-37.804668600290526, 144.95096207810545"
2025-10-18T04:17:39+05:30,2025-10-17T10:03:01+05:30,7739,Present,10729,"-37.80471780523308, 144.9509534359205"
2025-10-18T04:17:39+05:30,2025-10-17T05:16:16+05:30,7739,Present,10731,"-37.80492798408554, 144.9509150266006"
2025-10-18T04:17:39+05:30,2025-10-16T19:01:16+05:30,7740,Present,10746,"-37.8035841184862, 144.95091824334895"
2025-10-18T04:17:39+05:30,2025-10-17T14:55:08+05:30,7981,Unoccupied,10880,"-37.80541377418428, 144.95029019712229"
2025-10-18T04:17:39+05:30,2025-10-17T17:33:30+05:30,7981,Unoccupied,10883,"-37.80542300884731, 144.95037180684574"
2025-10-18T04:17:39+05:30,2025-10-17T17:34:20+05:30,7981,Unoccupied,10892,"-37.805513755265714, 144.95030026819356"
2025-10-18T04:17:39+05:30,2025-10-17T16:05:50+05:30,7981,Unoccupied,10896,"-37.80552621068088, 144.95040905616437"
2025-10-18T04:17:39+05:30,2025-10-17T19:20:04+05:30,7981,Unoccupied,10897,"-37.80552929037984, 144.950436260035"
2025-10-18T04:17:39+05:30,2025-10-17T16:09:54+05:30,7981,Unoccupied,10903,"-37.80546999750474, 144.95011222818545"
2025-10-18T04:17:39+05:30,2025-10-17T18:00:11+05:30,7981,Unoccupied,10905,"-37.80551466654548, 144.95010487957552"
2025-10-18T04:17:39+05:30,2025-10-17T17:02:50+05:30,7981,Unoccupied,10906,"-37.80553700129558, 144.95010120498932"
2025-10-18T04:17:39+05:30,2025-10-18T04:12:50+05:30,7722,Present,11178,"-37.8032514892148, 144.9481982654575"
2025-10-18T04:17:39+05:30,2025-10-17T16:23:55+05:30,7748,Unoccupied,11477,"-37.80311893197736, 144.95022626642123"
2025-10-18T04:17:39+05:30,2025-10-17T16:54:18+05:30,7748,Unoccupied,11479,"-37.80312601550219, 144.95028936577094"
2025-10-18T04:17:39+05:30,2025-10-18T01:34:09+05:30,7748,Unoccupied,11481,"-37.803142764884264, 144.9504386348559"
2025-10-18T04:17:39+05:30,2025-10-17T16:37:20+05:30,7748,Unoccupied,11483,"-37.80314956331485, 144.9505000417325"
2025-10-18T04:17:39+05:30,2025-10-17T19:40:05+05:30,7748,Unoccupied,11484,"-37.80315295405457, 144.9505316322474"
2025-10-18T04:17:39+05:30,2025-10-18T03:59:07+05:30,7748,Unoccupied,11486,"-37.80316332871014, 144.95062779999432"
2025-10-18T04:17:39+05:30,2025-10-18T03:02:15+05:30,7748,Unoccupied,11489,"-37.803174333344764, 144.9507256492118"
2025-10-18T04:17:39+05:30,2025-10-18T02:12:34+05:30,7748,Unoccupied,11491,"-37.80318101888322, 144.95078523750246"
2025-10-18T04:17:39+05:30,2025-10-18T04:16:05+05:30,7748,Unoccupied,11492,"-37.80318419260959, 144.95081336020553"
2025-10-18T04:17:39+05:30,2025-10-18T04:12:15+05:30,7512,Present,62646,"-37.81256160584434, 144.97277211752333"
2025-10-18T04:17:39+05:30,2025-10-18T03:55:48+05:30,7532,Unoccupied,63240,"-37.8169672378573, 144.95766457678863"
2025-10-18T04:17:39+05:30,2025-10-17T23:51:21+05:30,7534,Unoccupied,63217,"-37.81681455360035, 144.95786746467473"
2025-10-18T04:17:39+05:30,2023-08-10T06:19:15+05:30,7025,Present,22828,"-37.8048613248529, 144.96182089619322"
2025-10-18T04:17:39+05:30,2025-10-18T02:24:41+05:30,7708,Present,11933,"-37.801196468157144, 144.95504013951893"
2025-10-18T04:17:39+05:30,2025-10-17T11:06:01+05:30,7708,Unoccupied,11935,"-37.80104684509336, 144.9552288087205"
2025-10-18T04:17:39+05:30,2024-06-21T08:09:37+05:30,7708,Unoccupied,11936,"-37.80100747331648, 144.95527868360097"
2025-10-18T04:17:39+05:30,2025-10-17T17:06:29+05:30,7708,Unoccupied,11943,"-37.80157667692333, 144.95489135251938"
2025-10-18T04:17:39+05:30,2025-10-16T12:51:26+05:30,7728,Present,12030,"-37.79837334237603, 144.95308777517064"
2025-10-18T04:17:39+05:30,2025-10-18T03:56:08+05:30,7728,Present,12031,"-37.79842653247071, 144.95315447010427"
2025-10-18T04:17:39+05:30,2022-12-30T18:10:42+05:30,7766,Unoccupied,12076,"-37.80090875683292, 144.95327369052112"
2025-10-18T04:17:39+05:30,2025-10-18T03:23:36+05:30,7766,Present,12091,"-37.80049100911073, 144.95413891553204"
2025-10-18T04:17:39+05:30,2025-10-18T03:26:11+05:30,7766,Present,12094,"-37.80061171476536, 144.9539859172739"
2025-10-18T04:17:39+05:30,2025-10-18T02:03:20+05:30,7720,Unoccupied,12112,"-37.79858840728779, 144.95212787634355"
2025-10-18T04:17:39+05:30,2025-10-17T12:05:38+05:30,7720,Unoccupied,12113,"-37.798604286082465, 144.952107633023"
2025-10-18T04:17:39+05:30,2025-10-17T09:49:49+05:30,7720,Unoccupied,12118,"-37.79870590145744, 144.9519784768766"
2025-10-18T04:17:39+05:30,2025-10-18T02:56:05+05:30,7720,Unoccupied,12123,"-37.79881275931803, 144.9518417324066"
2025-10-18T04:17:39+05:30,2025-10-17T16:47:37+05:30,7720,Present,12125,"-37.798846412573006, 144.95179886613525"
2025-10-18T04:17:39+05:30,2025-10-17T15:59:03+05:30,7720,Present,12126,"-37.79886412173153, 144.95177630840527"
2025-10-18T04:17:39+05:30,2025-10-18T00:18:35+05:30,7720,Unoccupied,12127,"-37.79888137458295, 144.95175433050696"
2025-10-18T04:17:39+05:30,2025-10-18T01:49:38+05:30,7757,Unoccupied,12289,"-37.79943607419172, 144.95301381430374"
2025-10-18T04:17:39+05:30,2025-10-18T03:09:06+05:30,,Unoccupied,63130,"-37.81607153982473, 144.96080982076225"
2025-10-18T04:17:39+05:30,2025-10-18T04:14:22+05:30,7527,Unoccupied,63124,"-37.81626061953369, 144.95996820198357"
2025-10-18T04:17:39+05:30,2025-10-18T03:57:11+05:30,7538,Present,64215,"-37.81048616296172, 144.97210511002626"
2025-10-18T04:17:39+05:30,2025-10-18T02:40:30+05:30,7541,Unoccupied,65865,"-37.80901282806044, 144.96970154810543"
2025-10-18T04:17:39+05:30,2025-10-18T03:46:00+05:30,7476,Unoccupied,56719,"-37.81865149561024, 144.9568911084284"
2025-10-18T04:17:39+05:30,2025-10-18T04:15:50+05:30,7538,Present,64269,"-37.810980619735375, 144.9705976665644"
2025-10-18T04:17:39+05:30,2025-10-18T01:44:05+05:30,7538,Unoccupied,64268,"-37.810960212248105, 144.97066680013327"
2025-10-18T04:17:39+05:30,2025-10-18T01:56:01+05:30,7538,Unoccupied,64267,"-37.81094048577442, 144.97073333750177"
2025-10-18T04:17:39+05:30,2025-10-18T02:47:11+05:30,7538,Present,64270,"-37.81100111533648, 144.97052846689505"
2025-10-18T04:17:39+05:30,2025-10-18T04:13:06+05:30,7557,Unoccupied,65220,"-37.811070029710464, 144.96607795345318"
2025-10-18T04:17:39+05:30,2024-08-22T15:34:18+05:30,7727,Unoccupied,14858,"-37.80102856660713, 144.95641996698578"
2025-10-18T04:17:39+05:30,2025-10-17T17:34:48+05:30,7647,Unoccupied,50511,"-37.80988630038749, 144.97234932670602"
2025-10-18T04:17:39+05:30,2025-10-18T03:30:02+05:30,7647,Unoccupied,50522,"-37.809863966907926, 144.97222698193443"
2025-10-18T04:17:39+05:30,2025-10-18T03:44:00+05:30,7647,Unoccupied,50519,"-37.81001589255792, 144.972297539473"
2025-10-18T04:17:39+05:30,2025-10-17T17:23:44+05:30,7647,Unoccupied,50516,"-37.81016753034777, 144.97236865287005"
2025-10-18T04:17:39+05:30,2025-10-18T04:13:56+05:30,7418,Present,61654,"-37.820056364738484, 144.9549493448011"
2025-10-18T04:17:39+05:30,2025-10-18T03:46:14+05:30,7418,Present,61652,"-37.820014035321634, 144.95509897190527"
2025-10-18T04:17:39+05:30,2025-10-18T04:08:41+05:30,,Present,15023,"-37.81403349531159, 144.94124113346405"
2025-10-18T04:17:39+05:30,2025-10-18T04:13:15+05:30,7359,Unoccupied,61929,"-37.815184334070054, 144.96731797565894"
2025-10-18T04:17:39+05:30,2024-04-05T07:27:23+05:30,,Unoccupied,22313,"-37.806503343579536, 144.96605615377246"
2025-10-18T04:17:39+05:30,2024-04-05T06:29:08+05:30,,Unoccupied,22314,"-37.80644207969492, 144.96606678233968"
2025-10-18T04:17:39+05:30,2023-08-16T10:51:40+05:30,7025,Unoccupied,22874,"-37.8048401024667, 144.961705342315"
2025-10-18T04:17:39+05:30,2024-12-17T06:24:17+05:30,,Present,66959,"-37.80916626812589, 144.96554427632708"
2025-10-18T04:17:39+05:30,2024-12-17T06:21:49+05:30,7502,Present,66957,"-37.809134126891536, 144.965644540021"
2025-10-18T04:17:39+05:30,2024-12-17T00:32:42+05:30,7502,Present,66955,"-37.80909635924424, 144.96577225951415"
2025-10-18T04:17:39+05:30,2024-12-17T06:16:57+05:30,7502,Unoccupied,66954,"-37.80907748219062, 144.96583614005988"
2025-10-18T04:17:39+05:30,2025-06-02T12:55:40+05:30,7566,Unoccupied,65544,"-37.81324922499055, 144.95894759050816"
2025-10-18T04:17:39+05:30,2025-10-18T03:29:46+05:30,7569,Present,65241,"-37.811068808708015, 144.96671798042107"
2025-10-18T04:17:39+05:30,2025-10-18T04:16:52+05:30,7569,Unoccupied,65242,"-37.81108767937468, 144.96665412897846"
2025-10-18T04:17:39+05:30,2025-10-18T04:05:46+05:30,7766,Present,12081,"-37.800475718439, 144.9538215852339"
2025-10-18T04:17:39+05:30,2025-10-18T03:34:00+05:30,7560,Present,65953,"-37.8092795577476, 144.96874272434775"
2025-10-18T04:17:39+05:30,2025-10-18T03:54:39+05:30,7560,Present,65955,"-37.809311606724506, 144.96863375288518"
2025-10-18T04:17:39+05:30,2024-05-07T04:04:13+05:30,,Unoccupied,16696,"-37.81802211784391, 144.9658532676815"
2025-10-18T04:17:39+05:30,2025-10-18T04:16:27+05:30,7514,Unoccupied,64559,"-37.81276759897656, 144.96448209633098"
2025-10-18T04:17:39+05:30,2025-10-18T04:08:52+05:30,7556,Present,65142,"-37.810386613474975, 144.9687336650038"
2025-10-18T04:17:39+05:30,2025-10-17T18:44:27+05:30,7406,Unoccupied,51439,"-37.80865087909215, 144.96899527846267"
2025-10-18T04:17:39+05:30,2025-10-18T03:39:14+05:30,7406,Unoccupied,51447,"-37.80843764000215, 144.96889713190575"
2025-10-18T04:17:39+05:30,2025-10-18T04:06:11+05:30,7190,Present,62021,"-37.81577920390957, 144.96528428878688"
2025-10-18T04:17:39+05:30,2024-10-21T05:17:54+05:30,7779,Present,65356,"-37.812024982217096, 144.96348595916987"
2025-10-18T04:17:39+05:30,2025-10-18T03:22:28+05:30,7606,Present,54454,"-37.81362014660411, 144.95993727927373"
2025-10-18T04:17:39+05:30,2025-10-18T04:11:56+05:30,7910,Present,13149,"-37.844912885673864, 144.979871702389"
2025-10-18T04:17:39+05:30,2025-10-18T04:10:11+05:30,7910,Present,22417,"-37.84497907267978, 144.9803778204718"
2025-10-18T04:17:39+05:30,2025-10-18T04:10:02+05:30,7910,Unoccupied,22418,"-37.84498810868717, 144.98044675923143"
2025-10-18T04:17:39+05:30,2025-10-18T03:23:06+05:30,7910,Present,21540,"-37.84512649351755, 144.98007959942652"
2025-10-18T04:17:39+05:30,2024-05-01T15:20:54+05:30,7586,Unoccupied,21742,"-37.84798233983153, 144.982322414484"
2025-10-18T04:17:39+05:30,2025-10-18T03:55:24+05:30,7586,Present,21743,"-37.8479902032593, 144.98238670151437"
2025-10-18T04:17:39+05:30,2025-10-18T00:45:19+05:30,7586,Present,21747,"-37.8480978861111, 144.98326708231346"
2025-10-18T04:17:39+05:30,2025-10-18T01:43:33+05:30,7586,Present,21748,"-37.84810585466788, 144.98333223211085"
2025-10-18T04:17:39+05:30,2025-10-18T03:49:04+05:30,7586,Present,21750,"-37.848122335875544, 144.98346698326205"
2025-10-18T04:17:39+05:30,2025-10-18T04:14:07+05:30,7586,Unoccupied,21752,"-37.84813881695018, 144.98360173561724"
2025-10-18T04:17:39+05:30,2025-10-18T03:57:13+05:30,7586,Present,21754,"-37.84816644734338, 144.9838276503496"
2025-10-18T04:17:39+05:30,2025-10-18T04:14:07+05:30,7586,Unoccupied,21755,"-37.84818561693816, 144.98398442255075"
2025-10-18T04:17:39+05:30,2025-10-18T03:39:55+05:30,7586,Present,21756,"-37.84819351773405, 144.9840489908854"
2025-10-18T04:17:39+05:30,2025-10-18T04:15:43+05:30,7584,Present,21684,"-37.84823801145724, 144.98350619953172"
2025-10-18T04:17:39+05:30,2025-10-18T04:06:33+05:30,7584,Present,21689,"-37.84819727492619, 144.98317210362953"
2025-10-18T04:17:39+05:30,2025-10-18T04:00:12+05:30,7584,Present,21679,"-37.84818084326359, 144.98303734482448"
2025-10-18T04:17:39+05:30,2025-10-18T04:02:41+05:30,7584,Unoccupied,21681,"-37.848164411859926, 144.98290258153128"
2025-10-18T04:17:39+05:30,2025-06-02T11:58:57+05:30,7566,Unoccupied,65572,"-37.81353464660003, 144.95796968212494"
2025-10-18T04:17:39+05:30,2025-06-02T11:58:35+05:30,7566,Unoccupied,65575,"-37.81356081132763, 144.95788009767767"
2025-10-18T04:17:39+05:30,2025-10-18T04:14:29+05:30,7551,Present,65467,"-37.81287812101459, 144.96025785326407"
2025-10-18T04:17:39+05:30,2025-10-18T04:10:57+05:30,7551,Unoccupied,65444,"-37.81247977164957, 144.9615358967898"
2025-10-18T04:17:39+05:30,2025-10-18T04:12:50+05:30,7551,Present,65442,"-37.81246043598928, 144.96160240518526"
2025-10-18T04:17:39+05:30,2025-10-17T20:46:57+05:30,7594,Unoccupied,54326,"-37.814521147766975, 144.96047755753972"
2025-10-18T04:17:39+05:30,2025-10-18T03:23:27+05:30,7594,Present,54323,"-37.814591870731306, 144.96051006398574"
2025-10-18T04:17:39+05:30,2025-10-18T03:42:15+05:30,7594,Present,54334,"-37.8142836454632, 144.96036852450464"
2025-10-18T04:17:39+05:30,2025-10-18T03:20:47+05:30,7594,Present,54322,"-37.81461561800986, 144.96052093421125"
2025-10-18T04:17:39+05:30,2025-10-18T04:08:26+05:30,7594,Unoccupied,54328,"-37.81444868972198, 144.96044432203456"
2025-10-18T04:17:39+05:30,2025-10-18T04:13:02+05:30,7594,Unoccupied,54331,"-37.81437709772807, 144.96041144879027"
2025-10-18T04:17:39+05:30,2025-10-18T03:59:19+05:30,7594,Unoccupied,54330,"-37.814401290272365, 144.96042255175155"
2025-10-18T04:17:39+05:30,2025-10-18T00:55:23+05:30,7607,Present,54227,"-37.81561077430453, 144.9609792980063"
2025-10-18T04:17:39+05:30,2025-10-18T03:33:56+05:30,7595,Present,54138,"-37.816180757774035, 144.96124142052497"
2025-10-18T04:17:39+05:30,2025-10-18T04:11:28+05:30,7596,Unoccupied,54036,"-37.81732918409801, 144.9617701448845"
2025-10-18T04:17:39+05:30,2025-10-18T04:10:45+05:30,7596,Present,54041,"-37.8171787243711, 144.96170125514357"
2025-10-18T04:17:39+05:30,2025-10-18T04:06:31+05:30,7596,Present,54040,"-37.81724258671323, 144.96173054042305"
2025-10-18T04:17:39+05:30,2025-10-18T03:39:17+05:30,7596,Unoccupied,54037,"-37.81730758721328, 144.96176027268046"
2025-10-18T04:17:39+05:30,2025-10-18T03:56:46+05:30,7596,Present,54035,"-37.81735093858823, 144.96178010765098"
2025-10-18T04:17:39+05:30,2025-10-18T03:56:14+05:30,7592,Unoccupied,53937,"-37.818170968410556, 144.962156073673"
2025-10-18T04:17:39+05:30,2025-10-18T04:02:25+05:30,7592,Unoccupied,53939,"-37.81809716327688, 144.96212211009936"
2025-10-18T04:17:39+05:30,2025-10-17T21:32:17+05:30,7592,Unoccupied,53932,"-37.81831226522772, 144.96222100013313"
2025-10-18T04:17:39+05:30,2025-10-18T02:00:52+05:30,7592,Unoccupied,53923,"-37.818541344215724, 144.9623258559302"
2025-10-18T04:17:39+05:30,2025-10-18T04:08:48+05:30,7592,Present,53938,"-37.818149316674784, 144.9621461648825"
2025-10-18T04:17:39+05:30,2025-10-17T18:09:06+05:30,7592,Present,53927,"-37.81845471527226, 144.96228618311764"
2025-10-18T04:17:39+05:30,2025-10-18T03:31:38+05:30,7348,Unoccupied,21515,"-37.83480108078649, 144.97568757520253"
2025-10-18T04:17:39+05:30,2025-10-17T14:20:40+05:30,7348,Unoccupied,21517,"-37.834818949758684, 144.97582428502477"
2025-10-18T04:17:39+05:30,2025-10-17T13:41:09+05:30,7348,Unoccupied,21518,"-37.834827867307936, 144.9758927189407"
2025-10-18T04:17:39+05:30,2025-10-17T13:43:19+05:30,7348,Unoccupied,21519,"-37.83483670749995, 144.97596042597542"
2025-10-18T04:17:39+05:30,2025-10-18T02:52:35+05:30,7348,Present,21521,"-37.834854216573255, 144.97609452787162"
2025-10-18T04:17:39+05:30,2025-10-18T03:00:48+05:30,7348,Unoccupied,21527,"-37.83503501311022, 144.9774790612321"
2025-10-18T04:17:39+05:30,2025-10-18T04:15:54+05:30,7757,Unoccupied,12295,"-37.7991030676469, 144.95376423968452"
2025-10-18T04:17:39+05:30,2025-10-18T03:51:50+05:30,7640,Present,52210,"-37.81052702660541, 144.9671826078899"
2025-10-18T04:17:39+05:30,2025-10-01T20:01:49+05:30,7611,Unoccupied,54518,"-37.81222977772828, 144.95955739325586"
2025-10-18T04:17:39+05:30,2025-10-17T18:57:22+05:30,7610,Unoccupied,54527,"-37.81255718984305, 144.9595844253466"
2025-10-18T04:17:39+05:30,2025-10-18T01:08:53+05:30,7610,Unoccupied,54531,"-37.812438228337015, 144.95953018296632"
2025-10-18T04:17:39+05:30,2025-10-14T10:33:43+05:30,7612,Unoccupied,54420,"-37.813321360003556, 144.9600550260132"
2025-10-18T04:17:39+05:30,2025-04-04T18:17:10+05:30,7605,Unoccupied,54432,"-37.81363697702105, 144.96007297767633"
2025-10-18T04:17:39+05:30,2025-10-18T03:08:42+05:30,7605,Present,54430,"-37.8136826688127, 144.96009418560365"
2025-10-18T04:17:39+05:30,2025-10-18T03:43:23+05:30,7605,Unoccupied,54439,"-37.81342881863528, 144.95997691122085"
2025-10-18T04:17:39+05:30,2025-10-18T03:21:21+05:30,7605,Present,54436,"-37.81352282580056, 144.96002025329398"
2025-10-18T04:17:39+05:30,2025-10-18T03:32:43+05:30,7605,Present,54434,"-37.81356566626981, 144.96003998178455"
2025-10-18T04:17:39+05:30,2025-10-18T03:49:30+05:30,7366,Present,61715,"-37.813683449592375, 144.97243136086541"
2025-10-18T04:17:39+05:30,2025-10-17T07:24:45+05:30,,Present,61742,"-37.81392251865462, 144.97216783478518"
2025-10-18T04:17:39+05:30,2024-12-25T10:36:51+05:30,7183,Unoccupied,18541,"-37.820374347634115, 144.94934064329863"
2025-10-18T04:17:39+05:30,2024-12-25T10:26:05+05:30,7183,Unoccupied,18542,"-37.82035588964801, 144.9494046837532"
2025-10-18T04:17:39+05:30,2025-10-17T17:51:20+05:30,7183,Unoccupied,18557,"-37.819965598657724, 144.95136180335112"
2025-10-18T04:17:39+05:30,2025-10-17T18:44:03+05:30,7183,Unoccupied,18554,"-37.81991148294232, 144.95154801432867"
2025-10-18T04:17:39+05:30,2024-12-25T10:44:00+05:30,7163,Present,18587,"-37.81908854042532, 144.94840846913183"
2025-10-18T04:17:39+05:30,2024-12-25T08:52:59+05:30,7163,Present,18592,"-37.81936996095439, 144.94841920309545"
2025-10-18T04:17:39+05:30,2024-03-17T16:33:26+05:30,7163,Unoccupied,18219,"-37.81889397532929, 144.94861406028332"
2025-10-18T04:17:39+05:30,2024-12-25T10:09:19+05:30,7163,Unoccupied,18572,"-37.819164134257704, 144.94862453993778"
2025-10-18T04:17:39+05:30,2024-12-25T09:24:16+05:30,7163,Unoccupied,18574,"-37.81927219883438, 144.94862868054065"
2025-10-18T04:17:39+05:30,2024-12-25T09:23:15+05:30,7163,Present,18215,"-37.819110106616506, 144.94862249379813"
2025-10-18T04:17:39+05:30,2025-10-18T04:16:06+05:30,7568,Unoccupied,65195,"-37.8107357278009, 144.96788565150166"
2025-10-18T04:17:39+05:30,2024-12-25T10:12:27+05:30,7184,Unoccupied,20585,"-37.82117092436043, 144.94719468814355"
2025-10-18T04:17:39+05:30,2024-12-25T10:49:59+05:30,7184,Present,20894,"-37.82118791470868, 144.9471344930125"
2025-10-18T04:17:39+05:30,2024-12-24T21:45:03+05:30,7184,Unoccupied,20896,"-37.82122483507317, 144.94700639265005"
2025-10-18T04:17:39+05:30,2024-12-25T07:17:52+05:30,7184,Present,20899,"-37.821073559711934, 144.94691408796078"
2025-10-18T04:17:39+05:30,2025-10-18T02:13:11+05:30,7186,Present,18628,"-37.82107941411776, 144.94352789869123"
2025-10-18T04:17:39+05:30,2025-10-18T03:59:00+05:30,7186,Unoccupied,18636,"-37.82120416557623, 144.944048606006"
2025-10-18T04:17:39+05:30,2025-10-18T04:07:31+05:30,7186,Unoccupied,15095,"-37.82132228737854, 144.94380118949584"
2025-10-18T04:17:39+05:30,2025-10-17T16:49:46+05:30,7186,Unoccupied,15093,"-37.82128738080417, 144.9436554576157"
2025-10-18T04:17:39+05:30,2025-07-27T22:14:10+05:30,7186,Present,18623,"-37.821134790208106, 144.9430166154661"
2025-10-18T04:17:39+05:30,2025-10-18T03:44:40+05:30,7362,Present,62339,"-37.81787193605159, 144.958617793055"
2025-10-18T04:17:39+05:30,2024-09-19T12:43:18+05:30,7362,Unoccupied,62311,"-37.81772823363312, 144.95855059517947"
2025-10-18T04:17:39+05:30,2025-10-08T16:53:42+05:30,7212,Present,20616,"-37.81944571159547, 144.9436402835995"
2025-10-18T04:17:39+05:30,2025-10-16T15:32:22+05:30,7197,Unoccupied,20908,"-37.819973001636775, 144.94539778682912"
2025-10-18T04:17:39+05:30,2025-10-18T03:13:33+05:30,7197,Unoccupied,20910,"-37.820311621618714, 144.9454862701186"
2025-10-18T04:17:39+05:30,2025-10-18T04:15:38+05:30,7197,Unoccupied,20914,"-37.82060952613115, 144.94546946453903"
2025-10-18T04:17:39+05:30,2025-10-17T12:24:46+05:30,7197,Unoccupied,20915,"-37.820544466518626, 144.94545223320023"
2025-10-18T04:17:39+05:30,2025-10-18T03:26:21+05:30,7194,Unoccupied,20902,"-37.81906594004384, 144.94427304255927"
2025-10-18T04:17:39+05:30,2025-10-18T03:35:30+05:30,7194,Unoccupied,20903,"-37.819015051789464, 144.9442500286765"
2025-10-18T04:17:39+05:30,2024-12-25T04:05:15+05:30,7202,Unoccupied,20587,"-37.82023925900832, 144.94731446996258"
2025-10-18T04:17:39+05:30,2024-12-21T11:44:16+05:30,7202,Unoccupied,20589,"-37.82008607174822, 144.94725504284366"
2025-10-18T04:17:39+05:30,2024-12-24T17:42:29+05:30,7202,Unoccupied,21483,"-37.820276040290736, 144.94713077639028"
2025-10-18T04:17:39+05:30,2024-12-12T09:08:38+05:30,7202,Unoccupied,21485,"-37.820119662138126, 144.94707022587994"
2025-10-18T04:17:39+05:30,2025-10-17T17:53:27+05:30,7200,Unoccupied,21481,"-37.82156700773649, 144.9504411166862"
2025-10-18T04:17:39+05:30,2025-10-17T13:09:57+05:30,7229,Unoccupied,18612,"-37.82141258331601, 144.9511446603952"
2025-10-18T04:17:39+05:30,2025-10-17T18:54:13+05:30,7159,Unoccupied,18531,"-37.81949229126401, 144.95043664145663"
2025-10-18T04:17:39+05:30,2025-10-18T04:16:38+05:30,7485,Unoccupied,56924,"-37.81700062007826, 144.9558851434166"
2025-10-18T04:17:39+05:30,2025-10-17T17:42:57+05:30,7485,Unoccupied,56923,"-37.81704932029764, 144.9559074224712"
2025-10-18T04:17:39+05:30,2025-10-18T04:14:57+05:30,7485,Present,56926,"-37.8168982032439, 144.9558380730318"
2025-10-18T04:17:39+05:30,2025-10-13T00:37:54+05:30,7459,Unoccupied,61328,"-37.81819811408035, 144.9611272047889"
2025-10-18T04:17:39+05:30,2025-10-18T04:14:21+05:30,7458,Unoccupied,61322,"-37.81804995711833, 144.96164528316527"
2025-10-18T04:17:39+05:30,2025-10-18T04:06:54+05:30,7336,Unoccupied,64015,"-37.815989312850924, 144.95684123123507"
2025-10-18T04:17:39+05:30,2025-10-18T04:08:14+05:30,,Unoccupied,61515,"-37.81890081950156, 144.95864046417074"
2025-10-18T04:17:39+05:30,2025-10-18T02:02:53+05:30,,Present,61536,"-37.818911420817656, 144.9589517425736"
2025-10-18T04:17:39+05:30,2025-10-17T16:33:55+05:30,7228,Unoccupied,18565,"-37.819569347328084, 144.94969301197855"
2025-10-18T04:17:39+05:30,2025-10-17T18:17:04+05:30,7228,Unoccupied,18571,"-37.81987589225314, 144.94993894228122"
2025-10-18T04:17:39+05:30,2025-10-17T11:51:21+05:30,7228,Present,18567,"-37.819661393364115, 144.94976558139547"
2025-10-18T04:17:39+05:30,2025-10-17T17:15:28+05:30,7228,Unoccupied,18570,"-37.81981416590159, 144.94988583366637"
2025-10-18T04:17:39+05:30,2025-10-17T16:38:45+05:30,7228,Unoccupied,18566,"-37.81961403359331, 144.94972824250124"
2025-10-18T04:17:39+05:30,2025-10-17T16:31:24+05:30,7227,Unoccupied,18564,"-37.81921901366228, 144.94941671368198"
2025-10-18T04:17:39+05:30,2025-10-11T18:07:09+05:30,7222,Unoccupied,20932,"-37.820849264444725, 144.94306585953603"
2025-10-18T04:17:39+05:30,2025-10-17T13:27:19+05:30,7457,Present,61415,"-37.818544379483654, 144.96005669495756"
2025-10-18T04:17:39+05:30,2025-10-18T04:14:08+05:30,7522,Unoccupied,64733,"-37.814143788704314, 144.95979292327627"
2025-10-18T04:17:39+05:30,2025-10-18T04:02:27+05:30,7595,Unoccupied,54133,"-37.816311088141475, 144.96130128419117"
2025-10-18T04:17:39+05:30,2025-10-18T04:02:31+05:30,7595,Present,54132,"-37.816332243479664, 144.96131103105193"
2025-10-18T04:17:39+05:30,2025-10-18T04:09:42+05:30,7595,Present,54134,"-37.81629035657859, 144.96129173189377"
2025-10-18T04:17:39+05:30,2025-10-17T13:14:21+05:30,7208,Unoccupied,20607,"-37.8211673065982, 144.9453672570661"
2025-10-18T04:17:39+05:30,2025-10-17T19:05:47+05:30,7208,Unoccupied,20611,"-37.82098157165377, 144.94541576884666"
2025-10-18T04:17:39+05:30,2025-10-13T12:32:08+05:30,7208,Unoccupied,20613,"-37.821101689301244, 144.94544773612796"
2025-10-18T04:17:39+05:30,2024-03-22T13:31:44+05:30,7213,Present,18527,"-37.82104009152626, 144.94433934119712"
2025-10-18T04:17:39+05:30,2023-10-16T09:43:48+05:30,7231,Unoccupied,15025,"-37.82088566451103, 144.9441655050968"
2025-10-18T04:17:39+05:30,2025-10-18T03:29:12+05:30,7213,Unoccupied,16287,"-37.820362474961634, 144.94402627094496"
2025-10-18T04:17:39+05:30,2025-10-18T04:05:05+05:30,7639,Present,52244,"-37.81048201748722, 144.96690861753746"
2025-10-18T04:17:39+05:30,2025-10-18T01:56:20+05:30,7167,Present,17487,"-37.8204210749276, 144.94208717425943"
2025-10-18T04:17:39+05:30,2025-10-18T03:12:35+05:30,7167,Present,17493,"-37.82029216507679, 144.94253451002305"
2025-10-18T04:17:39+05:30,2025-08-09T18:44:16+05:30,7167,Unoccupied,17492,"-37.82031154772048, 144.9424672499739"
2025-10-18T04:17:39+05:30,2025-10-17T15:31:00+05:30,7167,Present,17494,"-37.82027324511611, 144.94260016791185"
2025-10-18T04:17:39+05:30,2025-10-18T03:55:22+05:30,7167,Present,17488,"-37.82038907970143, 144.94219820945807"
2025-10-18T04:17:39+05:30,2025-10-18T02:44:50+05:30,7167,Present,17500,"-37.820201470413465, 144.94223168811772"
2025-10-18T04:17:39+05:30,2025-10-17T14:42:18+05:30,7167,Present,17497,"-37.82014593555493, 144.9424237400629"
2025-10-18T04:17:39+05:30,2025-10-18T03:52:29+05:30,7207,Unoccupied,20605,"-37.82037098839134, 144.94457607720415"
2025-10-18T04:17:39+05:30,2025-10-17T17:12:43+05:30,7214,Unoccupied,20620,"-37.819641539773656, 144.94586612662667"
2025-10-18T04:17:39+05:30,2025-10-18T02:31:06+05:30,7214,Unoccupied,20623,"-37.81980707842661, 144.945909621506"
2025-10-18T04:17:39+05:30,2025-10-17T03:58:15+05:30,7214,Present,20920,"-37.820142626566124, 144.94599901947242"
2025-10-18T04:17:39+05:30,2025-10-17T19:14:33+05:30,7161,Unoccupied,20570,"-37.82038273315523, 144.9511045668553"
2025-10-18T04:17:39+05:30,2025-10-17T17:19:44+05:30,7161,Unoccupied,20573,"-37.82056490484314, 144.95125247431088"
2025-10-18T04:17:39+05:30,2025-10-17T19:35:48+05:30,7161,Present,20577,"-37.82093602215687, 144.95154435869017"
2025-10-18T04:17:39+05:30,2025-08-24T02:25:39+05:30,7418,Unoccupied,61634,"-37.81959144964242, 144.9565930457811"
2025-10-18T04:17:39+05:30,2024-03-13T08:33:31+05:30,7692,Present,55521,"-37.81844776554182, 144.95938672872117"
2025-10-18T04:17:39+05:30,2024-12-25T09:34:46+05:30,7165,Present,15327,"-37.81866478932355, 144.94819126833528"
2025-10-18T04:17:39+05:30,2024-12-25T10:45:19+05:30,7165,Present,15336,"-37.818778775339354, 144.9477980830452"
2025-10-18T04:17:39+05:30,2025-10-17T22:46:01+05:30,7173,Unoccupied,13022,"-37.81959659580849, 144.94494170325518"
2025-10-18T04:17:39+05:30,2025-10-18T03:44:14+05:30,7173,Unoccupied,13451,"-37.81954632984909, 144.9448009914606"
2025-10-18T04:17:39+05:30,2025-10-17T20:18:13+05:30,7173,Unoccupied,13449,"-37.81956463086485, 144.94473774153047"
2025-10-18T04:17:39+05:30,2025-10-17T15:55:34+05:30,7173,Unoccupied,13459,"-37.819466221474826, 144.94507795509554"
2025-10-18T04:17:39+05:30,2025-10-02T06:59:14+05:30,7173,Present,13456,"-37.81949368259774, 144.94498293410157"
2025-10-18T04:17:39+05:30,2025-10-15T06:43:49+05:30,7173,Unoccupied,13476,"-37.819219255459195, 144.94593289115932"
2025-10-18T04:17:39+05:30,2025-05-21T12:39:15+05:30,7173,Unoccupied,13453,"-37.8195280019909, 144.94486454941546"
2025-10-18T04:17:39+05:30,2025-09-26T10:30:34+05:30,7173,Present,13473,"-37.81924644084633, 144.94583855541015"
2025-10-18T04:17:39+05:30,2025-06-08T12:27:47+05:30,7173,Present,13021,"-37.819578635275995, 144.945003689975"
2025-10-18T04:17:39+05:30,2025-08-23T09:10:05+05:30,7173,Unoccupied,13452,"-37.819537177596004, 144.94483260294783"
2025-10-18T04:17:39+05:30,2025-10-17T18:07:50+05:30,7173,Unoccupied,13455,"-37.81950281828918, 144.94495134381808"
2025-10-18T04:17:39+05:30,2025-10-18T02:13:02+05:30,7178,Unoccupied,13400,"-37.81996043711991, 144.94336469751374"
2025-10-18T04:17:39+05:30,2025-10-18T04:06:06+05:30,7178,Unoccupied,13394,"-37.82001997842416, 144.94315996167091"
2025-10-18T04:17:39+05:30,2025-10-17T18:27:59+05:30,7178,Unoccupied,13396,"-37.82000385363874, 144.94321541209086"
2025-10-18T04:17:39+05:30,2025-10-18T04:05:33+05:30,7178,Present,13395,"-37.82001191603977, 144.94318768716136"
2025-10-18T04:17:39+05:30,2025-10-18T03:47:52+05:30,,Unoccupied,50935,"-37.813445522263606, 144.97111070499417"
2025-10-18T04:17:39+05:30,2025-10-18T03:05:50+05:30,7402,Present,50816,"-37.81457508332559, 144.9718048322021"
2025-10-18T04:17:39+05:30,2025-09-30T16:01:50+05:30,7197,Unoccupied,20871,"-37.81985615505279, 144.94527324403245"
2025-10-18T04:17:39+05:30,2025-10-18T03:20:34+05:30,,Present,62654,"-37.812737629446495, 144.97217052589957"
2025-10-18T04:17:39+05:30,2025-10-17T17:14:42+05:30,7273,Unoccupied,50651,"-37.808278162971284, 144.9716238307675"
2025-10-18T04:17:39+05:30,2025-10-17T22:03:33+05:30,7273,Unoccupied,50653,"-37.80823286184635, 144.97160314078872"
2025-10-18T04:17:39+05:30,2024-04-09T12:10:29+05:30,7273,Unoccupied,50654,"-37.80820933922588, 144.97159226173588"
2025-10-18T04:17:39+05:30,2025-10-17T22:39:28+05:30,7273,Unoccupied,50655,"-37.808186243556975, 144.9715812198217"
2025-10-18T04:17:39+05:30,2025-10-18T03:56:38+05:30,7645,Present,50212,"-37.81265866353571, 144.97376409324755"
2025-10-18T04:17:39+05:30,2025-10-18T01:52:25+05:30,7188,Present,17720,"-37.820384813996924, 144.93992958225567"
2025-10-18T04:17:39+05:30,2025-10-17T12:37:28+05:30,7188,Present,17717,"-37.82031223132367, 144.93962605267149"
2025-10-18T04:17:39+05:30,2025-10-18T03:56:21+05:30,7182,Unoccupied,23361,"-37.821105004185156, 144.94224275617853"
2025-10-18T04:17:39+05:30,2025-10-18T03:41:50+05:30,7182,Unoccupied,23362,"-37.82105266660878, 144.94222412117483"
2025-10-18T04:17:39+05:30,2025-10-18T01:21:42+05:30,7267,Unoccupied,15103,"-37.82178007096833, 144.9434975049776"
2025-10-18T04:17:39+05:30,2025-10-17T23:12:03+05:30,7267,Unoccupied,15100,"-37.82177629600672, 144.94359177259076"
2025-10-18T04:17:39+05:30,2025-10-18T01:46:31+05:30,7210,Unoccupied,17330,"-37.812513706488204, 144.9406746709352"
2025-10-18T04:17:39+05:30,2025-10-18T03:38:13+05:30,7210,Unoccupied,17334,"-37.81237334714782, 144.94104656813326"
2025-10-18T04:17:39+05:30,2025-10-18T01:46:26+05:30,7210,Unoccupied,17339,"-37.81248965430113, 144.94073843257348"
2025-10-18T04:17:39+05:30,2025-10-18T02:58:40+05:30,7226,Unoccupied,23387,"-37.81286579630847, 144.94052225278367"
2025-10-18T04:17:39+05:30,2025-06-02T14:50:00+05:30,7577,Unoccupied,65615,"-37.81390643770177, 144.95631246599748"
2025-10-18T04:17:39+05:30,2025-06-02T14:54:03+05:30,7571,Unoccupied,65643,"-37.81391238953587, 144.95663058121823"
2025-10-18T04:17:39+05:30,2025-06-02T13:50:49+05:30,7571,Present,65652,"-37.814005248725564, 144.95630569160573"
2025-10-18T04:17:39+05:30,2025-06-02T13:53:02+05:30,7571,Present,65644,"-37.8139204605355, 144.9566026856169"
2025-10-18T04:17:39+05:30,2025-06-02T14:50:52+05:30,7571,Present,65647,"-37.81394634791999, 144.95651214629643"
2025-10-18T04:17:39+05:30,2025-06-02T14:46:01+05:30,7577,Present,65619,"-37.81397832769697, 144.9560589114264"
2025-10-18T04:17:39+05:30,2025-06-02T14:49:13+05:30,7571,Unoccupied,65648,"-37.813955063716854, 144.95648172021134"
2025-10-18T04:17:39+05:30,2025-06-02T11:30:27+05:30,7575,Unoccupied,65612,"-37.81385309104087, 144.95649940302036"
2025-10-18T04:17:39+05:30,2025-10-17T15:57:07+05:30,7455,Present,61421,"-37.81832366163701, 144.96029833485363"
2025-10-18T04:17:39+05:30,2025-06-02T10:53:56+05:30,7571,Present,65672,"-37.814321100989616, 144.95518948830284"
2025-10-18T04:17:39+05:30,2025-06-02T13:52:19+05:30,7571,Present,65673,"-37.8143292550021, 144.95516107166046"
2025-10-18T04:17:39+05:30,2025-06-02T15:06:27+05:30,7571,Present,65661,"-37.814201565097214, 144.95561859039697"
2025-10-18T04:17:39+05:30,2025-06-02T12:43:25+05:30,7571,Present,65667,"-37.814251327430625, 144.95544452570135"
2025-10-18T04:17:39+05:30,2025-06-02T14:32:33+05:30,7571,Present,65660,"-37.814193382180775, 144.9556474335151"
2025-10-18T04:17:39+05:30,2025-06-02T14:36:49+05:30,7571,Present,65669,"-37.81426809230024, 144.95538539765067"
2025-10-18T04:17:39+05:30,2025-10-18T02:34:58+05:30,7451,Present,60217,"-37.816990246411144, 144.96871639926962"
2025-10-18T04:17:39+05:30,2025-10-18T04:15:40+05:30,7451,Present,60220,"-37.8170502739336, 144.96851255564815"
2025-10-18T04:17:39+05:30,2025-10-17T16:30:07+05:30,7561,Unoccupied,65817,"-37.808589230810036, 144.9709880020124"
2025-10-18T04:17:39+05:30,2025-10-18T04:10:48+05:30,7273,Unoccupied,50658,"-37.808117796663836, 144.97155150165665"
2025-10-18T04:17:39+05:30,2024-04-09T11:57:45+05:30,7718,Unoccupied,23810,"-37.801605221660694, 144.95655902048355"
2025-10-18T04:17:39+05:30,2025-10-18T02:59:49+05:30,7719,Present,23813,"-37.80176581946087, 144.9565309645787"
2025-10-18T04:17:39+05:30,2025-10-18T03:49:38+05:30,7719,Unoccupied,23814,"-37.80181717195635, 144.95652170245594"
2025-10-18T04:17:39+05:30,2025-02-06T12:00:10+05:30,7712,Present,11364,"-37.80411018240322, 144.95546281864233"
2025-10-18T04:17:39+05:30,2025-02-07T01:34:08+05:30,7712,Unoccupied,11369,"-37.80423505345237, 144.95544037250653"
2025-10-18T04:17:39+05:30,2025-08-25T05:13:40+05:30,7712,Unoccupied,11363,"-37.80408520855066, 144.95546730833104"
2025-10-18T04:17:39+05:30,2025-08-25T08:26:09+05:30,7712,Unoccupied,11362,"-37.80406023380684, 144.9554717974239"
2025-10-18T04:17:39+05:30,2025-06-01T09:03:59+05:30,7712,Present,11398,"-37.805381355877714, 144.95523429232816"
2025-10-18T04:17:39+05:30,2025-10-17T19:10:50+05:30,,Present,62323,"-37.818004480010714, 144.95758647921394"
2025-10-18T04:17:39+05:30,2025-10-18T03:27:10+05:30,7362,Unoccupied,62328,"-37.81809874939145, 144.95725681122346"
2025-10-18T04:17:39+05:30,2025-10-18T03:34:39+05:30,7553,Unoccupied,65490,"-37.81288436256271, 144.96053120913592"
2025-10-18T04:17:39+05:30,2025-10-18T04:16:19+05:30,7780,Present,65489,"-37.81286309097017, 144.9606030839106"
2025-10-18T04:17:39+05:30,2025-10-18T03:21:09+05:30,7551,Present,65445,"-37.81250229365364, 144.96154680933415"
2025-10-18T04:17:39+05:30,2025-10-18T03:58:21+05:30,7551,Unoccupied,65447,"-37.812522292713346, 144.96147743375732"
2025-10-18T04:17:39+05:30,2025-10-18T01:50:44+05:30,7156,Present,23948,"-37.814076722039104, 144.94258042924025"
2025-10-18T04:17:39+05:30,2025-10-18T03:25:23+05:30,7193,Present,15003,"-37.81459020510866, 144.9399536030092"
2025-10-18T04:17:39+05:30,2025-10-18T03:21:04+05:30,7261,Present,14792,"-37.812609795753716, 144.93643568442775"
2025-10-18T04:17:39+05:30,2025-10-18T02:26:14+05:30,7251,Unoccupied,16414,"-37.80969210017762, 144.98110249727094"
2025-10-18T04:17:39+05:30,2025-10-17T17:53:53+05:30,7251,Unoccupied,16409,"-37.809626896035354, 144.98111340049553"
2025-10-18T04:17:39+05:30,2025-10-18T03:56:35+05:30,7252,Unoccupied,17379,"-37.80952504893162, 144.98095610060994"
2025-10-18T04:17:39+05:30,2025-10-17T18:47:26+05:30,7251,Unoccupied,16406,"-37.80943489724403, 144.98114510787968"
2025-10-18T04:17:39+05:30,2025-10-17T17:38:26+05:30,7251,Unoccupied,16413,"-37.809715326707746, 144.9810986597671"
2025-10-18T04:17:39+05:30,2025-10-15T06:30:51+05:30,7302,Unoccupied,17829,"-37.817594548242845, 144.98198047448764"
2025-10-18T04:17:39+05:30,2025-10-15T07:30:49+05:30,7302,Unoccupied,18113,"-37.81720084818549, 144.98204793367404"
2025-10-18T04:17:39+05:30,2025-10-15T06:38:41+05:30,7302,Present,17835,"-37.81793202872641, 144.98192272902065"
2025-10-18T04:17:39+05:30,2025-10-15T05:45:24+05:30,7302,Present,17827,"-37.81742582555694, 144.98200944553244"
2025-10-18T04:17:39+05:30,2025-10-15T07:22:32+05:30,7302,Unoccupied,17843,"-37.8183818821285, 144.98184481721051"
2025-10-18T04:17:39+05:30,2025-10-18T00:28:15+05:30,7716,Present,9468,"-37.80570925875647, 144.95722048166812"
2025-10-18T04:17:39+05:30,2025-10-18T03:51:59+05:30,7716,Present,9469,"-37.805734662535905, 144.9572159972663"
2025-10-18T04:17:39+05:30,2025-10-18T01:19:02+05:30,7716,Present,9470,"-37.805760093024816, 144.95721152002614"
2025-10-18T04:17:39+05:30,2025-10-12T15:00:22+05:30,7716,Unoccupied,9421,"-37.80576289273881, 144.95708513808114"
2025-10-18T04:17:39+05:30,2025-10-18T03:46:18+05:30,7716,Unoccupied,9418,"-37.80541535820775, 144.95714608281074"
2025-10-18T04:17:39+05:30,2025-10-18T00:51:04+05:30,7721,Unoccupied,24036,"-37.80532191417731, 144.9571762259662"
2025-10-18T04:17:39+05:30,2025-10-18T02:37:28+05:30,7721,Unoccupied,24041,"-37.80519387665643, 144.95719867677056"
2025-10-18T04:17:39+05:30,2025-10-18T04:10:50+05:30,7721,Present,9448,"-37.80514076384679, 144.95732101125913"
2025-10-18T04:17:39+05:30,2025-10-18T03:23:28+05:30,7721,Present,9455,"-37.80529868675903, 144.95729308004707"
2025-10-18T04:17:39+05:30,2025-10-17T10:34:52+05:30,7721,Present,9449,"-37.80516708394305, 144.95731635270747"
2025-10-18T04:17:39+05:30,2025-10-18T00:41:13+05:30,7716,Present,9467,"-37.80563500845564, 144.9572336095532"
2025-10-18T04:17:39+05:30,2025-10-18T04:07:37+05:30,7721,Unoccupied,9441,"-37.804906473454636, 144.95736249449726"
2025-10-18T04:17:39+05:30,2025-10-17T11:58:26+05:30,7721,Present,9440,"-37.804882030660224, 144.95736681754914"
2025-10-18T04:17:39+05:30,2025-10-17T12:33:49+05:30,7721,Present,24050,"-37.804776740083824, 144.95727126858864"
2025-10-18T04:17:39+05:30,2025-10-15T07:39:53+05:30,7721,Present,23972,"-37.80464959517572, 144.95729372405316"
2025-10-18T04:17:39+05:30,2025-09-15T07:48:06+05:30,7721,Present,23974,"-37.80459873766425, 144.95730270689631"
2025-10-18T04:17:39+05:30,2025-10-18T04:12:24+05:30,7716,Present,9428,"-37.80455937658455, 144.9574238589194"
2025-10-18T04:17:39+05:30,2025-10-18T03:47:14+05:30,7716,Present,9423,"-37.80445590676054, 144.95744215690206"
2025-10-18T04:17:39+05:30,2025-10-17T10:58:19+05:30,7716,Present,9426,"-37.80453352540836, 144.95742843296358"
2025-10-18T04:17:39+05:30,2025-10-18T00:46:53+05:30,7721,Unoccupied,9405,"-37.804198188138, 144.95735992040204"
2025-10-18T04:17:39+05:30,2025-10-18T04:12:50+05:30,,Present,54615,"-37.811577175429534, 144.95926404526102"
2025-10-18T04:17:39+05:30,2025-10-18T02:56:37+05:30,7232,Unoccupied,21492,"-37.81331527110336, 144.93928156838024"
2025-10-18T04:17:39+05:30,2025-10-18T04:03:38+05:30,7232,Present,21493,"-37.81326599179952, 144.9392517783583"
2025-10-18T04:17:39+05:30,2025-10-18T03:54:25+05:30,7232,Present,21491,"-37.813364550400415, 144.93931135842863"
2025-10-18T04:17:39+05:30,2025-10-18T03:48:05+05:30,7178,Unoccupied,13422,"-37.81966489613076, 144.94438830046715"
2025-10-18T04:17:39+05:30,2024-10-01T09:36:07+05:30,7178,Unoccupied,13421,"-37.8196733381685, 144.94435930941012"
2025-10-18T04:17:39+05:30,2025-10-18T01:55:03+05:30,7178,Unoccupied,13419,"-37.819690203466365, 144.94430138682208"
2025-10-18T04:17:39+05:30,2025-10-18T04:10:06+05:30,7178,Present,13423,"-37.819656465631084, 144.94441725659843"
2025-10-18T04:17:39+05:30,2025-10-17T17:15:25+05:30,7178,Unoccupied,13408,"-37.81978379179296, 144.94397996210589"
2025-10-18T04:17:39+05:30,2025-10-18T04:14:55+05:30,7178,Present,13406,"-37.81980389778228, 144.94391087225625"
2025-10-18T04:17:39+05:30,2023-04-14T00:00:06+05:30,,Unoccupied,18040,"-37.811433965722195, 144.96126295380472"
2025-10-18T04:17:39+05:30,2025-10-18T03:39:55+05:30,7195,Present,24273,"-37.81311169162248, 144.9424227882005"
2025-10-18T04:17:39+05:30,2025-10-18T03:30:16+05:30,7552,Present,66433,"-37.812841201958975, 144.9566041325585"
2025-10-18T04:17:39+05:30,2025-10-18T01:42:19+05:30,7170,Unoccupied,13445,"-37.819595209964405, 144.94431238082225"
2025-10-18T04:17:39+05:30,2024-02-01T07:47:34+05:30,,Present,24473,"-37.80806061857262, 144.95547626717845"
2025-10-18T04:17:39+05:30,2025-10-18T03:33:39+05:30,,Unoccupied,51311,"-37.80948577422579, 144.96929419600121"
2025-10-18T04:17:39+05:30,2024-11-28T11:08:05+05:30,,Unoccupied,51160,"-37.81162336604581, 144.97044206146683"
2025-10-18T04:17:39+05:30,2025-10-18T03:55:34+05:30,7529,Present,62758,"-37.81367850953133, 144.9690010590787"
2025-10-18T04:17:39+05:30,2025-10-18T04:14:37+05:30,7508,Present,62885,"-37.8143324569225, 144.96674067593074"
2025-10-18T04:17:39+05:30,2025-10-18T02:28:18+05:30,7333,Present,63076,"-37.81584843572429, 144.96159640606774"
2025-10-18T04:17:39+05:30,2025-10-18T01:20:54+05:30,7631,Present,51631,"-37.81649658880538, 144.96967673346956"
2025-10-18T04:17:39+05:30,2025-10-14T11:16:02+05:30,7253,Present,17442,"-37.810315602997036, 144.97565625947374"
2025-10-18T04:17:39+05:30,2025-10-14T12:44:15+05:30,7253,Present,17439,"-37.81021796547164, 144.97567247151056"
2025-10-18T04:17:39+05:30,2025-10-14T14:11:04+05:30,7253,Present,17434,"-37.8100554197271, 144.97569936474463"
2025-10-18T04:17:39+05:30,2025-10-14T12:44:07+05:30,7253,Present,17431,"-37.809957839970366, 144.97571550085905"
2025-10-18T04:17:39+05:30,2025-10-14T12:51:39+05:30,7254,Present,17450,"-37.81050471230603, 144.97533844565666"
2025-10-18T04:17:39+05:30,2025-10-14T11:34:02+05:30,7254,Present,17447,"-37.81034399921628, 144.97536559600223"
2025-10-18T04:17:39+05:30,2025-10-18T03:52:41+05:30,7280,Present,5925,"-37.811839653808505, 144.97577308659592"
2025-10-18T04:17:39+05:30,2025-10-18T01:36:37+05:30,7280,Present,5950,"-37.81192570588726, 144.97656464057454"
2025-10-18T04:17:39+05:30,2025-10-18T04:03:32+05:30,7278,Present,5931,"-37.811936376957256, 144.97561571918135"
2025-10-18T04:17:39+05:30,2025-10-18T01:47:01+05:30,7278,Unoccupied,5935,"-37.8119830047601, 144.97604299004234"
2025-10-18T04:17:39+05:30,2025-10-18T04:15:37+05:30,7278,Unoccupied,5943,"-37.81204342877943, 144.976595999425"
2025-10-18T04:17:39+05:30,2025-10-18T03:05:40+05:30,7278,Unoccupied,5963,"-37.81212629805519, 144.97735350898935"
2025-10-18T04:17:39+05:30,2025-10-17T16:32:51+05:30,7278,Unoccupied,5937,"-37.81199836214489, 144.97618232857667"
2025-10-18T04:17:39+05:30,2025-10-18T00:54:56+05:30,7278,Unoccupied,5940,"-37.8120209373606, 144.97638779664226"
2025-10-18T04:17:39+05:30,2025-10-18T03:25:44+05:30,7278,Unoccupied,5933,"-37.811967229294595, 144.97589985283284"
2025-10-18T04:17:39+05:30,2025-10-17T16:05:23+05:30,7278,Unoccupied,5953,"-37.8120958583705, 144.9770745964709"
2025-10-18T04:17:39+05:30,2024-06-19T17:20:00+05:30,7270,Present,24603,"-37.81162317214513, 144.98611790220258"
2025-10-18T04:17:39+05:30,2024-11-03T13:57:41+05:30,7270,Present,24599,"-37.811408858900684, 144.98615414550352"
2025-10-18T04:17:39+05:30,2024-11-03T13:52:58+05:30,7270,Unoccupied,24598,"-37.81135528103131, 144.98616320615582"
2025-10-18T04:17:39+05:30,2024-11-03T13:26:20+05:30,7270,Unoccupied,24597,"-37.8113017031604, 144.98617226736098"
2025-10-18T04:17:39+05:30,2024-11-03T00:23:48+05:30,7270,Present,24596,"-37.81124812440662, 144.98618132797134"
2025-10-18T04:17:39+05:30,2024-11-03T09:37:54+05:30,7255,Unoccupied,17937,"-37.811960654510244, 144.98755074018692"
2025-10-18T04:17:39+05:30,2024-11-03T12:31:45+05:30,7255,Unoccupied,17931,"-37.81191592850305, 144.98714581142826"
2025-10-18T04:17:39+05:30,2024-11-03T17:05:45+05:30,7255,Present,17924,"-37.8118637466265, 144.98667339430244"
2025-10-18T04:17:39+05:30,2024-11-03T13:24:22+05:30,7255,Unoccupied,17941,"-37.811990471088336, 144.9878206933694"
2025-10-18T04:17:39+05:30,2024-11-03T10:48:37+05:30,7255,Unoccupied,17926,"-37.811878655988664, 144.98680837047692"
2025-10-18T04:17:39+05:30,2024-11-03T16:33:19+05:30,7255,Unoccupied,17942,"-37.81199767649973, 144.98788593223867"
2025-10-18T04:17:39+05:30,2025-10-18T03:50:59+05:30,7547,Unoccupied,66448,"-37.813151726499726, 144.95550910703662"
2025-10-18T04:17:39+05:30,2025-10-18T04:13:06+05:30,7547,Unoccupied,66447,"-37.81313518040935, 144.95556735990664"
2025-10-18T04:17:39+05:30,2025-10-18T03:08:48+05:30,7247,Present,17456,"-37.81069749719495, 144.9761329476023"
2025-10-18T04:17:39+05:30,2025-10-17T22:47:14+05:30,7247,Unoccupied,17457,"-37.810704626410924, 144.9761986586807"
2025-10-18T04:17:39+05:30,2025-10-18T03:25:54+05:30,7247,Unoccupied,17454,"-37.810683569183226, 144.97600564630014"
2025-10-18T04:17:39+05:30,2025-10-17T16:48:51+05:30,7247,Unoccupied,17461,"-37.81073265315156, 144.97645686934112"
2025-10-18T04:17:39+05:30,2025-10-18T04:02:32+05:30,7247,Unoccupied,17470,"-37.81084267904744, 144.97746762199756"
2025-10-18T04:17:39+05:30,2025-10-17T16:20:31+05:30,7247,Unoccupied,17518,"-37.81097238733205, 144.9769523129807"
2025-10-18T04:17:39+05:30,2025-10-18T04:13:19+05:30,7247,Present,17513,"-37.81093540705386, 144.97661099821943"
2025-10-18T04:17:39+05:30,2025-10-18T02:58:32+05:30,7260,Present,20640,"-37.80934708421358, 144.97832227791164"
2025-10-18T04:17:39+05:30,2025-10-17T16:07:38+05:30,7258,Unoccupied,22948,"-37.810269603539936, 144.97812841896123"
2025-10-18T04:17:39+05:30,2025-10-18T03:31:40+05:30,7258,Unoccupied,22941,"-37.81033788176496, 144.97811715325867"
2025-10-18T04:17:39+05:30,2025-10-18T03:31:28+05:30,7258,Unoccupied,22944,"-37.810550213731986, 144.9780820284193"
2025-10-18T04:17:39+05:30,2025-10-18T03:33:48+05:30,7259,Unoccupied,23020,"-37.81134185181767, 144.97794981577806"
2025-10-18T04:17:39+05:30,2025-10-17T16:04:27+05:30,7259,Unoccupied,23019,"-37.81139630318311, 144.9779406498383"
2025-10-18T04:17:39+05:30,2025-10-02T14:56:22+05:30,7258,Unoccupied,23030,"-37.81038397300706, 144.97834636455923"
2025-10-18T04:17:39+05:30,2025-10-18T03:41:15+05:30,7258,Unoccupied,23024,"-37.81073958206347, 144.97828979044507"
2025-10-18T04:17:39+05:30,2025-10-18T03:48:59+05:30,7258,Unoccupied,23031,"-37.81033279265916, 144.9783550428363"
2025-10-18T04:17:39+05:30,2025-10-17T18:46:07+05:30,7258,Unoccupied,23015,"-37.81106362261997, 144.97823393449596"
2025-10-18T04:17:39+05:30,2025-10-17T15:58:05+05:30,7258,Unoccupied,23032,"-37.81028160871656, 144.9783637210504"
2025-10-18T04:17:39+05:30,2024-11-03T12:35:17+05:30,7271,Unoccupied,18146,"-37.8114174837515, 144.98858217388982"
2025-10-18T04:17:39+05:30,2024-11-03T11:21:21+05:30,7271,Unoccupied,18143,"-37.81130231619332, 144.98860190773735"
2025-10-18T04:17:39+05:30,2024-11-03T12:28:54+05:30,7271,Unoccupied,18148,"-37.8115326736643, 144.9885622630107"
2025-10-18T04:17:39+05:30,2025-10-18T02:33:52+05:30,7556,Present,65166,"-37.81063523212935, 144.96788874621052"
2025-10-18T04:17:39+05:30,2025-10-18T02:42:04+05:30,7498,Present,67329,"-37.812212826455536, 144.95456474336925"
2025-10-18T04:17:39+05:30,2025-10-18T03:00:03+05:30,7498,Present,67330,"-37.812230918695334, 144.95450060155457"
2025-10-18T04:17:39+05:30,2025-10-17T19:34:44+05:30,7547,Unoccupied,66450,"-37.81318851892835, 144.95537979114368"
2025-10-18T04:17:39+05:30,2025-10-18T03:50:30+05:30,7948,Present,67434,"-37.8126383544846, 144.9535628565763"
2025-10-18T04:17:39+05:30,2025-10-18T01:20:39+05:30,7438,Unoccupied,60730,"-37.82058682406095, 144.95714015346647"
2025-10-18T04:17:39+05:30,2025-09-24T06:14:59+05:30,,Present,60729,"-37.820568689248745, 144.95720553114228"
2025-10-18T04:17:39+05:30,2025-10-18T03:17:56+05:30,7763,Present,65017,"-37.80959410059695, 144.9711033282569"
2025-10-18T04:17:39+05:30,2025-10-18T00:05:47+05:30,7570,Present,65049,"-37.80966733243581, 144.97118892646492"
2025-10-18T04:17:39+05:30,2025-10-18T04:15:39+05:30,7639,Present,52213,"-37.8103743707447, 144.96711375461814"
2025-10-18T04:17:39+05:30,2025-10-18T03:42:57+05:30,7360,Present,61719,"-37.81376643090401, 144.9721479450268"
2025-10-18T04:17:39+05:30,2025-10-18T03:22:11+05:30,7359,Present,61921,"-37.815027134564744, 144.96785393251673"
2025-10-18T04:17:39+05:30,2025-10-18T03:50:35+05:30,,Unoccupied,50216,"-37.81312274951321, 144.97372448375557"
2025-10-18T04:17:39+05:30,2025-10-18T02:21:39+05:30,7648,Present,50011,"-37.814894823757236, 144.97479681112435"
2025-10-18T04:17:39+05:30,2025-10-18T03:52:17+05:30,7474,Unoccupied,56723,"-37.81917079251646, 144.9568819224952"
2025-10-18T04:17:39+05:30,2025-10-17T23:32:02+05:30,7576,Unoccupied,57318,"-37.81278151241321, 144.9541904755258"
2025-10-18T04:17:39+05:30,2025-10-18T01:54:28+05:30,7624,Unoccupied,57314,"-37.812982959667174, 144.95428429383023"
2025-10-18T04:17:39+05:30,2025-10-18T03:39:02+05:30,7696,Present,53914,"-37.81841252147747, 144.96239243696846"
2025-10-18T04:17:39+05:30,2025-10-18T03:31:13+05:30,7697,Present,53919,"-37.8181217992318, 144.96225846127587"
2025-10-18T04:17:39+05:30,2025-10-14T16:56:29+05:30,7358,Unoccupied,61830,"-37.814567458989146, 144.96942272705792"
2025-10-18T04:17:39+05:30,2025-10-18T04:13:01+05:30,,Present,61822,"-37.81437430555558, 144.97008212001896"
2025-10-18T04:17:39+05:30,2025-10-18T03:22:11+05:30,7425,Present,61546,"-37.81928553604228, 144.95764690502048"
2025-10-18T04:17:39+05:30,2025-10-18T03:16:33+05:30,7416,Present,61244,"-37.817647807215906, 144.96300491158732"
2025-10-18T04:17:39+05:30,2024-04-04T03:55:17+05:30,7537,Present,63324,"-37.81774645249117, 144.95471712834333"
2025-10-18T04:17:39+05:30,2025-10-18T03:48:10+05:30,7331,Unoccupied,53815,"-37.81818609280648, 144.96280221763527"
2025-10-18T04:17:39+05:30,2025-10-18T03:15:39+05:30,,Present,53836,"-37.81793247863229, 144.962624060189"
2025-10-18T04:17:39+05:30,2024-03-27T13:08:24+05:30,7938,Present,23817,"-37.811543389844104, 144.95272374340297"
2025-10-18T04:17:39+05:30,2024-04-09T10:57:04+05:30,7938,Unoccupied,23854,"-37.811789398330724, 144.9522699697347"
2025-10-18T04:17:39+05:30,2024-04-05T07:55:10+05:30,7076,Unoccupied,22331,"-37.805558555235734, 144.9662203026023"
2025-10-18T04:17:39+05:30,2024-04-05T08:09:10+05:30,7076,Present,22330,"-37.805608556301124, 144.96621162204818"
2025-10-18T04:17:39+05:30,2024-04-05T08:05:00+05:30,7076,Present,22329,"-37.80566047188418, 144.96620259039165"
2025-10-18T04:17:39+05:30,2024-04-05T07:39:27+05:30,7076,Unoccupied,22328,"-37.80571210758782, 144.96619362350773"
2025-10-18T04:17:39+05:30,2025-10-18T02:44:16+05:30,7725,Present,9606,"-37.803609638540756, 144.9494297650245"
2025-10-18T04:17:39+05:30,2025-10-18T03:22:21+05:30,7725,Present,9610,"-37.80382681301337, 144.94939150979235"
2025-10-18T04:17:39+05:30,2025-10-17T19:49:29+05:30,7753,Unoccupied,9622,"-37.8049750808603, 144.94864127922932"
2025-10-18T04:17:39+05:30,2025-10-17T17:09:37+05:30,7939,Unoccupied,57644,"-37.8099405203108, 144.95261297928766"
2025-10-18T04:17:39+05:30,2025-09-07T00:24:43+05:30,7939,Unoccupied,57643,"-37.80999043132775, 144.95263935688112"
2025-10-18T04:17:39+05:30,2025-10-18T03:55:53+05:30,7739,Present,10726,"-37.80456142547732, 144.95098101958465"
2025-10-18T04:17:39+05:30,2025-10-17T15:55:06+05:30,7981,Unoccupied,10881,"-37.8054168503065, 144.9503174114983"
2025-10-18T04:17:39+05:30,2025-10-18T03:36:26+05:30,7722,Present,11180,"-37.803361893890624, 144.9481784758012"
2025-10-18T04:17:39+05:30,2023-08-14T04:20:04+05:30,7025,Unoccupied,22895,"-37.80493703528678, 144.9615714574154"
2025-10-18T04:17:39+05:30,2025-10-17T17:15:31+05:30,7708,Unoccupied,11945,"-37.80150062459572, 144.9549877030704"
2025-10-18T04:17:39+05:30,2025-10-17T17:12:42+05:30,7708,Unoccupied,11946,"-37.80146257809632, 144.9550358741397"
2025-10-18T04:17:39+05:30,2025-10-18T02:10:32+05:30,7720,Unoccupied,12121,"-37.79875816331267, 144.9519117567694"
2025-10-18T04:17:39+05:30,2025-10-18T03:28:35+05:30,7948,Unoccupied,67436,"-37.81267461908529, 144.95343447047443"
2025-10-18T04:17:39+05:30,2025-10-18T03:20:52+05:30,7559,Unoccupied,64232,"-37.81084687052625, 144.97087774799098"
2025-10-18T04:17:39+05:30,2025-10-18T03:31:02+05:30,7727,Present,14857,"-37.8009934710212, 144.95637587995068"
2025-10-18T04:17:39+05:30,2025-10-18T04:13:46+05:30,7647,Unoccupied,50520,"-37.8099651767365, 144.97227394883288"
2025-10-18T04:17:39+05:30,2025-10-18T03:50:00+05:30,7647,Unoccupied,50517,"-37.810117223206504, 144.972345058043"
2025-10-18T04:17:39+05:30,2025-10-18T03:02:45+05:30,7556,Present,65147,"-37.81042999318831, 144.9685850415174"
2025-10-18T04:17:39+05:30,2023-11-27T05:04:44+05:30,,Present,16779,"-37.814043486879456, 144.95755177178006"
2025-10-18T04:17:39+05:30,2023-12-04T02:25:25+05:30,,Present,16781,"-37.81398845485765, 144.95752651883566"
2025-10-18T04:17:39+05:30,2025-10-18T03:31:02+05:30,7592,Unoccupied,53940,"-37.81807459692086, 144.96211177171074"
2025-10-18T04:17:39+05:30,2025-10-17T14:26:53+05:30,7348,Unoccupied,21532,"-37.83507967210864, 144.97782129040343"
2025-10-18T04:17:39+05:30,2025-10-18T02:00:45+05:30,7340,Unoccupied,64025,"-37.81620363623374, 144.9560971881385"
2025-10-18T04:17:39+05:30,2025-10-18T03:22:10+05:30,7757,Present,12293,"-37.799039996284016, 144.9535118577159"
2025-10-18T04:17:39+05:30,2025-07-12T14:32:15+05:30,,Present,63965,"-37.81563682178842, 144.95865296609833"
2025-10-18T04:17:39+05:30,2025-10-17T22:49:43+05:30,7551,Unoccupied,65460,"-37.812745913285035, 144.96062414113032"
2025-10-18T04:17:39+05:30,2025-10-18T02:43:35+05:30,7551,Present,65458,"-37.812728652423644, 144.96068369987339"
2025-10-18T04:17:39+05:30,2025-10-17T19:18:07+05:30,7605,Unoccupied,54433,"-37.81361327039055, 144.96006203950026"
2025-10-18T04:17:39+05:30,2025-10-18T03:05:44+05:30,7605,Present,54431,"-37.81365980142846, 144.9600835219219"
2025-10-18T04:17:39+05:30,2024-12-25T10:37:39+05:30,7163,Unoccupied,18575,"-37.81932623235019, 144.94863069427277"
2025-10-18T04:17:39+05:30,2024-12-25T10:47:14+05:30,7163,Present,18577,"-37.819434297815846, 144.94863483090833"
2025-10-18T04:17:39+05:30,2025-10-18T03:55:46+05:30,7568,Unoccupied,65196,"-37.81075468352928, 144.9678212234596"
2025-10-18T04:17:39+05:30,2024-11-14T13:28:39+05:30,7184,Unoccupied,20900,"-37.82105563700918, 144.94697668897598"
2025-10-18T04:17:39+05:30,2025-10-18T04:04:14+05:30,7186,Present,15090,"-37.82103357858126, 144.94333640050053"
2025-10-18T04:17:39+05:30,2025-10-17T17:00:42+05:30,7230,Unoccupied,18606,"-37.820966865406504, 144.9507948468937"
2025-10-18T04:17:39+05:30,2025-10-18T03:20:10+05:30,,Unoccupied,61534,"-37.81887307662266, 144.95908404503012"
2025-10-18T04:17:39+05:30,2025-10-18T04:09:58+05:30,7659,Unoccupied,50122,"-37.814139620901145, 144.9742325651239"
2025-10-18T04:17:39+05:30,2023-12-13T13:14:31+05:30,,Unoccupied,6992,"-37.818980877119415, 144.95964572075712"
2025-10-18T04:17:39+05:30,2025-06-11T04:37:25+05:30,7208,Unoccupied,20612,"-37.821039942519995, 144.94543155629415"
2025-10-18T04:17:39+05:30,2025-10-18T04:11:03+05:30,7213,Present,16285,"-37.82026048159719, 144.9439810491996"
2025-10-18T04:17:39+05:30,2025-10-18T03:52:08+05:30,7213,Present,16289,"-37.820413468220664, 144.9440488762877"
2025-10-18T04:17:39+05:30,2025-10-18T04:13:42+05:30,7213,Unoccupied,16286,"-37.82031147805616, 144.94400366621178"
2025-10-18T04:17:39+05:30,2025-10-18T03:01:59+05:30,7167,Present,17491,"-37.82033093034448, 144.94239998990412"
2025-10-18T04:17:39+05:30,2025-10-17T10:25:55+05:30,7161,Present,20576,"-37.8207263715705, 144.9513794593367"
2025-10-18T04:17:39+05:30,2025-10-17T17:50:07+05:30,7161,Unoccupied,20584,"-37.821280500924274, 144.95181595117137"
2025-10-18T04:17:39+05:30,2025-10-18T03:55:50+05:30,7418,Unoccupied,61635,"-37.81961194709902, 144.95652096544404"
2025-10-18T04:17:39+05:30,2025-10-16T20:09:21+05:30,7173,Unoccupied,13469,"-37.819288804365065, 144.9456917106085"
2025-10-18T04:17:39+05:30,2025-10-09T02:34:49+05:30,7173,Unoccupied,13466,"-37.81931716372279, 144.94559338830783"
2025-10-18T04:17:39+05:30,2025-10-17T12:39:26+05:30,7178,Present,13390,"-37.82006341848805, 144.94301059304897"
2025-10-18T04:17:39+05:30,2025-10-18T03:20:51+05:30,7178,Present,13392,"-37.82004729015223, 144.94306604520847"
2025-10-18T04:17:39+05:30,2024-02-21T02:59:26+05:30,,Present,22973,"-37.810368573682524, 144.95587160790618"
2025-10-18T04:17:39+05:30,2025-10-18T03:26:16+05:30,7413,Present,51014,"-37.81270754880617, 144.97093919772306"
2025-10-18T04:17:39+05:30,2025-10-18T03:43:01+05:30,7400,Present,50918,"-37.813306662658555, 144.97121586356644"
2025-10-18T04:17:39+05:30,2025-10-06T03:26:44+05:30,7267,Unoccupied,15101,"-37.82167177709985, 144.9434493349197"
2025-10-18T04:17:39+05:30,2025-10-18T04:07:54+05:30,7593,Unoccupied,53944,"-37.8186009645687, 144.9622289233225"
2025-10-18T04:17:39+05:30,2025-10-17T21:48:26+05:30,7592,Present,53947,"-37.81843924035451, 144.9621548653592"
2025-10-18T04:17:39+05:30,2025-06-02T11:25:49+05:30,7577,Unoccupied,65616,"-37.81392473675294, 144.95624829743952"
2025-10-18T04:17:39+05:30,2025-06-02T13:52:36+05:30,7575,Unoccupied,65625,"-37.81414297118688, 144.9554777145556"
2025-10-18T04:17:39+05:30,2025-06-02T05:31:11+05:30,7571,Present,65666,"-37.81424287000405, 144.95547382216665"
2025-10-18T04:17:39+05:30,2025-10-18T03:23:45+05:30,,Unoccupied,60216,"-37.81696824933009, 144.9687908771935"
2025-10-18T04:17:39+05:30,2025-10-18T01:45:56+05:30,7561,Present,65818,"-37.808607878231, 144.970924044992"
2025-10-18T04:17:39+05:30,2025-10-17T02:15:39+05:30,7205,Present,23850,"-37.81573920140633, 144.9453783334325"
2025-10-18T04:17:39+05:30,2025-10-18T04:08:26+05:30,7362,Present,62330,"-37.81813668321815, 144.9571243250818"
2025-10-18T04:17:39+05:30,2025-10-15T07:02:38+05:30,7302,Unoccupied,18111,"-37.81708836890679, 144.98206749763708"
2025-10-18T04:17:39+05:30,2025-10-18T03:38:13+05:30,7721,Present,24052,"-37.8047258821453, 144.9572802514658"
2025-10-18T04:17:39+05:30,2025-10-18T03:52:30+05:30,7716,Present,23981,"-37.8044207325149, 144.95733414614818"
2025-10-18T04:17:39+05:30,2025-10-18T04:07:30+05:30,7716,Unoccupied,9432,"-37.80466290206173, 144.9574055586596"
2025-10-18T04:17:39+05:30,2023-08-05T07:30:57+05:30,7716,Present,23982,"-37.80440415591219, 144.957451305452"
2025-10-18T04:17:39+05:30,2025-10-17T16:23:29+05:30,7716,Present,23983,"-37.80437914566575, 144.9574557180178"
2025-10-18T04:17:39+05:30,2025-10-18T04:11:30+05:30,7721,Unoccupied,23984,"-37.80414913953174, 144.95736889663925"
2025-10-18T04:17:39+05:30,2025-10-18T04:11:03+05:30,7485,Present,56915,"-37.81682057459061, 144.95605201479813"
2025-10-18T04:17:39+05:30,2025-10-18T04:12:01+05:30,7485,Unoccupied,56916,"-37.81676388017977, 144.95602613698526"
2025-10-18T04:17:39+05:30,2025-10-18T04:14:20+05:30,7486,Present,56918,"-37.816652485915284, 144.9559753633596"
2025-10-18T04:17:39+05:30,2024-12-25T10:50:08+05:30,7163,Present,24000,"-37.81993731499081, 144.9486542687062"
2025-10-18T04:17:39+05:30,2025-10-17T18:39:27+05:30,7232,Unoccupied,18065,"-37.81346065333692, 144.93937027942778"
2025-10-18T04:17:39+05:30,2025-10-17T10:52:15+05:30,7195,Present,24275,"-37.81315800343762, 144.94229966184616"
2025-10-18T04:17:39+05:30,2025-10-18T04:11:46+05:30,7195,Present,24278,"-37.81322859937619, 144.94211577081893"
2025-10-18T04:17:39+05:30,2025-10-17T21:07:39+05:30,7170,Unoccupied,13442,"-37.81965061526964, 144.94412267115138"
2025-10-18T04:17:39+05:30,2025-10-17T11:42:20+05:30,7536,Unoccupied,62734,"-37.81362523089549, 144.9690102149233"
2025-10-18T04:17:39+05:30,2025-10-17T11:12:30+05:30,7529,Unoccupied,62759,"-37.81369645832241, 144.9689400643884"
2025-10-18T04:17:39+05:30,2025-10-14T14:09:20+05:30,7253,Unoccupied,17443,"-37.81034820879326, 144.97565092627656"
2025-10-18T04:17:39+05:30,2025-10-14T14:50:42+05:30,7254,Unoccupied,17446,"-37.810290412621754, 144.97537457602735"
2025-10-18T04:17:39+05:30,2025-10-18T03:43:55+05:30,7247,Present,17466,"-37.81077142757708, 144.9768137665318"
2025-10-18T04:17:39+05:30,2025-10-18T03:49:46+05:30,7258,Unoccupied,22942,"-37.81038928993854, 144.97810865175853"
2025-10-18T04:17:39+05:30,2025-10-17T16:03:04+05:30,7258,Unoccupied,22939,"-37.81021819600076, 144.97813687073062"
2025-10-18T04:17:39+05:30,2025-10-18T04:10:52+05:30,7510,Present,64448,"-37.81206468602045, 144.96688621264752"
2025-10-18T04:17:39+05:30,2024-04-04T21:22:18+05:30,7537,Unoccupied,63343,"-37.81767090350456, 144.95527914160846"
2025-10-18T04:17:39+05:30,2024-04-04T20:32:42+05:30,7537,Unoccupied,63342,"-37.81765243612145, 144.95534314989754"
2025-10-18T04:17:39+05:30,2024-04-04T01:24:28+05:30,7537,Present,63350,"-37.817799183952715, 144.95483408114114"
2025-10-18T04:17:39+05:30,2025-10-18T03:49:47+05:30,7537,Present,63339,"-37.81758663421112, 144.95557113862753"
2025-10-18T04:17:39+05:30,2025-10-06T08:40:33+05:30,7579,Present,63417,"-37.81164917591809, 144.97176236117136"
2025-10-18T04:17:39+05:30,2025-10-18T03:17:35+05:30,7320,Present,63514,"-37.812215861565896, 144.96983496181392"
2025-10-18T04:17:39+05:30,2025-10-18T02:44:15+05:30,,Present,63517,"-37.81228599209617, 144.96959670748367"
2025-10-18T04:17:39+05:30,2025-10-18T04:02:12+05:30,7320,Unoccupied,63513,"-37.81219478906797, 144.96990656709656"
2025-10-18T04:17:39+05:30,2025-10-18T03:49:22+05:30,7320,Unoccupied,63515,"-37.81223741168938, 144.96976176476102"
2025-10-18T04:17:39+05:30,2025-10-18T03:13:32+05:30,7320,Present,63516,"-37.812259359326596, 144.96968722093112"
2025-10-18T04:17:39+05:30,2025-04-15T11:21:10+05:30,7334,Present,63511,"-37.81215372924373, 144.97004603058315"
2025-10-18T04:17:39+05:30,2025-10-18T03:51:16+05:30,7320,Present,63545,"-37.81236012778967, 144.9698963264026"
2025-10-18T04:17:39+05:30,2025-10-18T04:06:27+05:30,7320,Unoccupied,63548,"-37.81241651876732, 144.96970466033275"
2025-10-18T04:17:39+05:30,2025-10-18T04:02:35+05:30,7334,Present,63541,"-37.81228496769381, 144.97015188822263"
2025-10-18T04:17:39+05:30,2025-10-18T04:00:49+05:30,7320,Unoccupied,63547,"-37.81239771442812, 144.96976854770918"
2025-10-18T04:17:39+05:30,2025-10-18T03:43:26+05:30,7335,Present,64114,"-37.81655429082221, 144.954809371304"
2025-10-18T04:17:39+05:30,2025-10-18T03:24:23+05:30,7335,Unoccupied,64112,"-37.816505634092294, 144.9549808119982"
2025-10-18T04:17:39+05:30,2025-10-18T02:51:54+05:30,,Unoccupied,64135,"-37.8165770103364, 144.95540522208717"
2025-10-18T04:17:39+05:30,2025-10-17T15:56:50+05:30,,Unoccupied,64138,"-37.81664256570643, 144.95517689751392"
2025-10-18T04:17:39+05:30,2025-10-18T00:41:49+05:30,,Unoccupied,62433,"-37.81884743600378, 144.9546404003079"
2025-10-18T04:17:39+05:30,2025-10-17T14:38:38+05:30,7377,Present,57719,"-37.8200900829024, 144.95568629843393"
2025-10-18T04:17:39+05:30,2024-04-04T02:10:58+05:30,7076,Unoccupied,22322,"-37.80601878985087, 144.96614033993342"
2025-10-18T04:17:39+05:30,2024-03-21T16:48:01+05:30,7076,Unoccupied,22318,"-37.80623453198583, 144.966102850457"
2025-10-18T04:17:39+05:30,2024-03-29T15:38:17+05:30,,Unoccupied,24942,"-37.818011767618245, 144.96524469705673"
2025-10-18T04:17:39+05:30,2025-10-18T04:05:02+05:30,7505,Unoccupied,64465,"-37.81239638600776, 144.96576403255543"
2025-10-18T04:17:39+05:30,2025-10-18T01:19:03+05:30,7245,Present,25019,"-37.80955987757421, 144.9751513831315"
2025-10-18T04:17:39+05:30,2025-10-16T07:36:42+05:30,7245,Unoccupied,25018,"-37.809566869260756, 144.97521317651032"
2025-10-18T04:17:39+05:30,2025-10-17T19:00:09+05:30,7245,Unoccupied,25017,"-37.80957387542762, 144.9752750708692"
2025-10-18T04:17:39+05:30,2025-10-15T10:20:46+05:30,7245,Unoccupied,25013,"-37.80945267735699, 144.97419720232637"
2025-10-18T04:17:39+05:30,2025-10-15T02:30:14+05:30,7245,Unoccupied,25008,"-37.80941438798977, 144.97384275406966"
2025-10-18T04:17:39+05:30,2025-10-18T04:00:09+05:30,7269,Present,17509,"-37.81157750013233, 144.97538009133925"
2025-10-18T04:17:39+05:30,2025-10-17T15:58:05+05:30,7269,Unoccupied,17507,"-37.811294985254946, 144.97542422097956"
2025-10-18T04:17:39+05:30,2025-10-17T16:34:43+05:30,7269,Unoccupied,17506,"-37.81123821072863, 144.97543311381168"
2025-10-18T04:17:39+05:30,2025-10-18T03:08:07+05:30,7269,Present,17505,"-37.811181435750356, 144.97544200661562"
2025-10-18T04:17:39+05:30,2025-10-18T02:14:35+05:30,7269,Unoccupied,24987,"-37.81119286547732, 144.97554714101943"
2025-10-18T04:17:39+05:30,2025-10-17T18:10:39+05:30,7642,Present,58212,"-37.81627464473898, 144.952999503473"
2025-10-18T04:17:39+05:30,2025-10-17T22:52:23+05:30,7644,Present,58116,"-37.81749654217096, 144.9535589917993"
2025-10-18T04:17:39+05:30,2025-10-18T03:49:51+05:30,7241,Present,7495,"-37.80969185496776, 144.9776233391761"
2025-10-18T04:17:39+05:30,2025-10-18T03:35:41+05:30,7241,Unoccupied,7499,"-37.80966280647826, 144.97735347189"
2025-10-18T04:17:39+05:30,2025-10-16T04:20:35+05:30,7236,Unoccupied,7485,"-37.80979435741304, 144.97732312169308"
2025-10-18T04:17:39+05:30,2025-10-17T16:54:35+05:30,7236,Unoccupied,7838,"-37.809816383020056, 144.97752563926633"
2025-10-18T04:17:39+05:30,2025-10-17T15:53:52+05:30,7236,Unoccupied,7848,"-37.80972827943312, 144.97671557322076"
2025-10-18T04:17:39+05:30,2025-10-16T14:50:40+05:30,7236,Unoccupied,7841,"-37.80977967410343, 144.9771881115722"
2025-10-18T04:17:39+05:30,2025-10-17T15:54:03+05:30,7236,Unoccupied,7484,"-37.809720936561604, 144.9766480671493"
2025-10-18T04:17:39+05:30,2025-10-17T22:52:39+05:30,7236,Unoccupied,7489,"-37.809847931861256, 144.97781573500095"
2025-10-18T04:17:39+05:30,2025-10-17T21:07:38+05:30,7239,Unoccupied,7868,"-37.81006324766466, 144.97972588052397"
2025-10-18T04:17:39+05:30,2025-10-18T04:06:49+05:30,7239,Unoccupied,7859,"-37.809996972844445, 144.97912144571848"
2025-10-18T04:17:39+05:30,2025-10-17T08:50:42+05:30,7239,Present,7866,"-37.810048713341104, 144.9795921579583"
2025-10-18T04:17:39+05:30,2025-10-18T03:13:12+05:30,7239,Present,7855,"-37.80996728967321, 144.97885293740686"
2025-10-18T04:17:39+05:30,2025-10-17T16:26:10+05:30,7239,Unoccupied,7875,"-37.81011601810408, 144.98020679577505"
2025-10-18T04:17:39+05:30,2025-10-17T19:06:06+05:30,7239,Unoccupied,7869,"-37.8100704420167, 144.97979225966645"
2025-10-18T04:17:39+05:30,2025-10-18T00:47:32+05:30,7239,Present,7871,"-37.810087253153384, 144.97994641892151"
2025-10-18T04:17:39+05:30,2025-10-17T16:16:24+05:30,7239,Unoccupied,7863,"-37.8100265659921, 144.97939014817743"
2025-10-18T04:17:39+05:30,2025-10-17T16:38:53+05:30,7239,Unoccupied,7860,"-37.810004366308725, 144.97918843039224"
2025-10-18T04:17:39+05:30,2025-10-17T19:28:52+05:30,7239,Present,7882,"-37.810166179630386, 144.9806603175337"
2025-10-18T04:17:39+05:30,2025-10-17T15:28:29+05:30,7239,Unoccupied,7870,"-37.810080072069375, 144.97988146471855"
2025-10-18T04:17:39+05:30,2025-10-17T17:24:46+05:30,7239,Unoccupied,7867,"-37.81005605999914, 144.9796594959434"
2025-10-18T04:17:39+05:30,2025-10-18T01:03:47+05:30,7239,Present,7873,"-37.81010160888941, 144.9800763625421"
2025-10-18T04:17:39+05:30,2025-10-17T21:42:21+05:30,7237,Unoccupied,16430,"-37.81012648871534, 144.98162227087965"
2025-10-18T04:17:39+05:30,2025-10-17T15:34:22+05:30,7237,Unoccupied,16426,"-37.81008895306813, 144.98128503577414"
2025-10-18T04:17:39+05:30,2025-10-17T15:49:04+05:30,7234,Unoccupied,16434,"-37.81016362422061, 144.98195629372287"
2025-10-18T04:17:39+05:30,2024-11-03T11:17:53+05:30,7246,Unoccupied,17568,"-37.81087397437736, 144.98685416441745"
2025-10-18T04:17:39+05:30,2024-11-03T07:28:13+05:30,7246,Present,17556,"-37.81096279554221, 144.9876641267256"
2025-10-18T04:17:39+05:30,2024-11-03T13:19:48+05:30,7246,Unoccupied,17548,"-37.81102194442785, 144.9882041054858"
2025-10-18T04:17:39+05:30,2024-11-03T13:10:53+05:30,7246,Present,17559,"-37.81094052483766, 144.98746164548174"
2025-10-18T04:17:39+05:30,2024-11-02T10:03:23+05:30,7246,Present,17565,"-37.81089615671439, 144.98705665464092"
2025-10-18T04:17:39+05:30,2024-11-03T03:52:49+05:30,7246,Present,17569,"-37.810866560873734, 144.98678666808524"
2025-10-18T04:17:39+05:30,2024-11-03T17:30:53+05:30,7246,Unoccupied,17551,"-37.81099970879475, 144.9880016185889"
2025-10-18T04:17:39+05:30,2024-11-02T21:03:31+05:30,7246,Present,17563,"-37.81091092047856, 144.98719165335882"
2025-10-18T04:17:39+05:30,2024-11-03T07:13:42+05:30,7246,Unoccupied,17553,"-37.810984950885526, 144.98786661742378"
2025-10-18T04:17:39+05:30,2024-11-03T14:55:20+05:30,7246,Unoccupied,17570,"-37.810859147772454, 144.98671917327061"
2025-10-18T04:17:39+05:30,2024-11-03T16:40:16+05:30,7246,Unoccupied,17561,"-37.81092570027397, 144.9873266507209"
2025-10-18T04:17:39+05:30,2025-10-18T03:38:37+05:30,7243,Present,20631,"-37.81100061834565, 144.98356848407514"
2025-10-18T04:17:39+05:30,2025-10-18T01:03:53+05:30,7250,Present,25130,"-37.8108375198034, 144.98335418907993"
2025-10-18T04:17:39+05:30,2025-10-18T02:08:15+05:30,7250,Present,25127,"-37.810994368387725, 144.9833283681649"
2025-10-18T04:17:39+05:30,2025-10-18T03:18:03+05:30,7250,Present,25126,"-37.811044593293914, 144.98332011166713"
2025-10-18T04:17:39+05:30,2025-10-18T03:27:08+05:30,7250,Present,25125,"-37.81109548151066, 144.98331175558616"
2025-10-18T04:17:39+05:30,2025-10-18T04:07:15+05:30,7250,Present,25123,"-37.811199260871504, 144.9832946684702"
2025-10-18T04:17:39+05:30,2024-11-03T17:30:09+05:30,7250,Unoccupied,25116,"-37.81189716183563, 144.98317706601352"
2025-10-18T04:17:39+05:30,2024-11-03T16:43:51+05:30,7250,Unoccupied,25114,"-37.81199943977911, 144.98316007146738"
2025-10-18T04:17:39+05:30,2025-10-18T03:08:13+05:30,7250,Present,25113,"-37.812051247573365, 144.98315146109593"
2025-10-18T04:17:39+05:30,2025-10-18T03:55:29+05:30,7250,Present,25110,"-37.812207099425834, 144.9831254828146"
2025-10-18T04:17:39+05:30,2024-11-03T15:32:43+05:30,7250,Unoccupied,25108,"-37.81231071975523, 144.98310827216727"
2025-10-18T04:17:39+05:30,2025-10-18T04:14:24+05:30,7250,Present,25107,"-37.81236252909642, 144.98309982823707"
2025-10-18T04:17:39+05:30,2025-10-18T03:00:29+05:30,7250,Unoccupied,25106,"-37.81241434251265, 144.98309129257075"
2025-10-18T04:17:39+05:30,2025-10-18T03:46:04+05:30,7250,Present,25102,"-37.81272145577907, 144.98304026861962"
2025-10-18T04:17:39+05:30,2025-10-18T03:45:56+05:30,7250,Unoccupied,25101,"-37.812773118326504, 144.98303152995115"
2025-10-18T04:17:39+05:30,2024-11-03T13:08:54+05:30,7250,Unoccupied,25100,"-37.81282437251139, 144.98302293872766"
2025-10-18T04:17:39+05:30,2025-10-17T15:36:21+05:30,7250,Unoccupied,25090,"-37.81334208139449, 144.98293524051115"
2025-10-18T04:17:39+05:30,2025-10-18T02:17:51+05:30,7250,Unoccupied,25087,"-37.813498040492945, 144.9829085647484"
2025-10-18T04:17:39+05:30,2025-10-18T00:53:34+05:30,7250,Unoccupied,25086,"-37.81355037516863, 144.9828996892762"
2025-10-18T04:17:39+05:30,2025-10-17T15:48:06+05:30,7250,Unoccupied,25085,"-37.81360109380566, 144.982890995505"
2025-10-18T04:17:39+05:30,2025-10-18T03:40:12+05:30,7250,Present,25083,"-37.81463159817649, 144.98271464819362"
2025-10-18T04:17:39+05:30,2024-11-03T14:28:52+05:30,7250,Unoccupied,25081,"-37.81453005580256, 144.982732044596"
2025-10-18T04:17:39+05:30,2025-10-17T18:26:26+05:30,7250,Unoccupied,25079,"-37.81442568082309, 144.98274996339433"
2025-10-18T04:17:39+05:30,2025-10-18T00:38:22+05:30,7250,Present,25078,"-37.81437396594851, 144.98275884796442"
2025-10-18T04:17:39+05:30,2025-10-18T01:26:57+05:30,7250,Unoccupied,25072,"-37.814063575157334, 144.98281208151866"
2025-10-18T04:17:39+05:30,2025-10-18T03:44:22+05:30,7250,Unoccupied,25071,"-37.81401212767456, 144.98282095415396"
2025-10-18T04:17:39+05:30,2025-10-17T17:45:48+05:30,7250,Unoccupied,25062,"-37.815148933119175, 144.98262594617208"
2025-10-18T04:17:39+05:30,2025-10-18T03:42:21+05:30,7250,Present,25057,"-37.81540711679997, 144.98258175058874"
2025-10-18T04:17:39+05:30,2025-10-18T04:05:47+05:30,7250,Unoccupied,25056,"-37.81545864733447, 144.98257289243057"
2025-10-18T04:17:39+05:30,2025-10-18T03:56:46+05:30,7252,Present,17381,"-37.80940577334893, 144.98097549263258"
2025-10-18T04:17:39+05:30,2025-10-18T03:07:13+05:30,7333,Present,63075,"-37.81578222875504, 144.96182285140975"
2025-10-18T04:17:39+05:30,2025-10-18T02:13:51+05:30,7333,Present,63073,"-37.81574455575317, 144.96195137966743"
2025-10-18T04:17:39+05:30,2025-10-18T03:00:33+05:30,7333,Unoccupied,63063,"-37.81552660247816, 144.96269877977673"
2025-10-18T04:17:39+05:30,2025-10-18T03:47:02+05:30,7332,Present,63014,"-37.81534931281213, 144.96309504840912"
2025-10-18T04:17:39+05:30,2025-10-18T01:54:36+05:30,7332,Present,63016,"-37.81538526129633, 144.9629727358269"
2025-10-18T04:17:39+05:30,2025-10-18T03:57:28+05:30,7264,Present,10974,"-37.81409731914398, 144.97772681570615"
2025-10-18T04:17:39+05:30,2025-10-18T02:38:05+05:30,7264,Unoccupied,10969,"-37.813838329351434, 144.97777011422983"
2025-10-18T04:17:39+05:30,2025-10-18T02:38:09+05:30,7264,Unoccupied,10970,"-37.813890136730286, 144.97776148278598"
2025-10-18T04:17:39+05:30,2025-09-03T13:11:49+05:30,7301,Unoccupied,17295,"-37.81633154411273, 144.9775358109705"
2025-10-18T04:17:39+05:30,2025-09-03T14:26:43+05:30,7301,Unoccupied,17283,"-37.81630487169589, 144.97733857144476"
2025-10-18T04:17:39+05:30,2025-09-03T12:55:27+05:30,7301,Present,17281,"-37.816286319598056, 144.9772013136986"
2025-10-18T04:17:39+05:30,2025-07-24T13:09:56+05:30,7301,Unoccupied,17212,"-37.81602026109468, 144.97531410319112"
2025-10-18T04:17:39+05:30,2025-10-18T03:41:16+05:30,7705,Present,55319,"-37.81101005388723, 144.95742068824296"
2025-10-18T04:17:39+05:30,2025-04-17T05:06:21+05:30,7190,Present,62053,"-37.8159107017494, 144.96538744147296"
2025-10-18T04:17:39+05:30,2025-10-18T04:08:45+05:30,7156,Present,25365,"-37.813695652879844, 144.9419727655399"
2025-10-18T04:17:39+05:30,2025-10-18T04:02:38+05:30,7401,Present,50849,"-37.81467934569682, 144.97168311086494"
2025-10-18T04:17:39+05:30,2025-10-18T03:43:15+05:30,7401,Present,50850,"-37.81462863578952, 144.97165950326007"
2025-10-18T04:17:39+05:30,2024-04-23T14:30:11+05:30,7402,Present,50851,"-37.81455359181117, 144.97162526489717"
2025-10-18T04:17:39+05:30,2025-10-18T04:14:53+05:30,7365,Present,62332,"-37.8181740333503, 144.9569940034882"
2025-10-18T04:17:39+05:30,2025-10-17T16:17:05+05:30,7365,Present,62333,"-37.818192225454816, 144.95693095698667"
2025-10-18T04:17:39+05:30,2025-10-18T04:06:46+05:30,7514,Unoccupied,64569,"-37.813046773321524, 144.96352767863075"
2025-10-18T04:17:39+05:30,2025-10-18T00:48:57+05:30,,Unoccupied,64572,"-37.813108026939545, 144.96331982269274"
2025-10-18T04:17:39+05:30,2025-10-18T03:32:38+05:30,7514,Unoccupied,64563,"-37.81285708892992, 144.96417845739566"
2025-10-18T04:17:39+05:30,2025-10-18T04:12:53+05:30,7514,Present,64564,"-37.81287896392247, 144.96410391459045"
2025-10-18T04:17:39+05:30,2024-04-05T07:32:39+05:30,,Unoccupied,61019,"-37.816016990480485, 144.96862795159677"
2025-10-18T04:17:39+05:30,2025-10-17T04:52:25+05:30,7450,Unoccupied,61152,"-37.81711533512234, 144.96485781621857"
2025-10-18T04:17:39+05:30,2025-10-18T02:29:10+05:30,7450,Unoccupied,61150,"-37.81707791779844, 144.96498568982452"
2025-10-18T04:17:39+05:30,2024-12-16T06:25:14+05:30,7495,Present,67052,"-37.81002440513207, 144.96260961920785"
2025-10-18T04:17:39+05:30,2025-10-18T03:34:51+05:30,7345,Present,63626,"-37.813172423089526, 144.9666684545042"
2025-10-18T04:17:39+05:30,2025-10-18T04:09:09+05:30,7345,Present,63623,"-37.81311606144284, 144.9668601322978"
2025-10-18T04:17:39+05:30,2025-10-18T01:58:23+05:30,7569,Present,65248,"-37.8112264628938, 144.96618476990096"
2025-10-18T04:17:39+05:30,2024-05-15T06:56:23+05:30,,Unoccupied,64377,"-37.81172799964973, 144.96803706775827"
2025-10-18T04:17:39+05:30,2025-06-02T15:07:19+05:30,7575,Unoccupied,65621,"-37.81407176893043, 144.95572988624758"
2025-10-18T04:17:39+05:30,2025-10-18T03:43:56+05:30,7528,Present,63151,"-37.8165324921413, 144.9591925424974"
2025-10-18T04:17:39+05:30,2025-10-18T01:12:43+05:30,7528,Present,63152,"-37.816551478301335, 144.95912673787493"
2025-10-18T04:17:39+05:30,2024-12-17T06:20:55+05:30,7497,Unoccupied,66835,"-37.80868691636881, 144.96667528343318"
2025-10-18T04:17:39+05:30,2023-12-28T03:38:39+05:30,,Present,6391,"-37.81489782697739, 144.96122156909234"
2025-10-18T04:17:39+05:30,2025-10-18T03:39:05+05:30,7706,Present,55333,"-37.81122516603701, 144.95738072916322"
2025-10-18T04:17:39+05:30,2025-10-17T18:30:33+05:30,,Unoccupied,66344,"-37.812311235455965, 144.95843890821476"
2025-10-18T04:17:39+05:30,2025-10-18T04:02:14+05:30,7636,Present,51745,"-37.815460746251276, 144.9692024722899"
2025-10-18T04:17:39+05:30,2025-10-18T03:23:37+05:30,7636,Present,51744,"-37.81551154694961, 144.9692260649376"
2025-10-18T04:17:39+05:30,2025-10-18T03:19:48+05:30,7636,Present,51743,"-37.815562164585664, 144.96924970540266"
2025-10-18T04:17:39+05:30,2025-10-18T03:03:39+05:30,7637,Present,51752,"-37.81514510753681, 144.96905555985558"
2025-10-18T04:17:39+05:30,2025-10-18T03:43:48+05:30,7637,Present,51751,"-37.81519586057043, 144.96907916470437"
2025-10-18T04:17:39+05:30,2025-10-17T18:29:38+05:30,,Unoccupied,7894,"-37.80983351519755, 144.97896296293217"
2025-10-18T04:17:39+05:30,2023-10-25T04:23:30+05:30,,Unoccupied,5726,"-37.81067888362958, 144.96773985234773"
2025-10-18T04:17:39+05:30,2023-10-31T11:44:14+05:30,,Present,5738,"-37.810705015181966, 144.96765078015247"
2025-10-18T04:17:39+05:30,2025-10-18T03:53:24+05:30,7343,Present,63446,"-37.81194106470079, 144.97132157812763"
2025-10-18T04:17:39+05:30,2025-10-18T03:28:04+05:30,7343,Unoccupied,63444,"-37.81190491391057, 144.97144518231443"
2025-10-18T04:17:39+05:30,2025-10-18T04:13:21+05:30,7343,Present,63445,"-37.811922677837586, 144.97138444602052"
2025-10-18T04:17:39+05:30,2025-10-18T01:27:24+05:30,7188,Present,17709,"-37.820245136840896, 144.9396681383507"
2025-10-18T04:17:39+05:30,2025-10-17T12:19:09+05:30,7417,Present,61615,"-37.8196255977317, 144.95611916113896"
2025-10-18T04:17:39+05:30,2025-10-18T04:06:02+05:30,7417,Present,61616,"-37.81964378270916, 144.9560549980689"
2025-10-18T04:17:39+05:30,2025-10-17T22:41:19+05:30,7417,Present,61617,"-37.81966199097232, 144.955990826353"
2025-10-18T04:17:39+05:30,2025-10-18T03:29:15+05:30,7417,Present,61618,"-37.819680188600614, 144.9559266523233"
2025-10-18T04:17:39+05:30,2025-10-18T04:13:37+05:30,7359,Present,61946,"-37.81505364804086, 144.9683187548285"
2025-10-18T04:17:39+05:30,2025-10-18T04:15:04+05:30,7359,Present,61944,"-37.81501740687624, 144.9684421673731"
2025-10-18T04:17:39+05:30,2024-10-21T07:35:00+05:30,7770,Present,65361,"-37.81211713962012, 144.9631693239927"
2025-10-18T04:17:39+05:30,2025-10-18T04:11:22+05:30,7428,Present,60840,"-37.81465095084691, 144.97326405962872"
2025-10-18T04:17:39+05:30,2025-10-18T04:09:18+05:30,7428,Present,60839,"-37.81463150943003, 144.9733306404806"
2025-10-18T04:17:39+05:30,2025-10-18T04:07:49+05:30,7358,Present,61845,"-37.81466005318016, 144.96966893823412"
2025-10-18T04:17:39+05:30,2025-10-17T19:01:29+05:30,7190,Present,62066,"-37.816171708304815, 144.96449169787263"
2025-10-18T04:17:39+05:30,2025-10-18T03:54:49+05:30,7190,Present,62064,"-37.81613529993613, 144.96461635441733"
2025-10-18T04:17:39+05:30,2025-10-18T02:55:36+05:30,,Present,62062,"-37.816091629688714, 144.96476635648838"
2025-10-18T04:17:39+05:30,2025-10-18T04:11:28+05:30,7189,Unoccupied,62060,"-37.81604530750404, 144.9649264513069"
2025-10-18T04:17:39+05:30,2025-10-17T23:19:53+05:30,7189,Present,62058,"-37.816001256997616, 144.96507840798898"
2025-10-18T04:17:39+05:30,2025-10-18T04:07:40+05:30,7190,Present,62029,"-37.81597589669934, 144.96461217547073"
2025-10-18T04:17:39+05:30,2025-10-18T04:01:32+05:30,7507,Present,62867,"-37.81395123634358, 144.96804003047197"
2025-10-18T04:17:39+05:30,2025-10-18T03:51:25+05:30,7507,Present,62869,"-37.81399026796555, 144.96790747269955"
2025-10-18T04:17:39+05:30,2025-10-18T03:56:03+05:30,7507,Present,62872,"-37.81404786900126, 144.96770882038703"
2025-10-18T04:17:39+05:30,2025-10-18T03:43:58+05:30,7452,Unoccupied,60229,"-37.8172368356614, 144.967879074441"
2025-10-18T04:17:39+05:30,2025-10-18T03:00:49+05:30,7452,Present,60230,"-37.817259031680905, 144.96780288709834"
2025-10-18T04:17:39+05:30,2025-10-18T03:38:17+05:30,7452,Unoccupied,60231,"-37.81728109902825, 144.9677264771886"
2025-10-18T04:17:39+05:30,2025-10-18T00:54:09+05:30,,Present,60241,"-37.81715872785921, 144.96881942436428"
2025-10-18T04:17:39+05:30,2025-10-18T00:38:50+05:30,,Present,60242,"-37.81717987559302, 144.9687481601918"
2025-10-18T04:17:39+05:30,2025-10-18T03:47:04+05:30,7320,Unoccupied,63530,"-37.81258791559216, 144.9685717748178"
2025-10-18T04:17:39+05:30,2025-10-18T01:32:26+05:30,,Unoccupied,51812,"-37.81436649219873, 144.96894077268746"
2025-10-18T04:17:39+05:30,2025-10-18T02:55:20+05:30,7366,Present,61739,"-37.81385829188493, 144.97238678982364"
2025-10-18T04:17:39+05:30,2025-10-18T04:10:48+05:30,7366,Present,61741,"-37.81389692388056, 144.9722545565113"
2025-10-18T04:17:39+05:30,2025-10-18T04:16:38+05:30,7366,Present,61711,"-37.813606566039525, 144.97269212346686"
2025-10-18T04:17:39+05:30,2025-10-18T03:34:11+05:30,7366,Present,61713,"-37.81364578351344, 144.97255905337184"
2025-10-18T04:17:39+05:30,2025-10-18T04:14:59+05:30,7366,Present,61714,"-37.81366461062718, 144.97249517994058"
2025-10-18T04:17:39+05:30,2025-10-18T03:57:24+05:30,7356,Unoccupied,61953,"-37.81518520397381, 144.9678692404943"
2025-10-18T04:17:39+05:30,2025-10-18T00:26:00+05:30,7356,Present,61932,"-37.81524676144919, 144.96710639909247"
2025-10-18T04:17:39+05:30,2025-10-18T03:28:38+05:30,7359,Present,61916,"-37.81493352939281, 144.96817353069463"
2025-10-18T04:17:39+05:30,2025-10-18T01:16:01+05:30,7500,Unoccupied,67233,"-37.81144299856905, 144.9577432620594"
2025-10-18T04:17:39+05:30,2025-10-17T22:56:45+05:30,7500,Unoccupied,67232,"-37.81142497919899, 144.9578072554658"
2025-10-18T04:17:39+05:30,2025-10-17T19:30:26+05:30,7503,Unoccupied,67230,"-37.8113866179018, 144.95793871548597"
2025-10-18T04:17:39+05:30,2025-10-18T03:19:34+05:30,7660,Present,50219,"-37.812964836768174, 144.97365327352892"
2025-10-18T04:17:39+05:30,2025-10-18T02:56:30+05:30,7630,Present,51616,"-37.81607479216211, 144.96972864047393"
2025-10-18T04:17:39+05:30,2025-10-18T03:17:01+05:30,7505,Present,64464,"-37.81237645677143, 144.9658316438358"
2025-10-18T04:17:39+05:30,2025-10-18T04:07:45+05:30,7505,Unoccupied,64463,"-37.812356529394684, 144.96589926397638"
2025-10-18T04:17:39+05:30,2025-10-18T04:16:07+05:30,7505,Unoccupied,64462,"-37.81233666942701, 144.96596692676684"
2025-10-18T04:17:39+05:30,2025-10-18T04:02:59+05:30,7510,Unoccupied,64460,"-37.812297098046415, 144.96610222702856"
2025-10-18T04:17:39+05:30,2025-10-18T04:14:27+05:30,7510,Present,64459,"-37.812277350769435, 144.9661698963638"
2025-10-18T04:17:39+05:30,2025-10-18T03:06:42+05:30,7510,Present,64457,"-37.81223761113791, 144.96630512561"
2025-10-18T04:17:39+05:30,2025-10-17T17:48:47+05:30,7559,Present,64237,"-37.81093843141535, 144.97056801842808"
2025-10-18T04:17:39+05:30,2025-10-18T01:17:28+05:30,7559,Unoccupied,64236,"-37.81092049676424, 144.97062863797422"
2025-10-18T04:17:39+05:30,2025-10-17T12:19:13+05:30,7538,Present,64249,"-37.81052097557947, 144.97216029878456"
2025-10-18T04:17:39+05:30,2025-10-18T03:45:43+05:30,7538,Present,64225,"-37.810702970855324, 144.9713693828465"
2025-10-18T04:17:39+05:30,2025-10-18T01:51:45+05:30,7538,Present,64226,"-37.81072332717126, 144.9713002485777"
2025-10-18T04:17:39+05:30,2024-12-16T07:06:46+05:30,7494,Unoccupied,67050,"-37.80998224279378, 144.96276328434533"
2025-10-18T04:17:39+05:30,2025-10-18T03:44:43+05:30,7320,Present,63554,"-37.81252952549515, 144.9693203964564"
2025-10-18T04:17:39+05:30,2024-05-15T09:33:10+05:30,,Present,64344,"-37.81132229771207, 144.9694127013202"
2025-10-18T04:17:39+05:30,2025-10-18T03:44:02+05:30,7633,Unoccupied,52121,"-37.811082778084455, 144.9674352005439"
2025-10-18T04:17:39+05:30,2025-10-18T02:52:37+05:30,7625,Unoccupied,52014,"-37.81229628668516, 144.96799001851605"
2025-10-18T04:17:39+05:30,2025-10-18T03:10:41+05:30,7625,Unoccupied,52015,"-37.81224282200642, 144.96796583259675"
2025-10-18T04:17:39+05:30,2025-10-18T04:05:26+05:30,7672,Unoccupied,50673,"-37.808586370255014, 144.97163949159662"
2025-10-18T04:17:39+05:30,2025-10-18T03:40:11+05:30,7640,Present,52249,"-37.81022784109334, 144.96679247393865"
2025-10-18T04:17:39+05:30,2025-10-18T03:46:08+05:30,7273,Present,50657,"-37.808139610732866, 144.9715608503775"
2025-10-18T04:17:39+05:30,2025-10-18T03:32:59+05:30,7640,Present,52246,"-37.81038030052923, 144.96686215988376"
2025-10-18T04:17:39+05:30,2025-10-18T04:07:19+05:30,7541,Present,65868,"-37.80906845855351, 144.96951064397913"
2025-10-18T04:17:39+05:30,2025-10-15T15:05:03+05:30,,Present,52311,"-37.80962821227467, 144.96677028499568"
2025-10-18T04:17:39+05:30,2025-10-18T02:30:20+05:30,7329,Unoccupied,53827,"-37.81852457756679, 144.962895139982"
2025-10-18T04:17:39+05:30,2025-10-18T02:55:31+05:30,7406,Present,51440,"-37.808624287296716, 144.96898296910092"
2025-10-18T04:17:39+05:30,2025-10-17T22:45:17+05:30,7534,Unoccupied,63238,"-37.816930497471056, 144.95779309720456"
2025-10-18T04:17:39+05:30,2025-10-18T02:55:59+05:30,,Unoccupied,63221,"-37.8168909903052, 144.95761059614463"
2025-10-18T04:17:39+05:30,2025-10-18T02:49:43+05:30,7547,Unoccupied,66427,"-37.81322200356425, 144.95508534746256"
2025-10-18T04:17:39+05:30,2025-10-17T13:09:36+05:30,7418,Present,61648,"-37.819941167057515, 144.9553565516419"
2025-10-18T04:17:39+05:30,2025-10-18T04:16:51+05:30,7418,Unoccupied,61647,"-37.81992324264816, 144.9554198964517"
2025-10-18T04:17:39+05:30,2025-10-18T04:15:04+05:30,7552,Unoccupied,66434,"-37.81285903006438, 144.95653978478657"
2025-10-18T04:17:39+05:30,2025-10-18T03:57:24+05:30,7643,Unoccupied,57923,"-37.81966279579272, 144.95455527327397"
2025-10-18T04:17:39+05:30,2025-09-06T09:15:58+05:30,7527,Present,63141,"-37.81634039817992, 144.9598627272871"
2025-10-18T04:17:39+05:30,2025-10-18T03:04:43+05:30,,Present,61522,"-37.819114005368036, 144.9579063387825"
2025-10-18T04:17:39+05:30,2025-10-18T00:40:17+05:30,,Unoccupied,61520,"-37.81907679921537, 144.95803435114055"
2025-10-18T04:17:39+05:30,2025-10-18T04:11:00+05:30,7765,Unoccupied,65333,"-37.81210377939409, 144.9625391793404"
2025-10-18T04:17:39+05:30,2024-10-21T07:52:49+05:30,7770,Unoccupied,65362,"-37.81213575626241, 144.96310535738132"
2025-10-18T04:17:39+05:30,2024-10-21T06:08:26+05:30,7770,Present,65363,"-37.81215344727243, 144.96304458020973"
2025-10-18T04:17:39+05:30,2025-10-18T03:32:56+05:30,7572,Unoccupied,65086,"-37.809782337915024, 144.97114125414208"
2025-10-18T04:17:39+05:30,2025-10-18T00:53:56+05:30,7763,Present,65015,"-37.809550429317284, 144.97125239981352"
2025-10-18T04:17:39+05:30,2025-10-18T01:17:01+05:30,7623,Present,54064,"-37.817344679211566, 144.96165560414704"
2025-10-18T04:17:39+05:30,2025-10-17T13:40:32+05:30,7506,Present,63330,"-37.817859431042564, 144.95432048911783"
2025-10-18T04:17:39+05:30,2025-10-11T06:53:46+05:30,,Present,54152,"-37.81653727723833, 144.96128264921094"
2025-10-18T04:17:39+05:30,2025-10-18T03:23:51+05:30,7610,Present,54516,"-37.81234122638864, 144.95960830235543"
2025-10-18T04:17:39+05:30,2025-10-18T04:03:37+05:30,,Unoccupied,54247,"-37.81569919556521, 144.96089530142967"
2025-10-18T04:17:39+05:30,2025-10-17T19:27:59+05:30,7347,Unoccupied,56530,"-37.81640689634371, 144.95720634901915"
2025-10-18T04:17:39+05:30,2025-10-17T19:01:32+05:30,7347,Unoccupied,56532,"-37.81630177020598, 144.95715868822862"
2025-10-18T04:17:39+05:30,2025-10-18T04:11:37+05:30,7689,Unoccupied,54318,"-37.81430903187102, 144.96050671350852"
2025-10-18T04:17:39+05:30,2025-10-18T03:14:26+05:30,7689,Present,54317,"-37.814359846257474, 144.9605299598744"
2025-10-18T04:17:39+05:30,2025-10-18T02:21:36+05:30,7689,Unoccupied,54316,"-37.814427556545596, 144.96056074711407"
2025-10-18T04:17:39+05:30,2025-10-18T01:16:16+05:30,7948,Present,67429,"-37.81299313214295, 144.95180691803887"
2025-10-18T04:17:39+05:30,2025-10-18T04:09:27+05:30,,Unoccupied,53227,"-37.81273085753364, 144.96235890366904"
2025-10-18T04:17:39+05:30,2025-10-17T16:34:09+05:30,,Present,53228,"-37.81268261039757, 144.96233674305154"
2025-10-18T04:17:39+05:30,2024-03-13T08:15:44+05:30,7695,Present,55516,"-37.81795476337355, 144.9593455176385"
2025-10-18T04:17:39+05:30,2025-10-18T02:35:46+05:30,7379,Present,53226,"-37.81278168256417, 144.96238231051336"
2025-10-18T04:17:39+05:30,2025-10-18T04:09:28+05:30,7379,Unoccupied,53223,"-37.812934000783684, 144.96245238315606"
2025-10-18T04:17:39+05:30,2024-12-29T18:12:53+05:30,7389,Unoccupied,53215,"-37.81264662224933, 144.96252900900953"
2025-10-18T04:17:39+05:30,2025-10-18T04:16:46+05:30,7389,Present,53216,"-37.812594082295504, 144.96250486316757"
2025-10-18T04:17:39+05:30,2024-04-09T11:58:45+05:30,7952,Present,23811,"-37.8114367667407, 144.95310074057073"
2025-10-18T04:17:39+05:30,2024-10-21T07:05:45+05:30,7770,Present,65343,"-37.81173195698645, 144.96449260594648"
2025-10-18T04:17:39+05:30,2024-06-27T12:56:45+05:30,,Unoccupied,61138,"-37.81677747303049, 144.96600954647246"
2025-10-18T04:17:39+05:30,2025-10-18T03:36:30+05:30,,Unoccupied,50662,"-37.80913844013256, 144.97189445783573"
2025-10-18T04:17:39+05:30,2025-10-18T03:33:43+05:30,7649,Present,50663,"-37.80908828360667, 144.97187134487461"
2025-10-18T04:17:39+05:30,2025-10-18T03:56:12+05:30,7649,Unoccupied,50665,"-37.80898703304595, 144.97182443322305"
2025-10-18T04:17:39+05:30,2025-10-18T03:56:19+05:30,7649,Present,50666,"-37.80893653857275, 144.9718013197986"
2025-10-18T04:17:39+05:30,2025-10-18T02:49:36+05:30,7649,Present,50668,"-37.80883571539002, 144.9717547150704"
2025-10-18T04:17:39+05:30,2025-10-18T02:21:59+05:30,7649,Unoccupied,50669,"-37.80878490795517, 144.97173126985038"
2025-10-18T04:17:39+05:30,2025-10-18T03:36:09+05:30,7649,Present,50670,"-37.80873508250238, 144.97170828952787"
2025-10-18T04:17:39+05:30,2025-10-17T19:26:25+05:30,7649,Unoccupied,50631,"-37.808896560867296, 144.97190792833277"
2025-10-18T04:17:39+05:30,2025-10-18T02:43:55+05:30,7649,Unoccupied,50633,"-37.80884926677394, 144.97188619612234"
2025-10-18T04:17:39+05:30,2025-10-18T02:28:29+05:30,7649,Unoccupied,50634,"-37.80882551342851, 144.97187528239476"
2025-10-18T04:17:39+05:30,2025-10-17T16:47:39+05:30,7649,Unoccupied,50636,"-37.80877846229541, 144.97185366115065"
2025-10-18T04:17:39+05:30,2025-10-18T03:57:08+05:30,7649,Present,50642,"-37.80861319831674, 144.97177778350942"
2025-10-18T04:17:39+05:30,2025-10-18T01:33:12+05:30,7649,Unoccupied,50644,"-37.808566203932955, 144.97175624089823"
2025-10-18T04:17:39+05:30,2025-10-18T02:39:45+05:30,7672,Unoccupied,50671,"-37.80868530201425, 144.9716852163175"
2025-10-18T04:17:39+05:30,2025-10-18T04:14:14+05:30,7558,Present,65183,"-37.810487086510605, 144.9687299278653"
2025-10-18T04:17:39+05:30,2025-10-18T04:09:53+05:30,7556,Present,65162,"-37.81057630472673, 144.9680868422238"
2025-10-18T04:17:39+05:30,2025-10-18T03:10:49+05:30,7556,Present,65161,"-37.8105679515687, 144.96811522171183"
2025-10-18T04:17:39+05:30,2025-10-18T03:21:44+05:30,7556,Present,65160,"-37.8105600050226, 144.96814288315204"
2025-10-18T04:17:39+05:30,2025-10-18T03:36:13+05:30,7556,Present,65159,"-37.81055181554786, 144.96817066309598"
2025-10-18T04:17:39+05:30,2025-05-10T05:05:08+05:30,7556,Present,65157,"-37.81053407934632, 144.96823134428138"
2025-10-18T04:17:39+05:30,2025-10-17T21:23:13+05:30,7556,Unoccupied,65138,"-37.81034291748419, 144.9688825826736"
2025-10-18T04:17:39+05:30,2025-10-18T02:41:50+05:30,7556,Unoccupied,65133,"-37.81028996417745, 144.96906337925418"
2025-10-18T04:17:39+05:30,2025-10-18T03:57:07+05:30,7556,Present,65132,"-37.81028121719562, 144.96909321496474"
2025-10-18T04:17:39+05:30,2025-06-02T14:38:13+05:30,7767,Unoccupied,65511,"-37.81304581913433, 144.9592970003465"
2025-10-18T04:17:39+05:30,2025-06-02T13:22:51+05:30,7566,Unoccupied,65567,"-37.813491215768735, 144.95811837961972"
2025-10-18T04:17:39+05:30,2024-06-11T07:05:56+05:30,7566,Unoccupied,65563,"-37.813456392702975, 144.95823760546324"
2025-10-18T04:17:39+05:30,2025-06-02T11:43:47+05:30,7566,Unoccupied,65561,"-37.813438849284566, 144.95829767123845"
2025-10-18T04:17:39+05:30,2025-06-02T11:02:01+05:30,7566,Unoccupied,65557,"-37.81340396310752, 144.9584171133497"
2025-10-18T04:17:39+05:30,2025-06-02T13:49:42+05:30,7566,Unoccupied,65552,"-37.813339019172425, 144.95864016115172"
2025-10-18T04:17:39+05:30,2025-06-02T13:27:38+05:30,7566,Unoccupied,65546,"-37.81328560892619, 144.95882302206962"
2025-10-18T04:17:39+05:30,2025-06-02T13:54:02+05:30,7566,Present,65541,"-37.813223019875345, 144.9590373088151"
2025-10-18T04:17:39+05:30,2025-06-02T12:53:23+05:30,7566,Unoccupied,65540,"-37.813214267486856, 144.95906727195987"
2025-10-18T04:17:39+05:30,2025-06-02T13:43:10+05:30,7566,Present,65539,"-37.81320551599129, 144.95909723511036"
2025-10-18T04:17:39+05:30,2025-06-02T14:41:15+05:30,7566,Present,65533,"-37.813153083726775, 144.95927674360513"
2025-10-18T04:17:39+05:30,2025-06-02T14:22:31+05:30,7566,Present,65528,"-37.81309344432242, 144.9594816718423"
2025-10-18T04:17:39+05:30,2025-10-18T03:47:48+05:30,7634,Present,52110,"-37.81163155142592, 144.96768730663672"
2025-10-18T04:17:39+05:30,2025-10-18T00:19:24+05:30,7949,Unoccupied,67320,"-37.812049316634926, 144.95514235277852"
2025-10-18T04:17:39+05:30,2025-10-18T03:51:49+05:30,7498,Unoccupied,67321,"-37.812067484590926, 144.95507817748899"
2025-10-18T04:17:39+05:30,2025-10-17T18:53:16+05:30,7498,Unoccupied,67325,"-37.812140156035866, 144.95482142738666"
2025-10-18T04:17:39+05:30,2025-10-17T17:45:31+05:30,7498,Unoccupied,67326,"-37.812158215706766, 144.95475730293532"
2025-10-18T04:17:39+05:30,2025-10-18T03:09:25+05:30,7498,Present,67327,"-37.812176491552606, 144.95469308791021"
2025-10-18T04:17:39+05:30,2025-10-17T22:54:20+05:30,7949,Unoccupied,67333,"-37.81228549676049, 144.95430806306481"
2025-10-18T04:17:39+05:30,2025-10-17T20:02:44+05:30,7547,Present,66456,"-37.813319994155535, 144.9549183985641"
2025-10-18T04:17:39+05:30,2025-10-17T20:56:53+05:30,7547,Unoccupied,66455,"-37.813279618467504, 144.95505961989613"
2025-10-18T04:17:39+05:30,2025-10-17T18:41:32+05:30,7547,Present,66452,"-37.81322561474281, 144.95524936628024"
2025-10-18T04:17:39+05:30,2025-10-17T18:42:33+05:30,7547,Present,66451,"-37.813207078667304, 144.9553145722814"
2025-10-18T04:17:39+05:30,2025-10-18T03:38:07+05:30,7603,Unoccupied,65331,"-37.812063040805526, 144.96267921897072"
2025-10-18T04:17:39+05:30,2025-10-18T03:24:30+05:30,7603,Unoccupied,65330,"-37.81204382572085, 144.9627452650395"
2025-10-18T04:17:39+05:30,2025-10-18T03:35:51+05:30,7603,Unoccupied,65329,"-37.81202477593277, 144.9628107705015"
2025-10-18T04:17:39+05:30,2025-10-18T04:12:38+05:30,7438,Present,60740,"-37.82083800986732, 144.9562787311334"
2025-10-18T04:17:39+05:30,2025-10-17T22:20:11+05:30,7438,Present,60737,"-37.820786142875036, 144.95645798905178"
2025-10-18T04:17:39+05:30,2025-10-17T20:51:33+05:30,7438,Present,60735,"-37.82075156352007, 144.95657749343093"
2025-10-18T04:17:39+05:30,2025-10-18T03:54:43+05:30,7438,Unoccupied,60732,"-37.820623113450985, 144.9570093619564"
2025-10-18T04:17:39+05:30,2025-10-18T03:53:01+05:30,,Present,51950,"-37.81313654299781, 144.96812582653453"
2025-10-18T04:17:39+05:30,2025-10-18T04:16:15+05:30,7638,Present,51933,"-37.81331767384614, 144.96833410288292"
2025-10-18T04:17:39+05:30,2025-10-18T04:10:33+05:30,7638,Present,51934,"-37.81329520417861, 144.9683239299734"
2025-10-18T04:17:39+05:30,2025-10-18T00:21:06+05:30,7638,Present,51926,"-37.81353111706288, 144.96843244981244"
2025-10-18T04:17:39+05:30,2025-10-18T04:11:15+05:30,7638,Present,51929,"-37.81343206116386, 144.96838644867847"
2025-10-18T04:17:39+05:30,2025-10-18T02:54:36+05:30,7557,Present,65212,"-37.81090906486972, 144.96662346197735"
2025-10-18T04:17:39+05:30,2025-10-18T02:43:02+05:30,7541,Unoccupied,65866,"-37.80903146687905, 144.96963758900276"
2025-10-18T04:17:39+05:30,2025-10-18T01:31:35+05:30,7548,Unoccupied,65861,"-37.808937525361586, 144.96995988235648"
2025-10-18T04:17:39+05:30,2025-10-17T18:43:45+05:30,7548,Unoccupied,65850,"-37.8087286939151, 144.97067955581468"
2025-10-18T04:17:39+05:30,2025-10-18T03:48:52+05:30,7763,Unoccupied,65027,"-37.80979985259617, 144.9704046020691"
2025-10-18T04:17:39+05:30,2025-10-18T04:08:52+05:30,7570,Present,65069,"-37.80995071804908, 144.9702211247601"
2025-10-18T04:17:39+05:30,2025-10-17T22:03:44+05:30,7570,Unoccupied,65068,"-37.80994345691675, 144.9702461947253"
2025-10-18T04:17:39+05:30,2025-10-17T20:06:07+05:30,7570,Unoccupied,65060,"-37.80982848782082, 144.97063865748817"
2025-10-18T04:17:39+05:30,2025-10-18T03:43:55+05:30,7570,Unoccupied,65059,"-37.80982084303858, 144.9706647717369"
2025-10-18T04:17:39+05:30,2025-10-17T16:16:47+05:30,7570,Present,65058,"-37.80980107550256, 144.97073220031848"
2025-10-18T04:17:39+05:30,2025-10-18T03:55:35+05:30,7570,Present,65050,"-37.80967589501612, 144.97115990980103"
2025-10-18T04:17:39+05:30,2025-10-18T03:22:38+05:30,7570,Present,65047,"-37.80964002393621, 144.97128242960477"
2025-10-18T04:17:39+05:30,2025-10-18T01:20:39+05:30,7570,Present,65045,"-37.8096252608608, 144.97133285610047"
2025-10-18T04:17:39+05:30,2025-10-18T04:09:46+05:30,7570,Present,65043,"-37.80959904378582, 144.9714224107713"
2025-10-18T04:17:39+05:30,2025-10-18T01:41:36+05:30,7570,Present,65042,"-37.809591730305065, 144.9714473924048"
2025-10-18T04:17:39+05:30,2025-10-18T04:05:08+05:30,7570,Present,65041,"-37.809584765346386, 144.97147118146606"
2025-10-18T04:17:39+05:30,2025-10-18T03:13:35+05:30,7570,Present,65040,"-37.80957738123868, 144.9714964052742"
2025-10-18T04:17:39+05:30,2025-10-18T01:35:19+05:30,7570,Present,65038,"-37.80955138614631, 144.9715851995424"
2025-10-18T04:17:39+05:30,2025-10-17T16:46:49+05:30,7570,Present,65037,"-37.809543758145935, 144.97161125462517"
2025-10-18T04:17:39+05:30,2025-10-18T02:06:06+05:30,7639,Present,52218,"-37.810075248630795, 144.96697657130892"
2025-10-18T04:17:39+05:30,2025-10-18T04:07:40+05:30,7639,Unoccupied,52217,"-37.810167772963055, 144.96701904952067"
2025-10-18T04:17:39+05:30,2025-10-18T04:03:21+05:30,7639,Unoccupied,52215,"-37.81027103052531, 144.9670663835568"
2025-10-18T04:17:39+05:30,2025-10-18T04:15:50+05:30,7639,Unoccupied,52230,"-37.81023414700783, 144.96692374522712"
2025-10-18T04:17:39+05:30,2025-10-18T04:15:09+05:30,7639,Present,52227,"-37.81030328247425, 144.96695576061347"
2025-10-18T04:17:39+05:30,2025-10-18T04:01:53+05:30,7639,Unoccupied,52226,"-37.810326116566685, 144.96696633465655"
2025-10-18T04:17:39+05:30,2025-10-18T04:03:46+05:30,7639,Unoccupied,52224,"-37.81037178429865, 144.96698748278652"
2025-10-18T04:17:39+05:30,2025-10-17T22:27:18+05:30,7614,Present,54632,"-37.81162774178004, 144.95916301285726"
2025-10-18T04:17:39+05:30,2025-10-18T03:15:59+05:30,7365,Present,62318,"-37.817864926118816, 144.9580733832824"
2025-10-18T04:17:39+05:30,2024-08-07T04:30:59+05:30,7362,Unoccupied,62314,"-37.81778470440018, 144.9583533974674"
2025-10-18T04:17:39+05:30,2025-10-18T04:02:11+05:30,7365,Present,62336,"-37.81781680975926, 144.95881050825827"
2025-10-18T04:17:39+05:30,2025-10-18T03:38:49+05:30,7365,Unoccupied,62350,"-37.81822189133538, 144.9573994699406"
2025-10-18T04:17:39+05:30,2025-10-18T03:01:29+05:30,7365,Present,62319,"-37.81788692600429, 144.9579967139111"
2025-10-18T04:17:39+05:30,2025-06-09T17:40:46+05:30,7344,Unoccupied,62245,"-37.81731709210602, 144.96054316903195"
2025-10-18T04:17:39+05:30,2025-10-18T04:16:22+05:30,7355,Unoccupied,62241,"-37.81723992622352, 144.9608097665728"
2025-10-18T04:17:39+05:30,2025-10-18T03:24:37+05:30,7355,Present,62240,"-37.8172219315625, 144.96087150673998"
2025-10-18T04:17:39+05:30,2025-10-18T04:12:31+05:30,7344,Present,62236,"-37.817143732618085, 144.96114386734132"
2025-10-18T04:17:39+05:30,2025-10-18T02:11:02+05:30,7356,Present,61911,"-37.8148396343282, 144.96849391253153"
2025-10-18T04:17:39+05:30,2025-10-18T03:24:46+05:30,7359,Present,61920,"-37.81500840252868, 144.967917849204"
2025-10-18T04:17:39+05:30,2025-10-18T03:20:23+05:30,,Present,61940,"-37.81492715247235, 144.96874994815795"
2025-10-18T04:17:39+05:30,2025-10-18T03:47:59+05:30,7359,Present,61951,"-37.815147629452596, 144.96799743934574"
2025-10-18T04:17:39+05:30,2025-10-18T03:49:57+05:30,7359,Present,61949,"-37.81510974607741, 144.968126888427"
2025-10-18T04:17:39+05:30,2025-10-18T03:50:42+05:30,7359,Present,61948,"-37.81509112984568, 144.96819081988335"
2025-10-18T04:17:39+05:30,2025-10-17T13:58:54+05:30,7354,Present,62417,"-37.8185561346571, 144.95566398621668"
2025-10-18T04:17:39+05:30,2025-06-10T15:43:47+05:30,7354,Unoccupied,62415,"-37.81851813189846, 144.95579587661973"
2025-10-18T04:17:39+05:30,2025-10-17T13:59:14+05:30,7357,Present,62412,"-37.818463471165515, 144.9559872492511"
2025-10-18T04:17:39+05:30,2025-10-18T02:30:37+05:30,7340,Unoccupied,64026,"-37.81622209935823, 144.95603313208392"
2025-10-18T04:17:39+05:30,2025-10-18T02:55:01+05:30,7340,Unoccupied,64013,"-37.815952036044884, 144.95697029322807"
2025-10-18T04:17:39+05:30,2025-10-18T03:51:12+05:30,7340,Unoccupied,64012,"-37.81593305637722, 144.95703614472023"
2025-10-18T04:17:39+05:30,2025-10-17T20:05:05+05:30,,Unoccupied,64011,"-37.815916049710665, 144.95709497508267"
2025-10-18T04:17:39+05:30,2025-10-17T12:10:32+05:30,,Present,64010,"-37.81586407512988, 144.95727504574052"
2025-10-18T04:17:39+05:30,2025-10-18T03:48:32+05:30,7339,Unoccupied,63954,"-37.81543475239084, 144.9593542613512"
2025-10-18T04:17:39+05:30,2025-10-17T19:58:53+05:30,7339,Unoccupied,63963,"-37.815601431880836, 144.95877570465595"
2025-10-18T04:17:39+05:30,2025-10-18T03:50:30+05:30,7635,Present,52320,"-37.80912386972836, 144.9665371487446"
2025-10-18T04:17:39+05:30,2025-10-18T04:12:39+05:30,7627,Present,52316,"-37.80933025505371, 144.96663254762973"
2025-10-18T04:17:39+05:30,2025-10-18T03:59:12+05:30,,Present,50217,"-37.813074676599754, 144.9737023329154"
2025-10-18T04:17:39+05:30,2025-10-18T04:11:32+05:30,,Present,50019,"-37.81447461381916, 144.97460422172057"
2025-10-18T04:17:39+05:30,2025-03-14T08:09:15+05:30,7648,Unoccupied,50017,"-37.81458368309481, 144.9746548648552"
2025-10-18T04:17:39+05:30,2025-07-23T01:27:27+05:30,7648,Present,50014,"-37.814745417633205, 144.97472978891713"
2025-10-18T04:17:39+05:30,2025-10-18T04:16:32+05:30,7648,Present,50013,"-37.81479710903639, 144.97475350253134"
2025-10-18T04:17:39+05:30,2025-10-18T03:27:04+05:30,,Present,50010,"-37.81494616789481, 144.97482067810614"
2025-10-18T04:17:39+05:30,2025-10-18T03:37:17+05:30,7389,Present,53213,"-37.81275142099511, 144.96257714313825"
2025-10-18T04:17:39+05:30,2025-10-18T03:32:16+05:30,,Unoccupied,53212,"-37.8128034114651, 144.96260106022964"
2025-10-18T04:17:39+05:30,2025-10-18T04:15:13+05:30,7474,Unoccupied,56716,"-37.818803825989605, 144.95696170533336"
2025-10-18T04:17:39+05:30,2025-10-17T22:52:00+05:30,7474,Present,56714,"-37.81890677230972, 144.95700903480093"
2025-10-18T04:17:39+05:30,2025-10-18T00:24:52+05:30,7474,Unoccupied,56713,"-37.8189578188653, 144.95703274251778"
2025-10-18T04:17:39+05:30,2025-10-18T03:53:30+05:30,7474,Unoccupied,56712,"-37.81900897971533, 144.95705640295333"
2025-10-18T04:17:39+05:30,2025-10-18T04:02:43+05:30,7479,Present,56617,"-37.81960202890161, 144.95733045913215"
2025-10-18T04:17:39+05:30,2025-10-17T21:37:35+05:30,7487,Unoccupied,56826,"-37.81777764560837, 144.95624079241747"
2025-10-18T04:17:39+05:30,2025-10-17T23:11:25+05:30,7624,Unoccupied,57316,"-37.81288172779094, 144.9542372010444"
2025-10-18T04:17:39+05:30,2025-10-17T23:59:23+05:30,7624,Unoccupied,57312,"-37.813084415600954, 144.95433133187694"
2025-10-18T04:17:39+05:30,2025-10-18T01:13:29+05:30,7576,Unoccupied,57330,"-37.81280728602657, 144.95395122511678"
2025-10-18T04:17:39+05:30,2025-09-01T13:55:07+05:30,7621,Unoccupied,57229,"-37.81377979278942, 144.9544014382596"
2025-10-18T04:17:39+05:30,2025-10-18T00:01:56+05:30,7621,Unoccupied,57225,"-37.814009141040444, 144.9545079010345"
2025-10-18T04:17:39+05:30,2025-10-18T03:22:07+05:30,7621,Unoccupied,57224,"-37.81406297897234, 144.95453295225116"
2025-10-18T04:17:39+05:30,2025-10-17T07:13:16+05:30,7622,Unoccupied,57223,"-37.81411697127494, 144.95455802761114"
2025-10-18T04:17:39+05:30,2025-10-15T07:58:41+05:30,7621,Unoccupied,57219,"-37.813608282893725, 144.95457531697951"
2025-10-18T04:17:39+05:30,2025-10-18T01:38:43+05:30,7406,Present,51443,"-37.808544264608216, 144.96894620888543"
2025-10-18T04:17:39+05:30,2025-10-16T11:35:47+05:30,7406,Present,51433,"-37.80886949557602, 144.96909579218624"
2025-10-18T04:17:39+05:30,2025-10-16T10:01:52+05:30,7406,Unoccupied,51430,"-37.808980790465064, 144.96914699501588"
2025-10-18T04:17:39+05:30,2025-10-18T04:13:10+05:30,7416,Present,61246,"-37.8176844271916, 144.9628766699704"
2025-10-18T04:17:39+05:30,2025-09-16T03:15:55+05:30,,Unoccupied,61312,"-37.81804920627489, 144.96147879554042"
2025-10-18T04:17:39+05:30,2023-10-18T20:40:16+05:30,,Unoccupied,7180,"-37.81465306101049, 144.97306143224944"
2025-10-18T04:17:39+05:30,2025-10-14T06:53:03+05:30,,Present,60820,"-37.81461555956702, 144.9731893941032"
2025-10-18T04:17:39+05:30,2025-10-18T03:58:11+05:30,7436,Present,60135,"-37.81631873187895, 144.9716582513094"
2025-10-18T04:17:39+05:30,2025-10-18T03:34:16+05:30,7436,Present,60138,"-37.81637588160544, 144.9714669426229"
2025-10-18T04:17:39+05:30,2025-10-18T02:43:04+05:30,,Present,55312,"-37.811217428616224, 144.95751584091101"
2025-10-18T04:17:39+05:30,2024-04-05T12:34:00+05:30,,Unoccupied,64376,"-37.81171073121552, 144.96809560903787"
2025-10-18T04:17:39+05:30,2025-10-18T03:30:57+05:30,7545,Unoccupied,66334,"-37.81260649837752, 144.95724229884294"
2025-10-18T04:17:39+05:30,2025-10-18T03:06:29+05:30,7542,Unoccupied,66328,"-37.81248812891107, 144.95765108109012"
2025-10-18T04:17:39+05:30,2025-10-18T03:27:58+05:30,7542,Present,66327,"-37.8124696116317, 144.95771505596818"
2025-10-18T04:17:39+05:30,2024-04-04T04:18:47+05:30,7537,Present,63338,"-37.81756615469635, 144.95564220227078"
2025-10-18T04:17:39+05:30,2025-10-18T03:35:49+05:30,,Unoccupied,63362,"-37.81801771286172, 144.9540732925061"
2025-10-18T04:17:39+05:30,2024-04-04T01:39:39+05:30,7537,Present,63325,"-37.81776383162773, 144.95465611766363"
2025-10-18T04:17:39+05:30,2024-04-04T22:03:05+05:30,7506,Unoccupied,63329,"-37.817838584407546, 144.95439371623473"
2025-10-18T04:17:39+05:30,2025-10-18T03:32:58+05:30,7686,Present,57927,"-37.81946336069489, 144.95446401969423"
2025-10-18T04:17:39+05:30,2025-10-18T03:29:34+05:30,7329,Present,53830,"-37.818361502543596, 144.96282088708273"
2025-10-18T04:17:39+05:30,2024-03-31T06:57:04+05:30,7951,Present,23822,"-37.81163340931694, 144.95240557608759"
2025-10-18T04:17:39+05:30,2024-04-02T17:19:04+05:30,7952,Unoccupied,23815,"-37.81150857871971, 144.9528463751898"
2025-10-18T04:17:39+05:30,2023-11-01T13:01:48+05:30,7089,Present,16743,"-37.80286903187459, 144.96699877866286"
2025-10-18T04:17:39+05:30,2023-11-01T14:01:13+05:30,7089,Present,16748,"-37.80304231771021, 144.96772768900928"
2025-10-18T04:17:39+05:30,2023-11-01T13:26:05+05:30,7089,Present,16749,"-37.80303440983009, 144.96765439564842"
2025-10-18T04:17:39+05:30,2024-03-19T14:25:33+05:30,7076,Unoccupied,22346,"-37.80630762966446, 144.96585103527786"
2025-10-18T04:17:39+05:30,2024-04-05T02:56:28+05:30,7076,Present,22325,"-37.805866768962055, 144.96616675046732"
2025-10-18T04:17:39+05:30,2024-04-03T23:00:32+05:30,7076,Unoccupied,22324,"-37.80591632692924, 144.96615814371535"
2025-10-18T04:17:39+05:30,2024-04-05T04:51:26+05:30,7076,Present,22316,"-37.806342299359855, 144.96608413700358"
2025-10-18T04:17:39+05:30,2024-10-11T06:52:53+05:30,7010,Unoccupied,8892,"-37.80472860023576, 144.95983457919806"
2025-10-18T04:17:39+05:30,2024-10-11T04:46:06+05:30,7010,Present,8893,"-37.80467526890163, 144.9598100707709"
2025-10-18T04:17:39+05:30,2024-10-11T04:08:32+05:30,7010,Present,8900,"-37.80494406642042, 144.95978034301152"
2025-10-18T04:17:39+05:30,2023-02-25T09:14:51+05:30,7725,Unoccupied,9581,"-37.80415783494985, 144.94952440572973"
2025-10-18T04:17:39+05:30,2025-10-18T03:48:19+05:30,7725,Unoccupied,9584,"-37.80400069082501, 144.94955209749105"
2025-10-18T04:17:39+05:30,2025-10-18T03:20:08+05:30,7725,Unoccupied,9585,"-37.80394774748606, 144.9495614301553"
2025-10-18T04:17:39+05:30,2025-10-15T08:45:44+05:30,7725,Unoccupied,9586,"-37.80389570705829, 144.94957060381063"
2025-10-18T04:17:39+05:30,2022-11-20T09:14:07+05:30,7725,Unoccupied,9587,"-37.803844624328846, 144.9495796024437"
2025-10-18T04:17:39+05:30,2025-10-18T04:09:33+05:30,7725,Present,9588,"-37.803791316242936, 144.9495890004091"
2025-10-18T04:17:39+05:30,2025-10-17T17:18:02+05:30,7725,Unoccupied,9598,"-37.80470817912803, 144.94923768660107"
2025-10-18T04:17:39+05:30,2025-10-18T04:16:39+05:30,7725,Present,9600,"-37.80424624874155, 144.9493176273665"
2025-10-18T04:17:39+05:30,2025-10-18T04:11:02+05:30,7725,Present,9605,"-37.80355520593249, 144.94943939339282"
2025-10-18T04:17:39+05:30,2025-10-18T03:26:15+05:30,7725,Present,9611,"-37.80387968936999, 144.94938219700055"
2025-10-18T04:17:39+05:30,2025-10-18T04:06:29+05:30,7725,Present,9612,"-37.803932780008246, 144.9493728388618"
2025-10-18T04:17:39+05:30,2025-10-18T03:03:41+05:30,7725,Present,9613,"-37.80398653905685, 144.94936336418544"
2025-10-18T04:17:39+05:30,2025-10-17T20:48:38+05:30,7753,Unoccupied,9619,"-37.80498451133013, 144.9487256132852"
2025-10-18T04:17:39+05:30,2025-10-18T03:57:09+05:30,7753,Present,9625,"-37.80496415494934, 144.94854345814642"
2025-10-18T04:17:39+05:30,2024-06-27T12:33:58+05:30,7753,Unoccupied,9631,"-37.805096996494115, 144.94880084548276"
2025-10-18T04:17:39+05:30,2024-06-27T11:47:12+05:30,7753,Unoccupied,9634,"-37.805087958354314, 144.94871661818752"
2025-10-18T04:17:39+05:30,2024-06-27T12:14:34+05:30,7753,Unoccupied,9639,"-37.805053375847955, 144.9484077164504"
2025-10-18T04:17:39+05:30,2024-06-27T11:58:55+05:30,7753,Unoccupied,9648,"-37.80507230238178, 144.94857670798694"
2025-10-18T04:17:39+05:30,2024-12-01T05:54:35+05:30,7939,Unoccupied,57649,"-37.80969112401428, 144.95248077053498"
2025-10-18T04:17:39+05:30,2024-12-01T14:19:53+05:30,7939,Unoccupied,57648,"-37.809740995100576, 144.95250721026474"
2025-10-18T04:17:39+05:30,2025-02-06T13:41:33+05:30,7939,Unoccupied,57646,"-37.80984075270797, 144.95256009473428"
2025-10-18T04:17:39+05:30,2025-10-11T16:03:22+05:30,7939,Unoccupied,57642,"-37.81004057439919, 144.95266502921604"
2025-10-18T04:17:39+05:30,2025-07-07T08:35:22+05:30,7752,Unoccupied,10707,"-37.80562910757838, 144.95455722540413"
2025-10-18T04:17:39+05:30,2025-02-17T09:54:57+05:30,7752,Present,10709,"-37.8056443268013, 144.95469212796456"
2025-10-18T04:17:39+05:30,2025-10-18T01:29:07+05:30,7739,Present,10713,"-37.80389373311168, 144.95109910273732"
2025-10-18T04:17:39+05:30,2025-10-17T17:05:45+05:30,7739,Unoccupied,10716,"-37.80375570795519, 144.9511235299858"
2025-10-18T04:17:39+05:30,2025-10-11T08:07:40+05:30,7739,Present,10719,"-37.80416031637368, 144.95105185319318"
2025-10-18T04:17:39+05:30,2025-10-16T09:01:45+05:30,7739,Present,10721,"-37.804297991846894, 144.95102747862302"
2025-10-18T04:17:39+05:30,2025-10-16T18:00:17+05:30,7739,Present,10724,"-37.80445425492435, 144.95099990948202"
2025-10-18T04:17:39+05:30,2025-10-18T03:05:33+05:30,7739,Unoccupied,10730,"-37.80487724273593, 144.95092402466457"
2025-10-18T04:17:39+05:30,2025-10-17T11:16:06+05:30,7739,Present,10732,"-37.80497906772746, 144.95090601029813"
2025-10-18T04:17:39+05:30,2025-10-18T03:50:30+05:30,7740,Present,10742,"-37.80379669737577, 144.95088211182127"
2025-10-18T04:17:39+05:30,2025-10-17T05:38:11+05:30,7740,Present,10744,"-37.803689182408135, 144.95090037507902"
2025-10-18T04:17:39+05:30,2025-10-17T10:48:05+05:30,7740,Present,10745,"-37.80363537326759, 144.95090948550364"
2025-10-18T04:17:39+05:30,2025-10-17T16:54:08+05:30,7981,Unoccupied,10879,"-37.80541069713534, 144.9502629920902"
2025-10-18T04:17:39+05:30,2025-10-17T15:25:41+05:30,7981,Unoccupied,10882,"-37.80541987748026, 144.95034460595906"
2025-10-18T04:17:39+05:30,2025-09-16T06:36:05+05:30,7981,Unoccupied,10885,"-37.80542921632523, 144.9504262110143"
2025-10-18T04:17:39+05:30,2025-10-17T17:37:32+05:30,7981,Unoccupied,10886,"-37.8054322960094, 144.95045340597807"
2025-10-18T04:17:39+05:30,2025-10-17T16:47:40+05:30,7981,Unoccupied,10888,"-37.80543869031032, 144.95050691729028"
2025-10-18T04:17:39+05:30,2025-10-17T15:15:51+05:30,7981,Unoccupied,10891,"-37.80551063959489, 144.9502730704527"
2025-10-18T04:17:39+05:30,2025-06-30T05:57:54+05:30,7981,Unoccupied,10893,"-37.80551687136092, 144.95032746708463"
2025-10-18T04:17:39+05:30,2025-10-17T21:07:16+05:30,7981,Unoccupied,10898,"-37.80553237006271, 144.95046346447572"
2025-10-18T04:17:39+05:30,2025-10-15T07:30:45+05:30,7981,Unoccupied,10904,"-37.80549233270572, 144.9501085536166"
2025-10-18T04:17:39+05:30,2025-10-18T04:15:45+05:30,7722,Unoccupied,11176,"-37.80313925540028, 144.94821838597755"
2025-10-18T04:17:39+05:30,2025-10-18T04:14:15+05:30,7722,Present,11177,"-37.80319151675526, 144.94820900068024"
2025-10-18T04:17:39+05:30,2025-10-18T04:04:15+05:30,7722,Present,11179,"-37.80330779674274, 144.9481881584717"
2025-10-18T04:17:39+05:30,2025-10-17T17:00:03+05:30,7748,Unoccupied,11478,"-37.803122423569235, 144.95025738046655"
2025-10-18T04:17:39+05:30,2025-10-17T17:36:51+05:30,7748,Unoccupied,11480,"-37.80313959179574, 144.95041041774493"
2025-10-18T04:17:39+05:30,2025-10-18T04:01:30+05:30,7748,Unoccupied,11487,"-37.803167079390164, 144.95066099969833"
2025-10-18T04:17:39+05:30,2025-10-18T04:02:26+05:30,7748,Unoccupied,11488,"-37.80317073786297, 144.95069360496595"
2025-10-18T04:17:39+05:30,2025-10-18T01:36:31+05:30,7534,Present,63246,"-37.81710249948173, 144.95718683644785"
2025-10-18T04:17:39+05:30,2025-10-18T02:28:46+05:30,7534,Unoccupied,63216,"-37.816796426580744, 144.957932265381"
2025-10-18T04:17:39+05:30,2025-10-18T03:52:16+05:30,7532,Unoccupied,63212,"-37.81672260541184, 144.9581932992872"
2025-10-18T04:17:39+05:30,2025-10-18T03:21:59+05:30,7726,Present,11791,"-37.80034043806941, 144.955558553242"
2025-10-18T04:17:39+05:30,2024-06-30T03:14:57+05:30,7726,Present,11793,"-37.80041957546746, 144.9556578780248"
2025-10-18T04:17:39+05:30,2024-12-10T03:50:22+05:30,7726,Unoccupied,11795,"-37.80049754432898, 144.95575583177924"
2025-10-18T04:17:39+05:30,2023-08-16T03:38:51+05:30,7019,Present,22882,"-37.80617828444319, 144.96135100873266"
2025-10-18T04:17:39+05:30,2023-08-14T04:20:13+05:30,7025,Present,22897,"-37.80482983959025, 144.96159036988695"
2025-10-18T04:17:39+05:30,2025-10-17T22:27:49+05:30,7727,Unoccupied,11878,"-37.80084202921251, 144.95618586601418"
2025-10-18T04:17:39+05:30,2025-10-17T16:22:54+05:30,7708,Unoccupied,11927,"-37.80158323944731, 144.95455160795512"
2025-10-18T04:17:39+05:30,2025-09-20T12:31:37+05:30,7708,Unoccupied,11930,"-37.80131826360962, 144.95488598477425"
2025-10-18T04:17:39+05:30,2025-10-17T03:53:59+05:30,7708,Present,11932,"-37.80123701721285, 144.95498880523243"
2025-10-18T04:17:39+05:30,2025-10-18T03:29:58+05:30,7708,Unoccupied,11944,"-37.80153839590258, 144.95493989008185"
2025-10-18T04:17:39+05:30,2025-10-18T02:07:56+05:30,7728,Unoccupied,12027,"-37.79826928682944, 144.95295685806107"
2025-10-18T04:17:39+05:30,2025-10-18T03:52:57+05:30,7766,Present,12077,"-37.80087126973085, 144.95332118629088"
2025-10-18T04:17:39+05:30,2025-10-18T03:56:47+05:30,7766,Present,12090,"-37.800364728028576, 144.9543005665328"
2025-10-18T04:17:39+05:30,2025-10-17T09:51:43+05:30,7720,Unoccupied,12114,"-37.79861988549652, 144.95208766661227"
2025-10-18T04:17:39+05:30,2025-10-17T13:44:36+05:30,7720,Unoccupied,12116,"-37.7986719862219, 144.95202177613626"
2025-10-18T04:17:39+05:30,2025-10-17T11:21:48+05:30,7720,Present,12119,"-37.79872316190999, 144.95195644038654"
2025-10-18T04:17:39+05:30,2025-10-17T12:11:35+05:30,7720,Unoccupied,12120,"-37.7987404814148, 144.95193432902607"
2025-10-18T04:17:39+05:30,2025-10-18T02:05:56+05:30,7757,Unoccupied,12285,"-37.79959698052443, 144.95281077286185"
2025-10-18T04:17:39+05:30,2025-10-18T01:37:54+05:30,7757,Unoccupied,12288,"-37.79947754891876, 144.95296156722577"
2025-10-18T04:17:39+05:30,2025-10-17T19:05:34+05:30,7350,Unoccupied,56527,"-37.816560481489674, 144.95727592397975"
2025-10-18T04:17:39+05:30,2025-10-18T03:02:21+05:30,7350,Unoccupied,56526,"-37.81661084349134, 144.9572987456877"
2025-10-18T04:17:39+05:30,2025-10-18T04:11:26+05:30,7350,Present,56525,"-37.81666192623719, 144.95732189404333"
2025-10-18T04:17:39+05:30,2025-10-18T04:02:26+05:30,7350,Present,56524,"-37.81671279599158, 144.95734494601334"
2025-10-18T04:17:39+05:30,2025-10-18T03:52:57+05:30,7529,Present,62711,"-37.813154832998556, 144.97060288748185"
2025-10-18T04:17:39+05:30,2025-10-18T04:13:09+05:30,7528,Present,63133,"-37.81616879805182, 144.96046718573854"
2025-10-18T04:17:39+05:30,2025-10-17T23:31:39+05:30,7528,Unoccupied,63119,"-37.816173327520715, 144.9602751542191"
2025-10-18T04:17:39+05:30,2025-10-18T04:15:51+05:30,7527,Present,63125,"-37.816279675665896, 144.9599015153093"
2025-10-18T04:17:39+05:30,2025-10-18T02:51:45+05:30,7527,Unoccupied,63126,"-37.81629938177788, 144.9598329358845"
2025-10-18T04:17:39+05:30,2025-10-18T03:28:07+05:30,7538,Present,64214,"-37.810466501144106, 144.97217229602532"
2025-10-18T04:17:39+05:30,2025-10-17T23:59:53+05:30,7476,Unoccupied,56720,"-37.818600785721294, 144.9568677188758"
2025-10-18T04:17:39+05:30,2025-10-18T04:13:03+05:30,7558,Present,65184,"-37.810505910159556, 144.9686660546946"
2025-10-18T04:17:39+05:30,2025-10-18T03:39:11+05:30,,Unoccupied,65190,"-37.81064203847192, 144.96820358907266"
2025-10-18T04:17:39+05:30,2025-10-18T04:06:42+05:30,7559,Unoccupied,64233,"-37.8108657709793, 144.9708137450376"
2025-10-18T04:17:39+05:30,2025-10-18T03:32:40+05:30,7436,Present,60140,"-37.81641873781997, 144.97132347031322"
2025-10-18T04:17:39+05:30,2025-10-13T14:17:32+05:30,7727,Unoccupied,18690,"-37.80095837291265, 144.9563318007127"
2025-10-18T04:17:39+05:30,2025-10-17T19:28:51+05:30,7647,Unoccupied,50510,"-37.80993497783538, 144.97237175563987"
2025-10-18T04:17:39+05:30,2025-10-18T03:03:52+05:30,7647,Present,50513,"-37.8097869016944, 144.9723035358862"
2025-10-18T04:17:39+05:30,2025-10-17T18:10:36+05:30,7647,Unoccupied,50521,"-37.80991444270796, 144.97225042698597"
2025-10-18T04:17:39+05:30,2025-10-18T03:44:24+05:30,7418,Present,61653,"-37.8200352168038, 144.95502406275878"
2025-10-18T04:17:39+05:30,2025-10-18T03:37:48+05:30,7160,Present,15022,"-37.813986854268634, 144.9412126802025"
2025-10-18T04:17:39+05:30,2025-10-18T04:11:27+05:30,,Present,64050,"-37.81626885897799, 144.9564379784483"
2025-10-18T04:17:39+05:30,2025-10-18T03:32:17+05:30,7547,Present,66424,"-37.81316280193611, 144.9552938589732"
2025-10-18T04:17:39+05:30,2025-10-18T02:38:49+05:30,7569,Unoccupied,65243,"-37.81110658088606, 144.9665902806151"
2025-10-18T04:17:39+05:30,2025-10-17T21:43:16+05:30,7563,Present,65810,"-37.808461045457975, 144.97143240826537"
2025-10-18T04:17:39+05:30,2025-10-18T04:07:46+05:30,7331,Present,53817,"-37.81808825796743, 144.96275785864265"
2025-10-18T04:17:39+05:30,2025-10-18T04:12:18+05:30,7416,Present,61248,"-37.81772102446043, 144.96274844311608"
2025-10-18T04:17:39+05:30,2025-10-18T03:57:46+05:30,7423,Present,60834,"-37.81444498555172, 144.97396859614634"
2025-10-18T04:17:39+05:30,2025-10-18T04:00:16+05:30,7556,Present,65155,"-37.81050685559316, 144.96832385291088"
2025-10-18T04:17:39+05:30,2025-10-17T17:19:35+05:30,7556,Present,65144,"-37.81040414771823, 144.9686739588431"
2025-10-18T04:17:39+05:30,2025-10-18T03:54:02+05:30,7556,Present,65148,"-37.810438278379074, 144.9685565319365"
2025-10-18T04:17:39+05:30,2025-10-18T03:55:36+05:30,7406,Present,51438,"-37.80867757321964, 144.9690075411121"
2025-10-18T04:17:39+05:30,2025-10-17T18:03:14+05:30,7406,Unoccupied,51446,"-37.80846429850026, 144.96890939612751"
2025-10-18T04:17:39+05:30,2025-10-18T03:55:58+05:30,7406,Unoccupied,51445,"-37.808490907240625, 144.9689216855448"
2025-10-18T04:17:39+05:30,2025-10-18T02:09:45+05:30,7910,Present,22428,"-37.84507948562708, 144.98114053763254"
2025-10-18T04:17:39+05:30,2025-10-18T02:28:46+05:30,7910,Present,22435,"-37.845182238406906, 144.980502272184"
2025-10-18T04:17:39+05:30,2025-10-18T04:12:23+05:30,7910,Present,21541,"-37.84507112911485, 144.97966044067113"
2025-10-18T04:17:39+05:30,2025-10-18T03:24:15+05:30,7910,Present,21543,"-37.84508897173963, 144.97979550418984"
2025-10-18T04:17:39+05:30,2025-10-18T04:15:06+05:30,7910,Unoccupied,21545,"-37.84510688739228, 144.97993111016365"
2025-10-18T04:17:39+05:30,2025-10-18T04:16:03+05:30,7910,Present,21546,"-37.84511636710482, 144.98000281866575"
2025-10-18T04:17:39+05:30,2025-10-18T04:14:08+05:30,7634,Present,52117,"-37.81129719964723, 144.96753414089503"
2025-10-18T04:17:39+05:30,2025-10-18T04:05:33+05:30,7634,Unoccupied,52118,"-37.81124640922536, 144.96751072963488"
2025-10-18T04:17:39+05:30,2025-10-18T04:02:07+05:30,7586,Unoccupied,21744,"-37.84799803206987, 144.98245070765785"
2025-10-18T04:17:39+05:30,2025-10-18T03:36:32+05:30,7586,Present,21745,"-37.848005552140705, 144.98251218961013"
2025-10-18T04:17:39+05:30,2025-10-18T03:09:57+05:30,7586,Present,21751,"-37.84813057598156, 144.98353435941885"
2025-10-18T04:17:39+05:30,2025-10-18T04:04:27+05:30,7586,Present,21753,"-37.84814671324986, 144.98366630782294"
2025-10-18T04:17:39+05:30,2025-10-18T04:12:44+05:30,7586,Unoccupied,21757,"-37.84820175794165, 144.98411636720144"
2025-10-18T04:17:39+05:30,2025-10-18T04:10:08+05:30,7586,Unoccupied,21759,"-37.84821789462343, 144.9842483119175"
2025-10-18T04:17:39+05:30,2025-10-18T04:08:51+05:30,7584,Present,21685,"-37.84823013743106, 144.98344162602382"
2025-10-18T04:17:39+05:30,2025-10-18T04:13:59+05:30,7584,Unoccupied,21687,"-37.848213706475214, 144.9833068653546"
2025-10-18T04:17:39+05:30,2025-10-18T04:09:34+05:30,7584,Unoccupied,21688,"-37.84820549140019, 144.98323948392172"
2025-10-18T04:17:39+05:30,2025-10-18T03:57:20+05:30,7584,Present,21690,"-37.84818905886445, 144.98310472565072"
2025-10-18T04:17:39+05:30,2025-10-18T04:16:16+05:30,7584,Present,21680,"-37.8481726275857, 144.9829699645832"
2025-10-18T04:17:39+05:30,2025-10-18T03:49:29+05:30,7636,Present,51735,"-37.81510981537058, 144.96916026032682"
2025-10-18T04:17:39+05:30,2025-10-18T04:15:00+05:30,7636,Present,51736,"-37.81508734335914, 144.9691501666219"
2025-10-18T04:17:39+05:30,2025-06-02T12:24:20+05:30,7566,Unoccupied,65571,"-37.81352602169963, 144.95799921207333"
2025-10-18T04:17:39+05:30,2025-10-18T04:14:18+05:30,7551,Unoccupied,65469,"-37.812901383140584, 144.96017808239003"
2025-10-18T04:17:39+05:30,2025-10-18T04:13:45+05:30,7551,Unoccupied,65463,"-37.81281349909273, 144.96047970981073"
2025-10-18T04:17:39+05:30,2025-10-18T04:07:33+05:30,7551,Present,65440,"-37.8124296791756, 144.96170640134977"
2025-10-18T04:17:39+05:30,2025-10-18T04:03:40+05:30,7594,Present,54325,"-37.81454468905473, 144.96048836532592"
2025-10-18T04:17:39+05:30,2025-10-18T03:35:30+05:30,7594,Present,54332,"-37.814328715458686, 144.96038922625524"
2025-10-18T04:17:39+05:30,2025-10-18T04:08:31+05:30,7594,Present,54327,"-37.81447282233057, 144.96045538529688"
2025-10-18T04:17:39+05:30,2025-10-18T04:12:25+05:30,7595,Present,54136,"-37.816222013135885, 144.9612603661194"
2025-10-18T04:17:39+05:30,2025-10-18T04:10:16+05:30,7595,Present,54137,"-37.81620148978103, 144.9612509733749"
2025-10-18T04:17:39+05:30,2025-10-18T04:09:11+05:30,7596,Present,54039,"-37.81726439571307, 144.96174051759118"
2025-10-18T04:17:39+05:30,2025-10-18T04:12:35+05:30,7596,Present,54042,"-37.817153217943556, 144.96168967607747"
2025-10-18T04:17:39+05:30,2025-10-18T03:09:26+05:30,7592,Unoccupied,53925,"-37.81849790257002, 144.9623059616652"
2025-10-18T04:17:39+05:30,2025-10-17T21:13:33+05:30,7592,Unoccupied,53936,"-37.81819258211774, 144.96216597602785"
2025-10-18T04:17:39+05:30,2025-10-18T03:21:18+05:30,7592,Unoccupied,53930,"-37.81835552311773, 144.96224079538567"
2025-10-18T04:17:39+05:30,2025-10-18T03:31:04+05:30,7592,Present,53933,"-37.818290669208764, 144.9622111183468"
2025-10-18T04:17:39+05:30,2025-10-18T03:40:39+05:30,7592,Present,53929,"-37.81837717908482, 144.96225070506367"
2025-10-18T04:17:39+05:30,2025-10-18T03:50:13+05:30,7592,Unoccupied,53924,"-37.81851949643807, 144.96231585094733"
2025-10-18T04:17:39+05:30,2025-10-18T04:09:37+05:30,7348,Unoccupied,21514,"-37.83479219632807, 144.97561933777553"
2025-10-18T04:17:39+05:30,2025-10-17T13:54:59+05:30,7348,Unoccupied,21520,"-37.834845488989664, 144.9760272232985"
2025-10-18T04:17:39+05:30,2025-10-18T03:33:06+05:30,7348,Present,21522,"-37.83486300893875, 144.9761619134213"
2025-10-18T04:17:39+05:30,2025-10-17T15:02:12+05:30,7348,Unoccupied,21523,"-37.83499937266276, 144.97720592575808"
2025-10-18T04:17:39+05:30,2025-10-17T14:12:07+05:30,7348,Unoccupied,21529,"-37.8350528670962, 144.97761595715627"
2025-10-18T04:17:39+05:30,2025-10-17T14:11:20+05:30,7348,Unoccupied,21530,"-37.83506178891197, 144.977684171342"
2025-10-18T04:17:39+05:30,2025-10-18T03:51:08+05:30,7348,Present,21533,"-37.835088562609464, 144.97788919667062"
2025-10-18T04:17:39+05:30,2025-10-18T01:55:36+05:30,7348,Unoccupied,21534,"-37.835106826042704, 144.9780293417556"
2025-10-18T04:17:39+05:30,2025-10-18T02:30:10+05:30,7348,Present,21538,"-37.83514046286184, 144.978286658525"
2025-10-18T04:17:39+05:30,2025-10-18T03:25:20+05:30,7595,Present,54127,"-37.81646902222484, 144.96137412435405"
2025-10-18T04:17:39+05:30,2025-10-18T04:02:32+05:30,7595,Present,54129,"-37.81642290390768, 144.961352876317"
2025-10-18T04:17:39+05:30,2025-10-18T03:02:05+05:30,7595,Present,54131,"-37.81638083670083, 144.96133357329992"
2025-10-18T04:17:39+05:30,2025-10-18T03:58:57+05:30,7595,Present,54128,"-37.81644532875866, 144.96136320796893"
2025-10-18T04:17:39+05:30,2025-10-18T01:51:17+05:30,7757,Present,22023,"-37.79947870372327, 144.95328673637817"
2025-10-18T04:17:39+05:30,2025-10-17T07:53:09+05:30,7708,Present,21963,"-37.80129159001788, 144.95525258800507"
2025-10-18T04:17:39+05:30,2025-10-17T13:54:43+05:30,7708,Unoccupied,21966,"-37.80117876376342, 144.9553954201313"
2025-10-18T04:17:39+05:30,2025-05-11T15:40:37+05:30,7708,Present,21968,"-37.801102489037255, 144.95549199798984"
2025-10-18T04:17:39+05:30,2025-10-17T20:55:40+05:30,7610,Unoccupied,54530,"-37.81246195088824, 144.95954099972948"
2025-10-18T04:17:39+05:30,2025-10-18T03:23:37+05:30,7610,Present,54526,"-37.81258048909115, 144.95959504877584"
2025-10-18T04:17:39+05:30,2025-10-17T20:33:48+05:30,7610,Unoccupied,54532,"-37.81241492953408, 144.95951955900733"
2025-10-18T04:17:39+05:30,2025-10-17T22:54:10+05:30,7610,Unoccupied,54528,"-37.81250939595852, 144.95956263327517"
2025-10-18T04:17:39+05:30,2025-10-18T03:38:23+05:30,7551,Unoccupied,65462,"-37.81277324929651, 144.96053110931342"
2025-10-18T04:17:39+05:30,2025-10-18T01:49:39+05:30,7551,Unoccupied,65470,"-37.81287882876853, 144.96016762991417"
2025-10-18T04:17:39+05:30,2025-10-18T03:48:22+05:30,7551,Unoccupied,65468,"-37.81285558397169, 144.9602474653378"
2025-10-18T04:17:39+05:30,2025-10-17T22:51:07+05:30,7605,Unoccupied,54437,"-37.81350134783469, 144.96001037293254"
2025-10-18T04:17:39+05:30,2025-10-18T03:26:43+05:30,7605,Present,54440,"-37.813404427503556, 144.95996538116052"
2025-10-18T04:17:39+05:30,2025-10-18T04:01:07+05:30,7605,Present,54438,"-37.81345367784088, 144.95998830553933"
2025-10-18T04:17:39+05:30,2025-10-18T04:03:14+05:30,7605,Unoccupied,54428,"-37.81375494723994, 144.96012743587585"
2025-10-18T04:17:39+05:30,2025-10-18T02:32:56+05:30,7366,Present,61712,"-37.81362705094156, 144.97262292277279"
2025-10-18T04:17:39+05:30,2025-10-18T03:43:25+05:30,,Unoccupied,61743,"-37.81394066247344, 144.97210657633434"
2025-10-18T04:17:39+05:30,2025-10-17T18:43:02+05:30,7183,Unoccupied,18559,"-37.82000268128995, 144.951233779713"
2025-10-18T04:17:39+05:30,2025-10-17T18:56:56+05:30,7183,Unoccupied,18556,"-37.8199471493606, 144.95142567113518"
2025-10-18T04:17:39+05:30,2024-12-25T09:59:00+05:30,7163,Present,18588,"-37.819144821389955, 144.9484106249023"
2025-10-18T04:17:39+05:30,2024-12-25T09:31:28+05:30,7163,Present,18216,"-37.81905607459451, 144.9486203731115"
2025-10-18T04:17:39+05:30,2024-12-25T10:47:06+05:30,7163,Unoccupied,18578,"-37.81948832943466, 144.94863704876167"
2025-10-18T04:17:39+05:30,2024-06-13T09:26:06+05:30,7568,Present,65191,"-37.8106605931166, 144.96814061138014"
2025-10-18T04:17:39+05:30,2025-10-18T04:08:56+05:30,7568,Unoccupied,65194,"-37.81071695275888, 144.9679495035502"
2025-10-18T04:17:39+05:30,2025-10-18T04:12:10+05:30,7568,Unoccupied,65192,"-37.810679263087735, 144.9680772533104"
2025-10-18T04:17:39+05:30,2024-12-25T07:24:04+05:30,7184,Present,20895,"-37.82120636805902, 144.9470704593674"
2025-10-18T04:17:39+05:30,2024-12-25T05:32:35+05:30,7184,Present,20897,"-37.821110639077105, 144.94678607737143"
2025-10-18T04:17:39+05:30,2024-12-25T07:09:01+05:30,7184,Present,20898,"-37.82109206615671, 144.94685004085812"
2025-10-18T04:17:39+05:30,2025-10-18T04:14:00+05:30,7186,Unoccupied,18634,"-37.82117319064948, 144.94391931435464"
2025-10-18T04:17:39+05:30,2025-10-17T13:32:07+05:30,7186,Present,18630,"-37.82111067377315, 144.94365836932468"
2025-10-18T04:17:39+05:30,2025-10-18T03:29:12+05:30,7186,Unoccupied,15091,"-37.82125258974649, 144.94351025120602"
2025-10-18T04:17:39+05:30,2025-10-18T03:29:48+05:30,7362,Present,62342,"-37.817926508618086, 144.9584256244375"
2025-10-18T04:17:39+05:30,2025-10-17T20:26:14+05:30,7362,Unoccupied,62338,"-37.817853582833706, 144.9586818933499"
2025-10-18T04:17:39+05:30,2025-10-18T03:49:40+05:30,7362,Present,62310,"-37.81770986535467, 144.95861470513807"
2025-10-18T04:17:39+05:30,2025-10-18T03:38:55+05:30,7212,Unoccupied,20614,"-37.81955745298548, 144.94369160324493"
2025-10-18T04:17:39+05:30,2025-10-18T03:55:05+05:30,7212,Present,20615,"-37.81950158229296, 144.9436659431201"
2025-10-18T04:17:39+05:30,2025-10-01T03:19:17+05:30,7197,Unoccupied,20905,"-37.81980106441673, 144.94535366686563"
2025-10-18T04:17:39+05:30,2025-09-30T07:30:26+05:30,7197,Unoccupied,20906,"-37.81985837697532, 144.94536883743564"
2025-10-18T04:17:39+05:30,2025-10-01T03:50:04+05:30,7197,Present,20907,"-37.81991568953214, 144.94538400803944"
2025-10-18T04:17:39+05:30,2025-10-11T13:23:58+05:30,7197,Present,20909,"-37.81998434057127, 144.94530742172287"
2025-10-18T04:17:39+05:30,2025-10-17T17:02:56+05:30,7197,Unoccupied,20916,"-37.82048267530209, 144.9454363238093"
2025-10-18T04:17:39+05:30,2025-10-17T13:38:11+05:30,7197,Present,20918,"-37.820359190197685, 144.9454039082782"
2025-10-18T04:17:39+05:30,2025-10-17T15:47:00+05:30,7197,Unoccupied,20919,"-37.8202975304902, 144.9453872206468"
2025-10-18T04:17:39+05:30,2025-10-18T02:53:39+05:30,7197,Unoccupied,20586,"-37.82024151131429, 144.94537361877752"
2025-10-18T04:17:39+05:30,2025-10-18T03:54:04+05:30,7194,Present,20901,"-37.81911258809131, 144.94429409405717"
2025-10-18T04:17:39+05:30,2024-12-24T18:38:05+05:30,7202,Unoccupied,20592,"-37.8198485764157, 144.9471475503992"
2025-10-18T04:17:39+05:30,2024-10-23T02:36:17+05:30,7202,Present,20596,"-37.820749425037675, 144.94726499357756"
2025-10-18T04:17:39+05:30,2024-12-25T04:08:35+05:30,7202,Present,20597,"-37.82067620261746, 144.9472477924998"
2025-10-18T04:17:39+05:30,2024-12-14T14:23:01+05:30,7202,Unoccupied,20600,"-37.82043238422226, 144.94718061053305"
2025-10-18T04:17:39+05:30,2024-12-25T04:32:49+05:30,7202,Unoccupied,21487,"-37.819968004313765, 144.94700438468254"
2025-10-18T04:17:39+05:30,2024-12-25T10:17:46+05:30,7202,Present,21489,"-37.819815126711354, 144.94693719894985"
2025-10-18T04:17:39+05:30,2024-12-08T13:36:49+05:30,7203,Unoccupied,90812,"-37.821984243691986, 144.9477843093931"
2025-10-18T04:17:39+05:30,2025-10-17T17:37:38+05:30,7200,Unoccupied,21482,"-37.82161749770223, 144.95048027833536"
2025-10-18T04:17:39+05:30,2024-10-08T01:17:13+05:30,7282,Unoccupied,21504,"-37.82129980300623, 144.95069392977473"
2025-10-18T04:17:39+05:30,2025-10-17T14:54:16+05:30,7159,Present,18534,"-37.81965271448664, 144.95056196025416"
2025-10-18T04:17:39+05:30,2025-10-17T17:36:32+05:30,7159,Present,18530,"-37.81943018742679, 144.95038763274167"
2025-10-18T04:17:39+05:30,2025-05-17T04:40:31+05:30,7159,Unoccupied,18540,"-37.81884401706035, 144.9499249253489"
2025-10-18T04:17:39+05:30,2025-10-18T04:15:20+05:30,7486,Present,56921,"-37.817165652111996, 144.95596083973658"
2025-10-18T04:17:39+05:30,2025-10-17T18:17:08+05:30,7457,Unoccupied,61413,"-37.81850610809943, 144.96018416019913"
2025-10-18T04:17:39+05:30,2025-10-18T03:12:25+05:30,7457,Present,61414,"-37.81852512675538, 144.9601203764766"
2025-10-18T04:17:39+05:30,2025-10-18T03:16:23+05:30,7434,Present,60427,"-37.818598150066144, 144.9631951476772"
2025-10-18T04:17:39+05:30,2025-10-18T04:16:27+05:30,7434,Present,60426,"-37.81857975751947, 144.96325920661852"
2025-10-18T04:17:39+05:30,2025-10-17T18:40:50+05:30,,Unoccupied,61532,"-37.818834738617184, 144.95921629702167"
2025-10-18T04:17:39+05:30,2025-10-18T03:39:18+05:30,,Unoccupied,61513,"-37.81886486643933, 144.95876599500565"
2025-10-18T04:17:39+05:30,2025-10-18T00:14:18+05:30,,Present,61523,"-37.819131668443475, 144.95784547999037"
2025-10-18T04:17:39+05:30,2025-10-17T19:02:15+05:30,7227,Unoccupied,18562,"-37.819089924762366, 144.94931493639706"
2025-10-18T04:17:39+05:30,2025-10-17T02:27:21+05:30,7227,Present,18563,"-37.81917050340564, 144.94937846758012"
2025-10-18T04:17:39+05:30,2025-10-18T01:58:40+05:30,7222,Unoccupied,20626,"-37.82055869070746, 144.9429319583788"
2025-10-18T04:17:39+05:30,2025-10-18T01:48:11+05:30,7659,Unoccupied,50120,"-37.81421779336087, 144.97426891533655"
2025-10-18T04:17:39+05:30,2025-10-18T03:43:18+05:30,7457,Unoccupied,61416,"-37.81856181478064, 144.95999890529984"
2025-10-18T04:17:39+05:30,2025-03-15T22:28:44+05:30,,Unoccupied,64248,"-37.81049960200317, 144.97223311068126"
2025-10-18T04:17:39+05:30,2023-10-16T06:12:09+05:30,7213,Unoccupied,18525,"-37.820920432409906, 144.94428227453616"
2025-10-18T04:17:39+05:30,2023-10-16T09:40:04+05:30,7231,Present,15028,"-37.82100532236697, 144.94422256696572"
2025-10-18T04:17:39+05:30,2025-10-18T02:51:22+05:30,7167,Present,17490,"-37.82035031334955, 144.94233273035633"
2025-10-18T04:17:39+05:30,2025-10-17T14:47:03+05:30,7167,Present,17489,"-37.8203696967754, 144.94226546963995"
2025-10-18T04:17:39+05:30,2025-07-28T03:03:29+05:30,7167,Unoccupied,17483,"-37.82033122611111, 144.94178443111818"
2025-10-18T04:17:39+05:30,2025-10-17T13:47:45+05:30,7207,Unoccupied,20602,"-37.82028919406282, 144.94443776071222"
2025-10-18T04:17:39+05:30,2025-10-17T13:38:17+05:30,7207,Present,20603,"-37.82034636685942, 144.94446289451076"
2025-10-18T04:17:39+05:30,2025-10-17T16:27:38+05:30,7207,Unoccupied,20604,"-37.820395686077376, 144.94448619160318"
2025-10-18T04:17:39+05:30,2025-10-18T03:40:48+05:30,7207,Unoccupied,20606,"-37.820319177118286, 144.94455379697746"
2025-10-18T04:17:39+05:30,2025-10-04T17:18:48+05:30,7214,Unoccupied,20621,"-37.81969672078945, 144.9458806148036"
2025-10-18T04:17:39+05:30,2025-10-17T18:53:23+05:30,7214,Unoccupied,20622,"-37.81975190227377, 144.9458951018895"
2025-10-18T04:17:39+05:30,2025-10-17T04:08:25+05:30,7214,Present,20923,"-37.82032788923816, 144.94604541207383"
2025-10-18T04:17:39+05:30,2025-10-17T14:13:47+05:30,7214,Unoccupied,20925,"-37.82044961672015, 144.94607732811323"
2025-10-18T04:17:39+05:30,2025-10-17T16:32:57+05:30,7161,Unoccupied,20575,"-37.82067837265019, 144.95134231522943"
2025-10-18T04:17:39+05:30,2024-03-13T08:10:22+05:30,,Present,55520,"-37.81850443961544, 144.95941275000223"
2025-10-18T04:17:39+05:30,2024-03-13T09:08:29+05:30,7695,Unoccupied,55523,"-37.81833041275837, 144.95933285947388"
2025-10-18T04:17:39+05:30,2024-12-25T10:46:36+05:30,7165,Unoccupied,15337,"-37.81881247718192, 144.94768061587257"
2025-10-18T04:17:39+05:30,2025-10-16T04:27:52+05:30,7173,Present,13471,"-37.81926491040353, 144.94577454521684"
2025-10-18T04:17:39+05:30,2025-10-15T16:03:17+05:30,7173,Unoccupied,13468,"-37.819298252193164, 144.94565893411232"
2025-10-18T04:17:39+05:30,2025-10-18T02:53:23+05:30,7173,Unoccupied,13463,"-37.81935162943479, 144.94547434286818"
2025-10-18T04:17:39+05:30,2025-10-11T06:40:08+05:30,7178,Present,13405,"-37.81992012215079, 144.94350332366335"
2025-10-18T04:17:39+05:30,2025-10-18T04:08:03+05:30,7178,Present,13428,"-37.819930950522625, 144.94315971851103"
2025-10-18T04:17:39+05:30,2025-10-18T03:03:59+05:30,7178,Present,13431,"-37.819875129746634, 144.94335166192775"
2025-10-18T04:17:39+05:30,2025-10-17T17:30:49+05:30,7178,Unoccupied,13402,"-37.81994431226503, 144.94342014841737"
2025-10-18T04:17:39+05:30,2025-10-18T04:13:03+05:30,7178,Unoccupied,13397,"-37.81999579034017, 144.9432431375824"
2025-10-18T04:17:39+05:30,2025-10-18T04:00:11+05:30,7178,Present,13430,"-37.81989373700138, 144.94328768101258"
2025-10-18T04:17:39+05:30,2024-02-20T17:06:28+05:30,,Present,22970,"-37.810179216583734, 144.95578481865783"
2025-10-18T04:17:39+05:30,2025-10-18T03:52:40+05:30,7400,Present,50919,"-37.81325166952611, 144.97119049755653"
2025-10-18T04:17:39+05:30,2025-10-18T03:30:34+05:30,7399,Unoccupied,50910,"-37.8137095093117, 144.9714016807551"
2025-10-18T04:17:39+05:30,2025-09-23T06:54:47+05:30,7197,Unoccupied,20872,"-37.81972263913978, 144.9452378507582"
2025-10-18T04:17:39+05:30,2025-10-17T18:41:24+05:30,7273,Unoccupied,50649,"-37.80832264879308, 144.9716444141046"
2025-10-18T04:17:39+05:30,2025-10-18T04:01:46+05:30,7645,Unoccupied,50221,"-37.81278606165315, 144.97357479977728"
2025-10-18T04:17:39+05:30,2025-10-18T01:24:02+05:30,7645,Unoccupied,50215,"-37.81249762539407, 144.97369144100045"
2025-10-18T04:17:39+05:30,2025-10-18T04:07:57+05:30,7645,Unoccupied,50214,"-37.812550545044445, 144.97371553755048"
2025-10-18T04:17:39+05:30,2025-10-18T03:56:29+05:30,7645,Unoccupied,50213,"-37.81260578240534, 144.97374055073328"
2025-10-18T04:17:39+05:30,2025-10-18T01:13:45+05:30,7188,Present,17713,"-37.82014498046749, 144.93925031048207"
2025-10-18T04:17:39+05:30,2025-07-30T21:10:49+05:30,7188,Unoccupied,17693,"-37.82060324744333, 144.94031698277732"
2025-10-18T04:17:39+05:30,2025-10-17T10:13:16+05:30,7188,Present,17694,"-37.82054611831157, 144.94028668910804"
2025-10-18T04:17:39+05:30,2025-10-18T02:08:02+05:30,7182,Present,23360,"-37.82115283682411, 144.94226462406135"
2025-10-18T04:17:39+05:30,2023-09-07T07:33:53+05:30,,Unoccupied,23364,"-37.81516717307889, 144.96090287882657"
2025-10-18T04:17:39+05:30,2025-10-18T03:49:18+05:30,7593,Present,53945,"-37.818545919460334, 144.96220366659048"
2025-10-18T04:17:39+05:30,2025-10-18T02:13:45+05:30,7210,Unoccupied,17338,"-37.8127837727216, 144.9399643372807"
2025-10-18T04:17:39+05:30,2025-10-18T02:45:30+05:30,7210,Unoccupied,17325,"-37.81266848936166, 144.9402687319058"
2025-10-18T04:17:39+05:30,2025-10-17T18:20:11+05:30,7226,Unoccupied,23377,"-37.81337655481154, 144.94083161643653"
2025-10-18T04:17:39+05:30,2025-10-17T19:04:49+05:30,7226,Unoccupied,23378,"-37.813323902840146, 144.94079957685634"
2025-10-18T04:17:39+05:30,2025-10-17T18:51:28+05:30,7226,Unoccupied,23381,"-37.813167352950984, 144.9407054984012"
2025-10-18T04:17:39+05:30,2025-10-18T00:32:29+05:30,7226,Unoccupied,23383,"-37.813062574527805, 144.94064145202975"
2025-10-18T04:17:39+05:30,2025-06-02T15:01:32+05:30,7571,Unoccupied,65645,"-37.81392917545562, 144.95657209636693"
2025-10-18T04:17:39+05:30,2025-06-02T11:36:51+05:30,7571,Present,65656,"-37.81403718207551, 144.95619407317267"
2025-10-18T04:17:39+05:30,2025-06-02T14:22:59+05:30,7577,Present,65618,"-37.81396103533511, 144.95611995533756"
2025-10-18T04:17:39+05:30,2025-06-02T13:55:48+05:30,7571,Present,65642,"-37.813880982204026, 144.9567422061005"
2025-10-18T04:17:39+05:30,2025-06-02T15:03:00+05:30,7571,Unoccupied,65653,"-37.814012968403425, 144.95627874662682"
2025-10-18T04:17:39+05:30,2025-06-02T13:58:05+05:30,7575,Present,65613,"-37.813870034237034, 144.95644063354538"
2025-10-18T04:17:39+05:30,2025-06-02T13:51:26+05:30,7571,Present,65646,"-37.813937871046825, 144.9565416181002"
2025-10-18T04:17:39+05:30,2025-06-02T14:26:18+05:30,7577,Present,65617,"-37.81394278624609, 144.95618418330082"
2025-10-18T04:17:39+05:30,2025-06-02T12:07:51+05:30,7571,Unoccupied,65649,"-37.81398180514711, 144.95638776477483"
2025-10-18T04:17:39+05:30,2025-06-02T14:40:52+05:30,7571,Present,65651,"-37.813997615293914, 144.95633234690246"
2025-10-18T04:17:39+05:30,2025-06-02T12:49:46+05:30,7571,Present,65654,"-37.814020744545346, 144.9562514667447"
2025-10-18T04:17:39+05:30,2024-05-15T06:53:20+05:30,,Unoccupied,64345,"-37.81134237989393, 144.9693445760545"
2025-10-18T04:17:39+05:30,2025-10-18T04:01:55+05:30,,Unoccupied,61613,"-37.81958584031267, 144.9562674680712"
2025-10-18T04:17:39+05:30,2025-06-02T14:52:01+05:30,7571,Present,65657,"-37.81416846859752, 144.9557347073744"
2025-10-18T04:17:39+05:30,2025-06-02T06:39:45+05:30,7571,Present,65664,"-37.81422661034884, 144.95553085169536"
2025-10-18T04:17:39+05:30,2025-06-02T12:42:16+05:30,7571,Present,65665,"-37.814234712094375, 144.95550228370277"
2025-10-18T04:17:39+05:30,2025-06-02T14:41:35+05:30,7571,Unoccupied,65662,"-37.81420996856248, 144.95558927833048"
2025-10-18T04:17:39+05:30,2024-08-17T07:06:51+05:30,7571,Unoccupied,65670,"-37.81427626659823, 144.95535685511834"
2025-10-18T04:17:39+05:30,2025-06-02T15:03:12+05:30,7571,Present,65659,"-37.81418512579343, 144.95567630033878"
2025-10-18T04:17:39+05:30,2025-10-18T04:04:24+05:30,7451,Unoccupied,60219,"-37.81703043249888, 144.96857995382135"
2025-10-18T04:17:39+05:30,2025-10-18T04:10:20+05:30,7417,Present,61640,"-37.819756890114924, 144.95600948726414"
2025-10-18T04:17:39+05:30,2025-10-18T03:42:40+05:30,7273,Unoccupied,50659,"-37.8080927945015, 144.9715406070668"
2025-10-18T04:17:39+05:30,2025-10-17T20:58:54+05:30,7275,Unoccupied,50677,"-37.808253443322855, 144.97148527117724"
2025-10-18T04:17:39+05:30,2025-10-18T03:38:15+05:30,7275,Unoccupied,50676,"-37.80830301339912, 144.9715081227749"
2025-10-18T04:17:39+05:30,2025-10-18T03:38:45+05:30,7718,Unoccupied,23809,"-37.801553914437456, 144.95656810521356"
2025-10-18T04:17:39+05:30,2025-08-19T06:02:08+05:30,7712,Present,11360,"-37.80398540747849, 144.955485248439"
2025-10-18T04:17:39+05:30,2025-08-25T07:10:57+05:30,7712,Present,11358,"-37.80393278352662, 144.95549470758004"
2025-10-18T04:17:39+05:30,2025-02-07T02:22:41+05:30,7712,Unoccupied,11359,"-37.803959541549816, 144.95548989784683"
2025-10-18T04:17:39+05:30,2025-08-25T10:33:29+05:30,7712,Unoccupied,11399,"-37.80540365436209, 144.95523028404108"
2025-10-18T04:17:39+05:30,2025-10-18T03:42:57+05:30,7365,Unoccupied,62331,"-37.818155655067564, 144.9570580944841"
2025-10-18T04:17:39+05:30,2025-10-18T03:09:24+05:30,7553,Unoccupied,65491,"-37.81290860198662, 144.96044723135256"
2025-10-18T04:17:39+05:30,2025-10-18T01:58:58+05:30,7156,Present,23950,"-37.81396863389123, 144.9424133997139"
2025-10-18T04:17:39+05:30,2025-10-18T04:10:11+05:30,7193,Unoccupied,15008,"-37.81443674439306, 144.93986060733064"
2025-10-18T04:17:39+05:30,2025-10-18T04:16:24+05:30,7193,Present,15009,"-37.81438558842542, 144.93982962481354"
2025-10-18T04:17:39+05:30,2025-10-18T03:14:15+05:30,7261,Present,16788,"-37.812867058436915, 144.93659039453667"
2025-10-18T04:17:39+05:30,2025-10-17T18:32:41+05:30,7220,Unoccupied,14999,"-37.81438711924288, 144.93751245168374"
2025-10-18T04:17:39+05:30,2025-10-18T04:00:25+05:30,7261,Unoccupied,14796,"-37.81281242258925, 144.93655835967394"
2025-10-18T04:17:39+05:30,2025-10-17T18:57:56+05:30,7220,Unoccupied,14995,"-37.81419223311255, 144.93739423614537"
2025-10-18T04:17:39+05:30,2025-10-18T00:32:54+05:30,7261,Present,14793,"-37.812656493420086, 144.936463956171"
2025-10-18T04:17:39+05:30,2025-10-17T16:30:27+05:30,7220,Unoccupied,14992,"-37.813153033720134, 144.93677276581576"
2025-10-18T04:17:39+05:30,2025-10-18T03:40:58+05:30,7220,Present,14990,"-37.813055546862586, 144.93671380204069"
2025-10-18T04:17:39+05:30,2025-10-18T03:43:15+05:30,7624,Unoccupied,57328,"-37.81290728670532, 144.95399781103544"
2025-10-18T04:17:39+05:30,2025-10-17T15:03:01+05:30,7252,Present,17377,"-37.80966383690276, 144.98093353154337"
2025-10-18T04:17:39+05:30,2025-10-18T03:53:04+05:30,7251,Present,16407,"-37.80940452376689, 144.98115012140352"
2025-10-18T04:17:39+05:30,2025-10-18T03:43:09+05:30,7251,Present,16404,"-37.809297344211494, 144.9811677837907"
2025-10-18T04:17:39+05:30,2025-10-18T03:12:18+05:30,7252,Present,17382,"-37.809891387131564, 144.98089532605928"
2025-10-18T04:17:39+05:30,2025-10-18T04:16:09+05:30,7251,Present,16420,"-37.8099511644713, 144.98105969189004"
2025-10-18T04:17:39+05:30,2025-10-17T19:58:09+05:30,7251,Unoccupied,16423,"-37.80988148759086, 144.98107120508115"
2025-10-18T04:17:39+05:30,2025-10-18T04:15:47+05:30,7251,Unoccupied,16419,"-37.809775182418605, 144.9810887699614"
2025-10-18T04:17:39+05:30,2025-10-18T03:24:42+05:30,7251,Present,16416,"-37.80984489838855, 144.98107725682007"
2025-10-18T04:17:39+05:30,2025-10-15T07:09:03+05:30,7302,Unoccupied,17838,"-37.818100771376784, 144.98189391235002"
2025-10-18T04:17:39+05:30,2025-10-15T06:09:57+05:30,7302,Present,17839,"-37.818157000802145, 144.9818842826984"
2025-10-18T04:17:39+05:30,2025-10-15T07:02:13+05:30,7302,Unoccupied,17828,"-37.817482073005785, 144.98199983065277"
2025-10-18T04:17:39+05:30,2025-10-15T06:48:58+05:30,7302,Present,17836,"-37.81798828158783, 144.98191316155962"
2025-10-18T04:17:39+05:30,2025-10-15T07:14:09+05:30,7302,Unoccupied,17824,"-37.81725708725358, 144.98203829240123"
2025-10-18T04:17:39+05:30,2025-10-15T06:48:46+05:30,7302,Present,17830,"-37.81765078540836, 144.98197075682265"
2025-10-18T04:17:39+05:30,2025-10-10T16:01:30+05:30,7302,Present,18110,"-37.81703347936469, 144.9820770590633"
2025-10-18T04:17:39+05:30,2025-10-15T07:36:10+05:30,7302,Unoccupied,17837,"-37.81804451906652, 144.98190353874162"
2025-10-18T04:17:39+05:30,2025-10-10T09:44:45+05:30,7302,Present,17834,"-37.817875784818, 144.98193229724149"
2025-10-18T04:17:39+05:30,2025-10-18T02:33:29+05:30,7721,Unoccupied,24037,"-37.80529735614254, 144.95718052798065"
2025-10-18T04:17:39+05:30,2025-10-18T03:05:21+05:30,7721,Unoccupied,24039,"-37.805245616630344, 144.9571896030061"
2025-10-18T04:17:39+05:30,2025-10-17T23:01:11+05:30,7716,Present,9465,"-37.80558304879909, 144.95724279295467"
2025-10-18T04:17:39+05:30,2025-10-16T17:02:31+05:30,7721,Present,9443,"-37.805035477782795, 144.95733966527166"
2025-10-18T04:17:39+05:30,2025-10-17T22:01:11+05:30,7716,Present,9463,"-37.805531292177804, 144.95725194067245"
2025-10-18T04:17:39+05:30,2025-10-18T00:56:45+05:30,7721,Present,9454,"-37.80527235407395, 144.95729773123446"
2025-10-18T04:17:39+05:30,2025-10-18T01:21:15+05:30,7721,Present,9444,"-37.80506180537941, 144.95733500218114"
2025-10-18T04:17:39+05:30,2025-10-18T02:33:40+05:30,7721,Present,9456,"-37.805325383750784, 144.95728837155994"
2025-10-18T04:17:39+05:30,2025-10-17T05:22:18+05:30,7721,Present,24044,"-37.80492931393994, 144.95724431874055"
2025-10-18T04:17:39+05:30,2023-12-12T20:15:19+05:30,7721,Unoccupied,24045,"-37.804903882241234, 144.95724880963354"
2025-10-18T04:17:39+05:30,2025-10-15T06:43:16+05:30,7721,Present,24049,"-37.80480216953245, 144.95726677599734"
2025-10-18T04:17:39+05:30,2025-10-18T04:16:27+05:30,7721,Present,23970,"-37.80470045315579, 144.9572847434669"
2025-10-18T04:17:39+05:30,2025-10-18T04:15:12+05:30,7721,Unoccupied,23975,"-37.804573308682805, 144.95730719828805"
2025-10-18T04:17:39+05:30,2025-10-18T04:11:10+05:30,7721,Present,23978,"-37.80449702219647, 144.95732067365248"
2025-10-18T04:17:39+05:30,2025-10-18T03:57:52+05:30,7716,Present,9422,"-37.80443003223237, 144.95744673087017"
2025-10-18T04:17:39+05:30,2025-10-18T03:28:21+05:30,7716,Present,9431,"-37.80463702801647, 144.9574101343463"
2025-10-18T04:17:39+05:30,2025-10-18T03:35:32+05:30,7721,Present,9437,"-37.80476639659502, 144.95738725944153"
2025-10-18T04:17:39+05:30,2025-10-18T03:31:24+05:30,7716,Present,9424,"-37.80448177590353, 144.95743758223875"
2025-10-18T04:17:39+05:30,2025-10-18T03:48:18+05:30,7614,Present,54614,"-37.811623820356985, 144.9592852054477"
2025-10-18T04:17:39+05:30,2025-10-18T03:48:01+05:30,7615,Unoccupied,54616,"-37.81146223273343, 144.95921219090556"
2025-10-18T04:17:39+05:30,2025-10-18T04:15:37+05:30,7486,Unoccupied,56917,"-37.81670795860967, 144.95600070841164"
2025-10-18T04:17:39+05:30,2024-12-25T09:24:11+05:30,7163,Unoccupied,24003,"-37.82010620216919, 144.94866027663673"
2025-10-18T04:17:39+05:30,2025-10-18T02:26:28+05:30,7232,Unoccupied,18205,"-37.81339711554628, 144.9392125443744"
2025-10-18T04:17:39+05:30,2025-10-18T04:14:05+05:30,7232,Unoccupied,15000,"-37.81362622337333, 144.93935141738922"
2025-10-18T04:17:39+05:30,2025-10-17T15:34:03+05:30,7178,Present,13420,"-37.819681768663415, 144.94433035325386"
2025-10-18T04:17:39+05:30,2025-10-18T03:27:31+05:30,7178,Unoccupied,13409,"-37.819773730973466, 144.9440145056418"
2025-10-18T04:17:39+05:30,2025-10-17T18:36:03+05:30,7178,Unoccupied,13407,"-37.819793849449454, 144.94394541689542"
2025-10-18T04:17:39+05:30,2025-10-17T15:39:23+05:30,7552,Present,66437,"-37.812936871165434, 144.95626361898448"
2025-10-18T04:17:39+05:30,2025-10-18T03:17:16+05:30,7547,Present,66416,"-37.812975533761346, 144.9559499301654"
2025-10-18T04:17:39+05:30,2025-10-15T01:42:18+05:30,7547,Unoccupied,66418,"-37.813010689921775, 144.95582707006406"
2025-10-18T04:17:39+05:30,2025-10-18T03:58:43+05:30,7547,Present,66443,"-37.813045401578954, 144.95588224902446"
2025-10-18T04:17:39+05:30,2025-10-18T01:45:56+05:30,7547,Unoccupied,66417,"-37.812992343015026, 144.9558911766383"
2025-10-18T04:17:39+05:30,2025-10-17T23:31:28+05:30,7551,Present,65455,"-37.812610857870155, 144.96117435538116"
2025-10-18T04:17:39+05:30,2025-10-18T00:47:56+05:30,7628,Present,51817,"-37.81411247197535, 144.96882433591503"
2025-10-18T04:17:39+05:30,2025-10-18T03:44:02+05:30,7628,Present,51816,"-37.81416327510976, 144.96884762301715"
2025-10-18T04:17:39+05:30,2025-10-18T04:04:09+05:30,7400,Present,50931,"-37.81365978793906, 144.9712104418848"
2025-10-18T04:17:39+05:30,2025-10-17T17:36:52+05:30,7170,Unoccupied,13443,"-37.819632495597034, 144.94418446229685"
2025-10-18T04:17:39+05:30,2025-10-18T03:34:02+05:30,,Unoccupied,51310,"-37.809535335390215, 144.96931687598408"
2025-10-18T04:17:39+05:30,2025-10-18T04:11:31+05:30,,Unoccupied,51312,"-37.80943623299156, 144.96927157104756"
2025-10-18T04:17:39+05:30,2025-10-16T10:53:48+05:30,7396,Present,51154,"-37.81139885127908, 144.97016693209457"
2025-10-18T04:17:39+05:30,2025-10-17T17:44:18+05:30,7508,Present,62884,"-37.81431443906632, 144.96680208673934"
2025-10-18T04:17:39+05:30,2025-10-18T04:16:50+05:30,7792,Present,58014,"-37.817612595187065, 144.95413131088787"
2025-10-18T04:17:39+05:30,2025-10-18T02:47:29+05:30,7630,Present,51636,"-37.81618810680853, 144.9695346167088"
2025-10-18T04:17:39+05:30,2025-10-18T04:09:41+05:30,7630,Unoccupied,51640,"-37.81597029060062, 144.9694342944236"
2025-10-18T04:17:39+05:30,2025-10-18T03:14:36+05:30,7630,Present,51638,"-37.8160785137767, 144.9694841522899"
2025-10-18T04:17:39+05:30,2025-10-14T11:26:03+05:30,7253,Present,17436,"-37.81012047333607, 144.9756886076944"
2025-10-18T04:17:39+05:30,2025-10-14T11:02:48+05:30,7253,Present,17435,"-37.81008794630179, 144.97569398622227"
2025-10-18T04:17:39+05:30,2025-10-14T14:04:22+05:30,7253,Unoccupied,17429,"-37.80989306132335, 144.97572600850995"
2025-10-18T04:17:39+05:30,2025-10-14T11:09:23+05:30,7253,Present,17438,"-37.81018552605183, 144.97567785062242"
2025-10-18T04:17:39+05:30,2025-10-13T02:39:29+05:30,7253,Unoccupied,17441,"-37.810283032379985, 144.97566159211016"
2025-10-18T04:17:39+05:30,2025-10-14T15:11:33+05:30,7254,Unoccupied,17448,"-37.81039757723676, 144.97535659838871"
2025-10-18T04:17:39+05:30,2025-10-18T03:24:16+05:30,7280,Present,5921,"-37.81176718988252, 144.9750983743124"
2025-10-18T04:17:39+05:30,2025-10-18T03:52:55+05:30,7280,Present,5926,"-37.811847531083004, 144.9758455826177"
2025-10-18T04:17:39+05:30,2025-10-18T04:07:56+05:30,7280,Present,5923,"-37.81182447409775, 144.97563353533332"
2025-10-18T04:17:39+05:30,2025-10-18T03:46:20+05:30,7280,Present,5947,"-37.81190264930598, 144.97635194669076"
2025-10-18T04:17:39+05:30,2025-10-18T03:50:04+05:30,7280,Present,5924,"-37.81183232424732, 144.97570556872336"
2025-10-18T04:17:39+05:30,2025-10-18T04:09:02+05:30,7278,Unoccupied,5962,"-37.81213380713007, 144.97742213633714"
2025-10-18T04:17:39+05:30,2025-10-18T01:40:41+05:30,7278,Unoccupied,5965,"-37.81205745826814, 144.97672234723717"
2025-10-18T04:17:39+05:30,2025-10-17T17:09:44+05:30,7278,Present,5942,"-37.81203633215699, 144.976530326033"
2025-10-18T04:17:39+05:30,2025-10-05T10:08:40+05:30,7278,Present,5961,"-37.812140975123214, 144.97748766724575"
2025-10-18T04:17:39+05:30,2025-10-17T19:42:18+05:30,7278,Present,5941,"-37.812028715072756, 144.9764600950939"
2025-10-18T04:17:39+05:30,2025-10-18T00:14:43+05:30,7278,Unoccupied,5946,"-37.81207934675067, 144.97691974542658"
2025-10-18T04:17:39+05:30,2025-10-18T04:07:58+05:30,7278,Present,5927,"-37.81190422193974, 144.97532416705812"
2025-10-18T04:17:39+05:30,2025-10-18T04:08:18+05:30,7278,Unoccupied,5930,"-37.811928342607, 144.97554279926936"
2025-10-18T04:17:39+05:30,2024-11-03T14:49:03+05:30,7270,Present,24604,"-37.81167803138499, 144.9861086304088"
2025-10-18T04:17:39+05:30,2024-11-03T13:19:42+05:30,7270,Unoccupied,24595,"-37.811194546532676, 144.986190389159"
2025-10-18T04:17:39+05:30,2024-11-02T10:03:38+05:30,7255,Unoccupied,17928,"-37.81189356519752, 144.98694334668812"
2025-10-18T04:17:39+05:30,2024-11-03T09:36:25+05:30,7255,Unoccupied,17940,"-37.81198301678096, 144.98775320534077"
2025-10-18T04:17:39+05:30,2024-11-03T09:28:58+05:30,7255,Present,17930,"-37.81190847425309, 144.98707832298516"
2025-10-18T04:17:39+05:30,2024-11-01T11:28:14+05:30,7255,Present,17927,"-37.811886110842295, 144.9868758588587"
2025-10-18T04:17:39+05:30,2024-11-03T08:36:19+05:30,7255,Unoccupied,17932,"-37.811923383155346, 144.98721329934347"
2025-10-18T04:17:39+05:30,2024-11-03T11:35:27+05:30,7255,Unoccupied,17935,"-37.81194574600096, 144.98741576425527"
2025-10-18T04:17:39+05:30,2024-11-03T17:36:50+05:30,7255,Unoccupied,17922,"-37.81184883756141, 144.9865384182138"
2025-10-18T04:17:39+05:30,2024-11-03T12:45:03+05:30,7255,Unoccupied,17919,"-37.811826472780425, 144.98633595445511"
2025-10-18T04:17:39+05:30,2025-10-18T04:16:34+05:30,7247,Unoccupied,17462,"-37.81073975814428, 144.9765223495529"
2025-10-18T04:17:39+05:30,2025-10-18T03:52:11+05:30,7247,Present,17452,"-37.81066931439631, 144.97587520922048"
2025-10-18T04:17:39+05:30,2025-10-18T03:04:40+05:30,7247,Unoccupied,17463,"-37.81074692490306, 144.97658841133818"
2025-10-18T04:17:39+05:30,2025-10-17T17:38:29+05:30,7247,Unoccupied,17474,"-37.81087034733605, 144.97772244040857"
2025-10-18T04:17:39+05:30,2025-10-17T16:19:50+05:30,7247,Unoccupied,17515,"-37.81094996879011, 144.97674474286174"
2025-10-18T04:17:39+05:30,2025-10-18T02:05:29+05:30,7247,Unoccupied,17511,"-37.81092060298549, 144.97647600627818"
2025-10-18T04:17:39+05:30,2025-10-18T04:00:28+05:30,7402,Unoccupied,50818,"-37.814448830032916, 144.97174636306153"
2025-10-18T04:17:39+05:30,2025-10-18T00:59:46+05:30,7258,Unoccupied,22946,"-37.810756490325865, 144.97804723001065"
2025-10-18T04:17:39+05:30,2025-10-18T03:20:01+05:30,7258,Unoccupied,22945,"-37.810711795761215, 144.97805469947485"
2025-10-18T04:17:39+05:30,2025-10-18T02:30:46+05:30,7259,Unoccupied,23018,"-37.8114507118585, 144.97793149800404"
2025-10-18T04:17:39+05:30,2025-10-17T16:20:40+05:30,7258,Unoccupied,22870,"-37.81058867414676, 144.97831165218793"
2025-10-18T04:17:39+05:30,2025-10-18T02:42:54+05:30,7258,Unoccupied,23022,"-37.81079078746573, 144.9782811050645"
2025-10-18T04:17:39+05:30,2025-10-17T16:27:18+05:30,7258,Unoccupied,23036,"-37.81068840095509, 144.9782985151345"
2025-10-18T04:17:39+05:30,2025-10-17T19:06:52+05:30,7258,Unoccupied,23029,"-37.81043515424458, 144.97833768694665"
2025-10-18T04:17:39+05:30,2024-11-03T13:35:23+05:30,7271,Unoccupied,18149,"-37.81159024126923, 144.9885524432267"
2025-10-18T04:17:39+05:30,2024-10-01T09:25:53+05:30,7271,Present,18142,"-37.811243020105024, 144.9886119024162"
2025-10-18T04:17:39+05:30,2025-10-18T03:31:37+05:30,7556,Unoccupied,65128,"-37.810245961509196, 144.96921394363216"
2025-10-18T04:17:39+05:30,2025-06-02T09:54:38+05:30,7768,Unoccupied,65521,"-37.813317682238676, 144.95836438291389"
2025-10-18T04:17:39+05:30,2024-02-29T07:48:20+05:30,,Present,7605,"-37.810384294451374, 144.95847259942013"
2025-10-18T04:17:39+05:30,2025-10-18T04:13:49+05:30,7503,Present,67215,"-37.81122572685261, 144.95801049557127"
2025-10-18T04:17:39+05:30,2025-10-18T03:48:32+05:30,7547,Unoccupied,66453,"-37.81324417394733, 144.95518414951619"
2025-10-18T04:17:39+05:30,2025-10-18T03:22:24+05:30,7438,Unoccupied,60731,"-37.82060499655505, 144.95707454621757"
2025-10-18T04:17:39+05:30,2025-10-18T03:33:26+05:30,7638,Present,51924,"-37.81360118807328, 144.968463917686"
2025-10-18T04:17:39+05:30,2025-10-18T03:31:30+05:30,7764,Unoccupied,65024,"-37.80973872185618, 144.97061187394345"
2025-10-18T04:17:39+05:30,2025-10-17T15:38:26+05:30,7570,Present,65064,"-37.809902739158495, 144.97038501828393"
2025-10-18T04:17:39+05:30,2025-10-17T18:44:54+05:30,7614,Present,54626,"-37.81181879391245, 144.95924947268915"
2025-10-18T04:17:39+05:30,2025-10-18T03:24:26+05:30,7359,Present,61925,"-37.815102962244424, 144.96759522720404"
2025-10-18T04:17:39+05:30,2025-10-18T02:28:58+05:30,,Present,61934,"-37.815301568828914, 144.96691916880764"
2025-10-18T04:17:39+05:30,2025-10-18T04:15:45+05:30,7627,Unoccupied,52317,"-37.809278658077574, 144.96660869692508"
2025-10-18T04:17:39+05:30,2025-10-17T23:24:42+05:30,7474,Unoccupied,56711,"-37.819058968305484, 144.95707939795471"
2025-10-18T04:17:39+05:30,2025-10-18T04:11:04+05:30,7474,Present,56710,"-37.819103666167436, 144.95710014091696"
2025-10-18T04:17:39+05:30,2025-10-18T03:35:14+05:30,7478,Unoccupied,56612,"-37.81989098642812, 144.95746372599973"
2025-10-18T04:17:39+05:30,2025-10-18T03:38:19+05:30,7478,Unoccupied,56613,"-37.819837521751, 144.9574391579276"
2025-10-18T04:17:39+05:30,2025-10-18T01:15:11+05:30,7624,Unoccupied,57315,"-37.812932272699, 144.95426075965474"
2025-10-18T04:17:39+05:30,2024-04-17T02:42:37+05:30,,Unoccupied,57231,"-37.81367830200414, 144.95435473399652"
2025-10-18T04:17:39+05:30,2025-10-18T04:13:44+05:30,7358,Unoccupied,61831,"-37.81458906314437, 144.96934803852986"
2025-10-18T04:17:39+05:30,2025-10-18T04:16:04+05:30,7358,Present,61829,"-37.81454555624267, 144.96949846915024"
2025-10-18T04:17:39+05:30,2025-10-18T03:57:25+05:30,7363,Present,61823,"-37.81439652965871, 144.97000768448848"
2025-10-18T04:17:39+05:30,2025-10-17T18:05:08+05:30,7542,Unoccupied,66330,"-37.81252513967289, 144.95752304014775"
2025-10-18T04:17:39+05:30,2025-10-17T18:08:40+05:30,7542,Unoccupied,66329,"-37.812506622098226, 144.95758705677792"
2025-10-18T04:17:39+05:30,2024-04-09T11:56:11+05:30,7938,Present,23853,"-37.81177122238094, 144.95233414051393"
2025-10-18T04:17:39+05:30,2024-04-09T10:25:35+05:30,7938,Unoccupied,23855,"-37.81180757378434, 144.95220579835848"
2025-10-18T04:17:39+05:30,2025-10-18T03:14:00+05:30,7725,Present,9583,"-37.80405160418521, 144.9495431284868"
2025-10-18T04:17:39+05:30,2025-10-18T01:55:11+05:30,7725,Present,9602,"-37.8043506453774, 144.9492992339239"
2025-10-18T04:17:39+05:30,2025-10-18T04:09:21+05:30,7725,Unoccupied,9614,"-37.804040512827484, 144.9493538484536"
2025-10-18T04:17:39+05:30,2024-06-27T11:55:16+05:30,7753,Unoccupied,9638,"-37.80505021640502, 144.94837932386784"
2025-10-18T04:17:39+05:30,2024-06-27T12:38:24+05:30,7753,Unoccupied,9646,"-37.805078584473186, 144.94863255977103"
2025-10-18T04:17:39+05:30,2025-10-17T16:05:55+05:30,7981,Unoccupied,10889,"-37.80550440780396, 144.9502186245861"
2025-10-18T04:17:39+05:30,2025-10-17T14:43:58+05:30,7981,Unoccupied,10925,"-37.80538386973119, 144.95012639522247"
2025-10-18T04:17:39+05:30,2025-03-04T02:52:13+05:30,7766,Unoccupied,12093,"-37.8005704233594, 144.95403825459493"
2025-10-18T04:17:39+05:30,2025-10-18T04:15:12+05:30,7559,Unoccupied,64234,"-37.81088357307434, 144.97075309929193"
2025-10-18T04:17:39+05:30,2025-10-18T01:26:03+05:30,7512,Present,62642,"-37.81248804694738, 144.97302357356688"
2025-10-18T04:17:39+05:30,2025-10-18T03:14:11+05:30,7594,Present,54336,"-37.814210792106685, 144.96033506784264"
2025-10-18T04:17:39+05:30,2025-10-18T03:52:15+05:30,,Unoccupied,64049,"-37.81625035038056, 144.95650205067005"
2025-10-18T04:17:39+05:30,2025-10-18T04:13:19+05:30,7356,Unoccupied,61930,"-37.81520998207401, 144.96723211000312"
2025-10-18T04:17:39+05:30,2025-10-18T04:16:48+05:30,7766,Unoccupied,12080,"-37.80051563850027, 144.953770758436"
2025-10-18T04:17:39+05:30,2025-10-18T03:31:08+05:30,7563,Unoccupied,65811,"-37.80847867623247, 144.97137101372425"
2025-10-18T04:17:39+05:30,2025-10-18T04:06:19+05:30,7592,Unoccupied,53935,"-37.818214172168936, 144.96217590301762"
2025-10-18T04:17:39+05:30,2025-10-18T03:51:50+05:30,7592,Present,53941,"-37.81805192407127, 144.96210144126218"
2025-10-18T04:17:39+05:30,2025-10-18T04:16:00+05:30,7757,Present,22021,"-37.799179212075586, 144.9536675138399"
2025-10-18T04:17:39+05:30,2025-10-18T01:46:40+05:30,7551,Unoccupied,65466,"-37.812808167284715, 144.9604105310459"
2025-10-18T04:17:39+05:30,2025-10-18T03:19:26+05:30,7186,Present,18626,"-37.82104865107159, 144.94339948999047"
2025-10-18T04:17:39+05:30,2025-10-18T03:16:55+05:30,7186,Present,18622,"-37.82111916464275, 144.94295135358377"
2025-10-18T04:17:39+05:30,2025-10-18T02:06:41+05:30,7197,Unoccupied,20917,"-37.82042089670753, 144.94542033515108"
2025-10-18T04:17:39+05:30,2024-12-24T15:09:47+05:30,7202,Unoccupied,20595,"-37.81962576701123, 144.94705243729462"
2025-10-18T04:17:39+05:30,2024-12-25T09:49:27+05:30,7202,Unoccupied,20599,"-37.820517767023446, 144.9472064257968"
2025-10-18T04:17:39+05:30,2024-12-25T07:24:54+05:30,7202,Present,21488,"-37.81989904504822, 144.94697696185258"
2025-10-18T04:17:39+05:30,2025-01-09T18:39:48+05:30,7434,Unoccupied,60424,"-37.8185430579414, 144.96338738698418"
2025-10-18T04:17:39+05:30,2025-10-18T03:58:28+05:30,7434,Unoccupied,60425,"-37.81856131050917, 144.9633232948234"
2025-10-18T04:17:39+05:30,2025-10-18T03:01:46+05:30,,Present,61514,"-37.818882455227026, 144.9587045572627"
2025-10-18T04:17:39+05:30,2025-10-18T03:49:56+05:30,,Present,61533,"-37.818853903812, 144.95915015842814"
2025-10-18T04:17:39+05:30,2025-10-18T04:10:42+05:30,7522,Unoccupied,64732,"-37.8141251853708, 144.959856656039"
2025-10-18T04:17:39+05:30,2025-10-18T03:27:41+05:30,7522,Unoccupied,64731,"-37.81410625753465, 144.95992239163894"
2025-10-18T04:17:39+05:30,2025-10-18T02:58:32+05:30,7167,Present,17482,"-37.82034974326481, 144.94172038950103"
2025-10-18T04:17:39+05:30,2025-10-17T15:06:30+05:30,7214,Unoccupied,20922,"-37.82026702060972, 144.94602948689106"
2025-10-18T04:17:39+05:30,2025-10-17T16:01:12+05:30,7161,Unoccupied,20572,"-37.82050057805256, 144.95119741111756"
2025-10-18T04:17:39+05:30,2025-10-17T13:10:48+05:30,7161,Present,20581,"-37.8211446831276, 144.95170852764213"
2025-10-18T04:17:39+05:30,2025-10-17T19:27:10+05:30,7161,Unoccupied,20583,"-37.82123622769609, 144.95178103850878"
2025-10-18T04:17:39+05:30,2024-12-25T04:56:36+05:30,7165,Unoccupied,15328,"-37.81868158999858, 144.94813305717116"
2025-10-18T04:17:39+05:30,2024-12-25T07:17:08+05:30,7165,Present,15334,"-37.81874137382407, 144.94792655502627"
2025-10-18T04:17:39+05:30,2025-10-17T18:02:46+05:30,7178,Unoccupied,13403,"-37.81993624888711, 144.94344787331164"
2025-10-18T04:17:39+05:30,2025-10-18T03:14:01+05:30,7178,Present,13427,"-37.81994955721967, 144.9430957375174"
2025-10-18T04:17:39+05:30,2025-10-18T04:10:22+05:30,7178,Present,13429,"-37.81991234423025, 144.9432236994868"
2025-10-18T04:17:39+05:30,2025-10-18T04:14:58+05:30,7178,Unoccupied,13401,"-37.81995237378518, 144.94339242408512"
2025-10-18T04:17:39+05:30,2024-02-21T02:52:59+05:30,,Unoccupied,22972,"-37.81030926514917, 144.95584442672424"
2025-10-18T04:17:39+05:30,2025-10-18T01:39:42+05:30,7188,Present,17716,"-37.8202956579312, 144.93955682551837"
2025-10-18T04:17:39+05:30,2025-10-18T03:38:52+05:30,7188,Present,17718,"-37.820328984140914, 144.93969599363925"
2025-10-18T04:17:39+05:30,2025-10-18T03:30:48+05:30,7593,Present,53946,"-37.8184925684276, 144.96217929229044"
2025-10-18T04:17:39+05:30,2025-10-17T16:40:04+05:30,7226,Unoccupied,23385,"-37.8129609725423, 144.94058022988747"
2025-10-18T04:17:39+05:30,2025-10-18T03:50:55+05:30,7417,Present,61644,"-37.81983178241323, 144.95574398443216"
2025-10-18T04:17:39+05:30,2025-06-02T15:07:09+05:30,7575,Unoccupied,65624,"-37.814125449194, 144.95553953521332"
2025-10-18T04:17:39+05:30,2025-06-02T13:36:48+05:30,7571,Present,65668,"-37.81425974119931, 144.95541478498689"
2025-10-18T04:17:39+05:30,2025-10-18T03:10:50+05:30,7451,Present,60223,"-37.817112738406614, 144.96830048793075"
2025-10-18T04:17:39+05:30,2025-10-18T00:47:42+05:30,,Present,60240,"-37.81713754964143, 144.9688906636418"
2025-10-18T04:17:39+05:30,2025-10-18T03:21:33+05:30,7362,Present,62324,"-37.81802426809904, 144.9575169984426"
2025-10-18T04:17:39+05:30,2025-10-17T15:58:07+05:30,7251,Unoccupied,16415,"-37.809668877240526, 144.98110632910758"
2025-10-18T04:17:39+05:30,2025-10-18T03:30:23+05:30,7721,Present,24047,"-37.80485302791918, 144.95725779308742"
2025-10-18T04:17:39+05:30,2025-10-16T12:36:15+05:30,7721,Present,23971,"-37.80467502417579, 144.9572892331941"
2025-10-18T04:17:39+05:30,2025-10-17T11:41:40+05:30,7721,Present,23977,"-37.80452245117901, 144.9573161816785"
2025-10-18T04:17:39+05:30,2025-10-18T03:50:56+05:30,7716,Present,23980,"-37.80444616422047, 144.95732965645493"
2025-10-18T04:17:39+05:30,2025-10-18T02:50:17+05:30,7716,Present,9433,"-37.80468876939039, 144.95740098398056"
2025-10-18T04:17:39+05:30,2024-12-25T09:11:02+05:30,7163,Unoccupied,21371,"-37.8201632891837, 144.94866249907489"
2025-10-18T04:17:39+05:30,2024-12-25T07:01:56+05:30,7163,Present,24001,"-37.81999361630185, 144.94865597937695"
2025-10-18T04:17:39+05:30,2024-12-25T09:20:49+05:30,7163,Present,24002,"-37.820049911318065, 144.94865802884766"
2025-10-18T04:17:39+05:30,2025-10-18T02:53:43+05:30,7178,Unoccupied,13424,"-37.81964805208817, 144.94444535775435"
2025-10-18T04:17:39+05:30,2025-10-18T03:48:43+05:30,7195,Present,24274,"-37.813134832741156, 144.94236122619014"
2025-10-18T04:17:39+05:30,2025-10-18T03:57:52+05:30,7195,Present,24277,"-37.813205028322514, 144.9421770792953"
2025-10-18T04:17:39+05:30,2025-10-18T04:04:08+05:30,7195,Present,24279,"-37.81325187269492, 144.94205417285642"
2025-10-18T04:17:39+05:30,2025-10-18T03:57:02+05:30,7547,Unoccupied,66444,"-37.81306290602367, 144.95582076865196"
2025-10-18T04:17:39+05:30,2025-10-17T02:56:10+05:30,7674,Unoccupied,51820,"-37.813960062508556, 144.96875447706643"
2025-10-18T04:17:39+05:30,2025-10-18T03:37:03+05:30,7628,Present,51818,"-37.81406166881729, 144.96880104997948"
2025-10-18T04:17:39+05:30,2025-10-18T04:10:48+05:30,7400,Present,50932,"-37.813609073228754, 144.97118684925354"
2025-10-18T04:17:39+05:30,2025-10-18T04:09:28+05:30,7396,Present,51153,"-37.811451345267386, 144.97019100455472"
2025-10-18T04:17:39+05:30,2025-10-18T03:30:59+05:30,7536,Unoccupied,62735,"-37.813643981333755, 144.9689462695072"
2025-10-18T04:17:39+05:30,2025-10-14T15:15:17+05:30,7253,Unoccupied,17437,"-37.810152999469054, 144.97568322914884"
2025-10-18T04:17:39+05:30,2025-10-14T10:54:53+05:30,7253,Present,17430,"-37.80992531294306, 144.97572087935964"
2025-10-18T04:17:39+05:30,2025-10-14T15:16:22+05:30,7254,Unoccupied,17449,"-37.8104511556963, 144.97534752018657"
2025-10-18T04:17:39+05:30,2025-10-18T01:20:36+05:30,7278,Present,5929,"-37.81191989652001, 144.97546604955306"
2025-10-18T04:17:39+05:30,2025-10-18T01:57:31+05:30,7278,Unoccupied,5936,"-37.811990634747715, 144.9761126548563"
2025-10-18T04:17:39+05:30,2025-10-18T02:58:34+05:30,,Unoccupied,5959,"-37.81215577410835, 144.9776229495718"
2025-10-18T04:17:39+05:30,2024-11-03T14:34:43+05:30,7270,Present,24601,"-37.81151601553566, 144.9861360235867"
2025-10-18T04:17:39+05:30,2025-10-18T04:02:38+05:30,7247,Present,17472,"-37.81085653337642, 144.9775952070174"
2025-10-18T04:17:39+05:30,2025-10-17T16:08:53+05:30,7247,Unoccupied,17514,"-37.810942795326454, 144.97667853054583"
2025-10-18T04:17:39+05:30,2025-10-17T17:35:32+05:30,7247,Present,24620,"-37.81090579887784, 144.97634115083747"
2025-10-18T04:17:39+05:30,2025-10-18T04:15:22+05:30,7402,Present,50817,"-37.814503291490865, 144.97177166122975"
2025-10-18T04:17:39+05:30,2025-10-17T16:19:43+05:30,7258,Unoccupied,22947,"-37.810164552190635, 144.97814572352434"
2025-10-18T04:17:39+05:30,2025-10-18T03:49:47+05:30,7258,Unoccupied,22943,"-37.810442933449934, 144.97809977955262"
2025-10-18T04:17:39+05:30,2024-04-04T03:46:19+05:30,7537,Present,63347,"-37.81774479847577, 144.95502301361205"
2025-10-18T04:17:39+05:30,2024-04-04T04:55:21+05:30,7537,Unoccupied,63346,"-37.817726326577485, 144.95508703692184"
2025-10-18T04:17:39+05:30,2025-10-18T03:20:01+05:30,7537,Unoccupied,63340,"-37.81760931195645, 144.95549253042145"
2025-10-18T04:17:39+05:30,2025-10-18T03:53:59+05:30,7528,Present,63148,"-37.81647647786581, 144.9593880347058"
2025-10-18T04:17:39+05:30,2025-10-18T03:46:02+05:30,7334,Present,63512,"-37.812174109350416, 144.9699768645677"
2025-10-18T04:17:39+05:30,2025-10-17T20:03:12+05:30,,Unoccupied,63542,"-37.81230375758987, 144.97008788741155"
2025-10-18T04:17:39+05:30,2025-10-18T03:50:14+05:30,7320,Unoccupied,63546,"-37.812378921136535, 144.9698324373617"
2025-10-18T04:17:39+05:30,2025-10-13T16:42:45+05:30,,Present,63543,"-37.81232257207527, 144.97002413130525"
2025-10-18T04:17:39+05:30,2025-10-18T04:07:32+05:30,7320,Unoccupied,63544,"-37.81234132631971, 144.96996016217224"
2025-10-18T04:17:39+05:30,2025-10-18T03:53:08+05:30,,Unoccupied,64110,"-37.816461544831355, 144.95513526666156"
2025-10-18T04:17:39+05:30,2025-10-18T04:03:17+05:30,7335,Unoccupied,64113,"-37.816532645546374, 144.95488564703214"
2025-10-18T04:17:39+05:30,2025-10-18T04:16:42+05:30,,Unoccupied,62434,"-37.81887368145436, 144.9545486799141"
2025-10-18T04:17:39+05:30,2025-10-18T03:56:12+05:30,7377,Present,57743,"-37.820240787126615, 144.95569529602255"
2025-10-18T04:17:39+05:30,2025-10-18T04:16:00+05:30,7368,Present,57738,"-37.820493205830815, 144.95581543628026"
2025-10-18T04:17:39+05:30,2025-10-17T19:07:48+05:30,7265,Unoccupied,17963,"-37.810098725204256, 144.97271946118724"
2025-10-18T04:17:39+05:30,2025-10-18T04:09:06+05:30,7245,Unoccupied,18825,"-37.80951686865863, 144.97477198568282"
2025-10-18T04:17:39+05:30,2025-10-18T04:09:58+05:30,7245,Present,25014,"-37.809460151613635, 144.97426643952736"
2025-10-18T04:17:39+05:30,2025-10-17T16:03:37+05:30,7245,Unoccupied,25009,"-37.80942204529596, 144.97391364378853"
2025-10-18T04:17:39+05:30,2025-10-16T03:23:25+05:30,7245,Present,25007,"-37.809406731091684, 144.97377186435529"
2025-10-18T04:17:39+05:30,2025-10-18T02:59:37+05:30,7245,Present,25005,"-37.80939141776262, 144.97363017186763"
2025-10-18T04:17:39+05:30,2025-10-18T04:13:09+05:30,7244,Unoccupied,24996,"-37.80932941602099, 144.97433146612897"
2025-10-18T04:17:39+05:30,2025-10-18T03:54:20+05:30,7269,Present,17508,"-37.81151861477163, 144.97538922821744"
2025-10-18T04:17:39+05:30,2025-10-18T04:10:10+05:30,7269,Unoccupied,17504,"-37.81112466079, 144.97545089882377"
2025-10-18T04:17:39+05:30,2025-10-18T00:31:01+05:30,7269,Unoccupied,17502,"-37.811011130298965, 144.97546868494481"
2025-10-18T04:17:39+05:30,2025-10-18T03:21:04+05:30,7269,Present,24991,"-37.81097355405073, 144.97558500629006"
2025-10-18T04:17:39+05:30,2025-10-18T02:01:17+05:30,7269,Unoccupied,24990,"-37.81102613754571, 144.97557593985408"
2025-10-18T04:17:39+05:30,2025-10-18T02:01:17+05:30,7269,Unoccupied,24988,"-37.811138752277614, 144.9755564875249"
2025-10-18T04:17:39+05:30,2025-10-18T03:52:57+05:30,7269,Present,24986,"-37.811247878086405, 144.97553764335856"
2025-10-18T04:17:39+05:30,2025-10-18T04:13:14+05:30,7642,Unoccupied,58210,"-37.81637336452581, 144.95304491722038"
2025-10-18T04:17:39+05:30,2025-10-18T04:03:56+05:30,7646,Unoccupied,58118,"-37.81739501171731, 144.95351225867483"
2025-10-18T04:17:39+05:30,2025-10-18T04:02:17+05:30,7646,Unoccupied,58120,"-37.81729431696377, 144.95346589250374"
2025-10-18T04:17:39+05:30,2025-10-18T01:18:37+05:30,7644,Present,58115,"-37.81754721494184, 144.95358230242027"
2025-10-18T04:17:39+05:30,2025-10-18T04:16:46+05:30,7646,Unoccupied,58119,"-37.81734412452362, 144.9534887894613"
2025-10-18T04:17:39+05:30,2025-10-18T04:15:14+05:30,7644,Unoccupied,58114,"-37.81761390352028, 144.95361436708527"
2025-10-18T04:17:39+05:30,2025-10-18T03:27:00+05:30,7339,Present,63924,"-37.81550058691079, 144.9585546021399"
2025-10-18T04:17:39+05:30,2025-10-18T04:16:34+05:30,7241,Unoccupied,7500,"-37.809655479639915, 144.97728598796425"
2025-10-18T04:17:39+05:30,2025-10-18T03:44:27+05:30,7241,Present,7494,"-37.809698406203395, 144.97769118268707"
2025-10-18T04:17:39+05:30,2025-10-17T15:12:44+05:30,7236,Unoccupied,7837,"-37.80982590764906, 144.977613224617"
2025-10-18T04:17:39+05:30,2025-10-16T19:48:19+05:30,7236,Unoccupied,7846,"-37.809742964199515, 144.97685058369424"
2025-10-18T04:17:39+05:30,2025-10-17T16:20:07+05:30,7236,Unoccupied,7853,"-37.809684226035294, 144.97631054158865"
2025-10-18T04:17:39+05:30,2025-10-17T01:39:47+05:30,7236,Unoccupied,7850,"-37.80970625335705, 144.97651305620022"
2025-10-18T04:17:39+05:30,2025-10-16T19:48:23+05:30,7236,Unoccupied,7842,"-37.80977232967913, 144.97712060652867"
2025-10-18T04:17:39+05:30,2025-10-17T17:10:12+05:30,7236,Unoccupied,7487,"-37.809833249091454, 144.97768072350834"
2025-10-18T04:17:39+05:30,2025-10-16T03:48:25+05:30,7236,Unoccupied,7845,"-37.809750306065084, 144.97691808921945"
2025-10-18T04:17:39+05:30,2025-10-18T03:56:38+05:30,7236,Unoccupied,7839,"-37.80980904058886, 144.97745813357835"
2025-10-18T04:17:39+05:30,2025-10-16T17:13:27+05:30,7236,Unoccupied,7840,"-37.809787015767654, 144.97725561718653"
2025-10-18T04:17:39+05:30,2025-10-17T14:57:01+05:30,7236,Unoccupied,7844,"-37.80975764836222, 144.97698559422923"
2025-10-18T04:17:39+05:30,2025-10-18T02:25:10+05:30,7239,Present,7879,"-37.81014496183654, 144.98046793461356"
2025-10-18T04:17:39+05:30,2025-10-17T16:38:54+05:30,7239,Unoccupied,7865,"-37.81004133865092, 144.9795247962354"
2025-10-18T04:17:39+05:30,2025-10-17T16:23:07+05:30,7239,Unoccupied,7858,"-37.80998955218696, 144.97905432038945"
2025-10-18T04:17:39+05:30,2025-10-18T01:03:12+05:30,7239,Unoccupied,7872,"-37.81009441621573, 144.98001137397915"
2025-10-18T04:17:39+05:30,2025-10-17T19:16:35+05:30,7239,Unoccupied,7878,"-37.81013766725299, 144.98040223420435"
2025-10-18T04:17:39+05:30,2025-10-17T20:27:09+05:30,7239,Unoccupied,7881,"-37.81015925751431, 144.98059660544698"
2025-10-18T04:17:39+05:30,2025-10-17T23:25:22+05:30,7237,Unoccupied,16425,"-37.810096455069626, 144.98135251608676"
2025-10-18T04:17:39+05:30,2025-10-18T02:34:23+05:30,7237,Present,16436,"-37.81014861994468, 144.98182133513234"
2025-10-18T04:17:39+05:30,2025-10-17T18:45:18+05:30,7237,Unoccupied,16427,"-37.81008145056822, 144.98121755605683"
2025-10-18T04:17:39+05:30,2025-10-17T18:50:21+05:30,7234,Unoccupied,16433,"-37.8101711258021, 144.98202377135044"
2025-10-18T04:17:39+05:30,2024-11-03T08:27:21+05:30,7246,Present,17562,"-37.8109183099499, 144.98725915230997"
2025-10-18T04:17:39+05:30,2024-11-02T17:45:13+05:30,7246,Present,17552,"-37.810992328282985, 144.9879341185603"
2025-10-18T04:17:39+05:30,2024-11-03T12:42:12+05:30,7246,Unoccupied,17550,"-37.81100711352086, 144.9880691171183"
2025-10-18T04:17:39+05:30,2024-10-30T04:25:23+05:30,7246,Present,17567,"-37.810881374360335, 144.98692166074048"
2025-10-18T04:17:39+05:30,2025-10-18T03:09:16+05:30,7243,Unoccupied,20633,"-37.8108910241745, 144.98358661241565"
2025-10-18T04:17:39+05:30,2025-10-18T02:40:53+05:30,7243,Unoccupied,20634,"-37.81083563445006, 144.9835957644117"
2025-10-18T04:17:39+05:30,2025-10-18T02:13:38+05:30,7243,Unoccupied,20632,"-37.810946413437264, 144.98357746093495"
2025-10-18T04:17:39+05:30,2025-10-18T03:41:40+05:30,7243,Present,20636,"-37.81072485680764, 144.98361406645805"
2025-10-18T04:17:39+05:30,2025-10-18T03:57:46+05:30,7250,Present,25124,"-37.81114814491778, 144.98330307810838"
2025-10-18T04:17:39+05:30,2025-10-18T02:48:25+05:30,7250,Present,25121,"-37.811307735286704, 144.98327682946746"
2025-10-18T04:17:39+05:30,2025-10-18T02:09:36+05:30,7250,Present,25120,"-37.81136809743835, 144.9832669087227"
2025-10-18T04:17:39+05:30,2024-09-11T15:06:41+05:30,7250,Present,25117,"-37.81183999625059, 144.98318655263833"
2025-10-18T04:17:39+05:30,2025-10-18T03:34:03+05:30,7250,Present,25115,"-37.811948524327406, 144.98316853256844"
2025-10-18T04:17:39+05:30,2025-10-18T03:52:15+05:30,7250,Present,25111,"-37.812154855912276, 144.98313424542192"
2025-10-18T04:17:39+05:30,2025-10-17T16:12:43+05:30,7250,Unoccupied,25105,"-37.81246660354286, 144.98308267773297"
2025-10-18T04:17:39+05:30,2025-10-17T16:27:25+05:30,7250,Unoccupied,25103,"-37.81257027579838, 144.9830656005944"
2025-10-18T04:17:39+05:30,2025-10-17T16:01:18+05:30,7250,Unoccupied,25098,"-37.81292952528717, 144.98300526940065"
2025-10-18T04:17:39+05:30,2025-10-17T15:49:33+05:30,7250,Unoccupied,25095,"-37.813084401659935, 144.98297926102595"
2025-10-18T04:17:39+05:30,2025-10-17T18:31:43+05:30,7250,Unoccupied,25094,"-37.813136067545116, 144.9829703911222"
2025-10-18T04:17:39+05:30,2025-10-17T16:19:28+05:30,7250,Unoccupied,25092,"-37.81323915515529, 144.98295281778047"
2025-10-18T04:17:39+05:30,2025-10-17T16:32:14+05:30,7250,Unoccupied,25091,"-37.81329045746279, 144.98294407277865"
2025-10-18T04:17:39+05:30,2025-10-17T18:00:30+05:30,7250,Unoccupied,25089,"-37.813394059847525, 144.98292636162552"
2025-10-18T04:17:39+05:30,2025-10-17T15:46:33+05:30,7250,Unoccupied,25082,"-37.81458134662349, 144.98272325584662"
2025-10-18T04:17:39+05:30,2025-10-17T16:40:40+05:30,7250,Unoccupied,25080,"-37.81447715309443, 144.98274110780673"
2025-10-18T04:17:39+05:30,2025-10-17T16:44:05+05:30,7250,Unoccupied,25076,"-37.814270108503734, 144.98277664685122"
2025-10-18T04:17:39+05:30,2025-10-17T15:53:01+05:30,7250,Unoccupied,25074,"-37.81416745867731, 144.98279432338995"
2025-10-18T04:17:39+05:30,2025-10-18T02:46:10+05:30,7250,Unoccupied,25063,"-37.81509710741602, 144.9826348354086"
2025-10-18T04:17:39+05:30,2025-10-18T03:45:24+05:30,7250,Present,25058,"-37.81535520171211, 144.98259065288153"
2025-10-18T04:17:39+05:30,2025-10-18T03:50:42+05:30,7362,Present,62326,"-37.8180617830255, 144.95738607145614"
2025-10-18T04:17:39+05:30,2025-10-18T03:40:44+05:30,7362,Present,62325,"-37.81804341460115, 144.95745016149868"
2025-10-18T04:17:39+05:30,2025-10-18T04:15:31+05:30,7333,Unoccupied,63066,"-37.81561155412429, 144.96240712629918"
2025-10-18T04:17:39+05:30,2025-10-18T04:13:51+05:30,,Unoccupied,63013,"-37.81533098213401, 144.96315750135415"
2025-10-18T04:17:39+05:30,2025-10-18T03:50:33+05:30,7264,Present,10972,"-37.81399372704034, 144.9777442225083"
2025-10-18T04:17:39+05:30,2025-09-03T09:44:58+05:30,7301,Unoccupied,17244,"-37.816093877872106, 144.9758571729573"
2025-10-18T04:17:39+05:30,2025-09-03T14:36:43+05:30,7301,Unoccupied,17242,"-37.81610354289879, 144.97592503342088"
2025-10-18T04:17:39+05:30,2025-08-01T04:18:13+05:30,7301,Unoccupied,17202,"-37.816006232236916, 144.97521140001442"
2025-10-18T04:17:39+05:30,2025-09-03T14:14:22+05:30,7301,Present,17206,"-37.81600135398523, 144.97517568309578"
2025-10-18T04:17:39+05:30,2025-08-28T07:11:12+05:30,7301,Unoccupied,17205,"-37.816010859221436, 144.9752452716608"
2025-10-18T04:17:39+05:30,2025-10-18T03:28:17+05:30,,Present,55320,"-37.81098643400793, 144.95740998831684"
2025-10-18T04:17:39+05:30,2025-10-17T11:49:19+05:30,7412,Present,60940,"-37.81512930115561, 144.97162362345705"
2025-10-18T04:17:39+05:30,2025-10-18T03:47:32+05:30,7412,Present,60941,"-37.8151480782986, 144.9715596578746"
2025-10-18T04:17:39+05:30,2025-10-18T03:26:44+05:30,7548,Unoccupied,65848,"-37.80869320242594, 144.97080221895555"
2025-10-18T04:17:39+05:30,2025-10-17T15:49:23+05:30,7156,Present,25368,"-37.81359602693607, 144.94181952287022"
2025-10-18T04:17:39+05:30,2025-10-18T04:12:49+05:30,7156,Present,25367,"-37.81362990096865, 144.94187183007364"
2025-10-18T04:17:39+05:30,2025-10-18T03:58:52+05:30,7156,Present,25366,"-37.81366408671927, 144.94192461336334"
2025-10-18T04:17:39+05:30,2025-10-18T01:20:26+05:30,7454,Unoccupied,60027,"-37.81578393515007, 144.97281184324999"
2025-10-18T04:17:39+05:30,2025-10-18T03:43:30+05:30,7454,Present,60029,"-37.81582116124278, 144.97268387669027"
2025-10-18T04:17:39+05:30,2025-10-18T04:10:11+05:30,7401,Present,50848,"-37.814730044095555, 144.9717067058268"
2025-10-18T04:17:39+05:30,2025-10-18T04:16:48+05:30,7514,Unoccupied,64571,"-37.813089007798425, 144.96338423746914"
2025-10-18T04:17:39+05:30,2025-10-18T03:46:51+05:30,7514,Unoccupied,64567,"-37.813003245466476, 144.9636755237502"
2025-10-18T04:17:39+05:30,2025-10-18T03:31:56+05:30,7514,Unoccupied,64568,"-37.81302476027379, 144.96360245218452"
2025-10-18T04:17:39+05:30,2025-10-18T04:15:37+05:30,,Present,64561,"-37.812815052153624, 144.96432167539115"
2025-10-18T04:17:39+05:30,2025-10-18T03:29:40+05:30,7514,Present,64562,"-37.81283520704599, 144.96425294976993"
2025-10-18T04:17:39+05:30,2025-10-09T04:16:46+05:30,7412,Present,60956,"-37.815598186166916, 144.97002596589294"
2025-10-18T04:17:39+05:30,2024-04-05T06:55:45+05:30,,Unoccupied,61018,"-37.815997166958276, 144.9686962055173"
2025-10-18T04:17:39+05:30,2024-04-02T08:33:39+05:30,,Unoccupied,61021,"-37.816056636061404, 144.96849144535554"
2025-10-18T04:17:39+05:30,2025-10-18T03:39:51+05:30,7345,Present,63627,"-37.813191196905024, 144.9666045618266"
2025-10-18T04:17:39+05:30,2025-10-18T00:43:09+05:30,7345,Unoccupied,63620,"-37.813059073903574, 144.96705394098714"
2025-10-18T04:17:39+05:30,2025-10-17T04:57:56+05:30,7345,Present,63619,"-37.813040286208015, 144.9671178334175"
2025-10-18T04:17:39+05:30,2025-10-18T03:44:53+05:30,7533,Unoccupied,62657,"-37.81280256275539, 144.97194862892616"
2025-10-18T04:17:39+05:30,2025-10-18T03:28:44+05:30,7334,Present,63533,"-37.81264334630859, 144.968383385658"
2025-10-18T04:17:39+05:30,2025-10-18T03:17:31+05:30,7362,Unoccupied,62340,"-37.81789028655849, 144.95855355638022"
2025-10-18T04:17:39+05:30,2023-10-10T03:38:05+05:30,,Unoccupied,20749,"-37.81951519436584, 144.95686302358183"
2025-10-18T04:17:39+05:30,2025-10-18T02:56:11+05:30,7631,Unoccupied,51633,"-37.81638151400121, 144.96962372257985"
2025-10-18T04:17:39+05:30,2025-10-18T04:02:22+05:30,7569,Unoccupied,65246,"-37.81118857409355, 144.966312811513"
2025-10-18T04:17:39+05:30,2025-10-18T01:45:32+05:30,7614,Present,54613,"-37.81167472562713, 144.959308159317"
2025-10-18T04:17:39+05:30,2025-10-17T15:18:19+05:30,7614,Present,54612,"-37.811721368889195, 144.9593292078535"
2025-10-18T04:17:39+05:30,2024-04-03T03:35:03+05:30,,Present,6390,"-37.81485602295078, 144.96136597236844"
2025-10-18T04:17:39+05:30,2025-10-18T04:08:09+05:30,7636,Present,51742,"-37.81561294811235, 144.96927326378915"
2025-10-18T04:17:39+05:30,2025-10-18T03:45:43+05:30,7636,Present,51746,"-37.81541429710724, 144.9691808278567"
2025-10-18T04:17:39+05:30,2025-10-18T03:57:44+05:30,7637,Present,51753,"-37.815097818496255, 144.96903352940598"
2025-10-18T04:17:39+05:30,2023-11-01T12:22:53+05:30,,Unoccupied,5734,"-37.81067068109415, 144.96776781186512"
2025-10-18T04:17:39+05:30,2023-11-01T10:58:27+05:30,,Present,5737,"-37.810696148803046, 144.96768100355843"
2025-10-18T04:17:39+05:30,2023-10-31T11:39:48+05:30,,Present,5739,"-37.81071399947775, 144.96762015768294"
2025-10-18T04:17:39+05:30,2025-10-18T03:36:42+05:30,7533,Unoccupied,62663,"-37.81290627129786, 144.97159428137397"
2025-10-18T04:17:39+05:30,2025-10-18T04:05:31+05:30,7769,Unoccupied,65482,"-37.8125143803328, 144.96112506566388"
2025-10-18T04:17:39+05:30,2025-10-18T04:03:16+05:30,7769,Unoccupied,65483,"-37.81253298164134, 144.96106107016539"
2025-10-18T04:17:39+05:30,2025-10-18T00:51:07+05:30,7769,Unoccupied,65475,"-37.812356227078595, 144.96166874435323"
2025-10-18T04:17:39+05:30,2025-10-18T04:10:42+05:30,7554,Unoccupied,65477,"-37.81239344572087, 144.96154071854704"
2025-10-18T04:17:39+05:30,2025-10-18T03:58:23+05:30,7554,Unoccupied,65478,"-37.812412062212346, 144.96147680005419"
2025-10-18T04:17:39+05:30,2025-10-18T03:29:01+05:30,7343,Present,63447,"-37.811959451509864, 144.97125871133963"
2025-10-18T04:17:39+05:30,2025-10-18T03:45:38+05:30,7343,Present,63443,"-37.81188777334317, 144.97150377957013"
2025-10-18T04:17:39+05:30,2025-10-18T04:16:32+05:30,7343,Present,63448,"-37.811979228559224, 144.9711910961634"
2025-10-18T04:17:39+05:30,2025-10-18T03:14:17+05:30,7343,Present,63449,"-37.81200039882707, 144.97111864104644"
2025-10-18T04:17:39+05:30,2025-10-17T12:27:06+05:30,7188,Present,17710,"-37.820229451968544, 144.93960268554343"
2025-10-18T04:17:39+05:30,2025-10-18T00:49:15+05:30,7188,Present,17706,"-37.82029196644229, 144.93986386099408"
2025-10-18T04:17:39+05:30,2025-10-18T01:28:37+05:30,7188,Present,17708,"-37.82026077006425, 144.9397333648914"
2025-10-18T04:17:39+05:30,2025-10-18T03:50:59+05:30,7417,Present,61642,"-37.81979464279118, 144.95587557609343"
2025-10-18T04:17:39+05:30,2025-10-18T01:45:53+05:30,,Unoccupied,61614,"-37.81960619035584, 144.95618762017233"
2025-10-18T04:17:39+05:30,2025-10-18T02:42:29+05:30,7359,Present,61947,"-37.8150723824405, 144.96825477799052"
2025-10-18T04:17:39+05:30,2024-06-20T17:04:41+05:30,7423,Unoccupied,60847,"-37.81485580794158, 144.97256378506663"
2025-10-18T04:17:39+05:30,2025-10-18T04:16:19+05:30,7423,Unoccupied,60846,"-37.81483554958113, 144.97263301776957"
2025-10-18T04:17:39+05:30,2025-10-18T02:16:37+05:30,7190,Present,62063,"-37.816117265402454, 144.96467789773158"
2025-10-18T04:17:39+05:30,2025-10-18T03:35:42+05:30,7190,Present,62032,"-37.8160435145096, 144.9643821131246"
2025-10-18T04:17:39+05:30,2025-10-18T03:58:04+05:30,7343,Present,63442,"-37.81182687052367, 144.97171274772504"
2025-10-18T04:17:39+05:30,2025-10-18T04:01:56+05:30,7507,Present,62868,"-37.813971109346014, 144.9679724394694"
2025-10-18T04:17:39+05:30,2025-10-18T03:43:09+05:30,7507,Present,62874,"-37.81408762772115, 144.96757418450449"
2025-10-18T04:17:39+05:30,2025-10-18T03:32:29+05:30,7507,Unoccupied,62875,"-37.81410774949788, 144.96750611392437"
2025-10-18T04:17:39+05:30,2025-10-18T00:36:17+05:30,7454,Present,60028,"-37.81580258932075, 144.97274792790932"
2025-10-18T04:17:39+05:30,2025-10-18T04:00:40+05:30,7446,Unoccupied,60131,"-37.816242514385664, 144.9719133247304"
2025-10-18T04:17:39+05:30,2025-10-18T00:23:10+05:30,,Present,60243,"-37.817200836591596, 144.9686768090831"
2025-10-18T04:17:39+05:30,2025-10-18T03:42:28+05:30,7674,Unoccupied,51821,"-37.81390925934811, 144.96873118901527"
2025-10-18T04:17:39+05:30,2025-10-18T03:27:00+05:30,7334,Unoccupied,63532,"-37.8126245996564, 144.96844726345032"
2025-10-18T04:17:39+05:30,2025-10-18T03:18:02+05:30,7579,Unoccupied,63431,"-37.81167125338419, 144.97224789018458"
2025-10-18T04:17:39+05:30,2025-10-18T03:24:18+05:30,7366,Present,61738,"-37.81383964427967, 144.97245074425973"
2025-10-18T04:17:39+05:30,2025-10-18T01:16:55+05:30,7366,Present,61740,"-37.81387693814239, 144.97232283418379"
2025-10-18T04:17:39+05:30,2025-10-18T02:56:50+05:30,7359,Present,61917,"-37.81495228178069, 144.96810964800756"
2025-10-18T04:17:39+05:30,2025-04-17T06:43:52+05:30,7190,Unoccupied,62052,"-37.815892260608635, 144.9654515548818"
2025-10-18T04:17:39+05:30,2025-10-18T04:11:00+05:30,7190,Present,62020,"-37.81575818328051, 144.96535560214744"
2025-10-18T04:17:39+05:30,2025-10-18T04:13:01+05:30,7512,Unoccupied,62645,"-37.81254383937672, 144.97283285297698"
2025-10-18T04:17:39+05:30,2025-10-18T03:57:34+05:30,7512,Present,62644,"-37.81252513205844, 144.97289678223075"
2025-10-18T04:17:39+05:30,2025-10-18T03:19:16+05:30,7660,Unoccupied,50220,"-37.81291722130064, 144.97363172918602"
2025-10-18T04:17:39+05:30,2025-10-17T22:26:47+05:30,7510,Unoccupied,64458,"-37.81225752669195, 144.96623755863152"
2025-10-18T04:17:39+05:30,2025-10-18T03:24:21+05:30,7413,Present,51013,"-37.81275831372052, 144.9709626158803"
2025-10-18T04:17:39+05:30,2025-10-18T04:00:02+05:30,7411,Present,51016,"-37.81259081465073, 144.97088533850928"
2025-10-18T04:17:39+05:30,2024-12-16T07:05:28+05:30,7494,Present,67048,"-37.80994611394824, 144.96289154060165"
2025-10-18T04:17:39+05:30,2025-10-18T02:52:50+05:30,7320,Present,63553,"-37.812510747081475, 144.9693843159498"
2025-10-18T04:17:39+05:30,2025-05-20T18:21:24+05:30,7560,Unoccupied,65952,"-37.80926170698248, 144.9688034187825"
2025-10-18T04:17:39+05:30,2025-10-18T03:47:21+05:30,7626,Present,52013,"-37.81234966007979, 144.96801416263457"
2025-10-18T04:17:39+05:30,2025-10-18T04:13:30+05:30,7634,Unoccupied,52111,"-37.8115739413106, 144.96766175460698"
2025-10-18T04:17:39+05:30,2025-10-18T04:15:33+05:30,7640,Present,52248,"-37.81027866121613, 144.9668157023667"
2025-10-18T04:17:39+05:30,2025-10-18T00:52:50+05:30,7563,Unoccupied,65813,"-37.80851440757591, 144.97124667952795"
2025-10-18T04:17:39+05:30,2025-10-18T04:10:57+05:30,7329,Present,53819,"-37.817973732709454, 144.9627059716065"
2025-10-18T04:17:39+05:30,2025-10-18T03:46:21+05:30,7368,Unoccupied,57739,"-37.820440265054934, 144.95578692174678"
2025-10-18T04:17:39+05:30,2025-10-18T03:43:49+05:30,7406,Unoccupied,51444,"-37.80851761505247, 144.96893416273141"
2025-10-18T04:17:39+05:30,2025-10-18T04:16:56+05:30,7406,Unoccupied,51448,"-37.80841097471796, 144.96888485738836"
2025-10-18T04:17:39+05:30,2025-10-18T04:04:23+05:30,7534,Present,63233,"-37.81680218016638, 144.95824196652416"
2025-10-18T04:17:39+05:30,2025-10-18T02:17:19+05:30,7534,Present,63225,"-37.817040892116864, 144.95715952527996"
2025-10-18T04:17:39+05:30,2025-10-18T01:12:11+05:30,7547,Unoccupied,66426,"-37.81320227021031, 144.95515486316555"
2025-10-18T04:17:39+05:30,2025-10-18T04:12:46+05:30,7344,Unoccupied,62212,"-37.817050192305175, 144.96090485850814"
2025-10-18T04:17:39+05:30,2025-10-18T04:16:22+05:30,7355,Present,62214,"-37.817087778613875, 144.96077414221855"
2025-10-18T04:17:39+05:30,2025-10-18T01:37:13+05:30,7344,Unoccupied,62234,"-37.817100731724274, 144.9612940688877"
2025-10-18T04:17:39+05:30,2025-10-18T03:15:44+05:30,7344,Present,62220,"-37.81720377684749, 144.96037233214406"
2025-10-18T04:17:39+05:30,2025-10-18T04:01:42+05:30,7643,Present,57922,"-37.81971276918418, 144.9545781189122"
2025-10-18T04:17:39+05:30,2025-10-18T04:01:43+05:30,7643,Present,57921,"-37.81975890500819, 144.9545992340826"
2025-10-18T04:17:39+05:30,2025-10-18T03:59:48+05:30,,Present,61519,"-37.819059124616615, 144.9580950823349"
2025-10-18T04:17:39+05:30,2025-10-18T03:46:09+05:30,7528,Present,63132,"-37.816145420413946, 144.96054953057512"
2025-10-18T04:17:39+05:30,2025-10-18T02:57:21+05:30,7603,Unoccupied,65326,"-37.81196893799029, 144.96300295918434"
2025-10-18T04:17:39+05:30,2025-10-18T04:11:41+05:30,,Unoccupied,65311,"-37.81156591098831, 144.96438764053093"
2025-10-18T04:17:39+05:30,2025-10-18T03:44:07+05:30,7772,Present,65228,"-37.811225053881486, 144.9655525737132"
2025-10-18T04:17:39+05:30,2025-10-18T02:43:06+05:30,,Unoccupied,65227,"-37.81120264052758, 144.9656285162551"
2025-10-18T04:17:39+05:30,2025-06-02T14:24:19+05:30,7577,Present,65614,"-37.81388827649823, 144.95637647278778"
2025-10-18T04:17:39+05:30,2025-10-18T03:52:12+05:30,7763,Present,65018,"-37.80961688661516, 144.97102613808946"
2025-10-18T04:17:39+05:30,2025-10-17T22:44:52+05:30,7572,Unoccupied,65097,"-37.8100463496191, 144.97023714961938"
2025-10-18T04:17:39+05:30,2025-10-18T04:09:25+05:30,7557,Unoccupied,65219,"-37.81105275683377, 144.96613649934432"
2025-10-18T04:17:39+05:30,2025-10-18T04:03:40+05:30,7623,Unoccupied,54063,"-37.81739977191179, 144.9616806797212"
2025-10-18T04:17:39+05:30,2025-10-18T04:10:25+05:30,7612,Unoccupied,54415,"-37.81360543140286, 144.96018465655163"
2025-10-18T04:17:39+05:30,2025-10-18T02:12:09+05:30,,Present,54246,"-37.81575290778576, 144.96092019720967"
2025-10-18T04:17:39+05:30,2025-10-18T04:09:18+05:30,7362,Unoccupied,62343,"-37.817944913409136, 144.9583615479179"
2025-10-18T04:17:39+05:30,2024-07-09T06:03:17+05:30,7697,Unoccupied,53916,"-37.81828183759697, 144.96233178064836"
2025-10-18T04:17:39+05:30,2025-10-18T03:55:07+05:30,7606,Unoccupied,54453,"-37.81367497276315, 144.95996237158596"
2025-10-18T04:17:39+05:30,2025-10-18T02:33:49+05:30,7365,Present,62349,"-37.81820345794348, 144.9574635295486"
2025-10-18T04:17:39+05:30,2025-10-18T04:12:05+05:30,7690,Unoccupied,54319,"-37.81425695347065, 144.96048296946535"
2025-10-18T04:17:39+05:30,2025-10-18T02:47:04+05:30,7689,Unoccupied,54315,"-37.81447827015902, 144.96058384615935"
2025-10-18T04:17:39+05:30,2025-10-17T23:57:32+05:30,,Unoccupied,54062,"-37.81747138402189, 144.9617132756285"
2025-10-18T04:17:39+05:30,2025-10-18T03:47:19+05:30,7506,Unoccupied,63311,"-37.817473566816275, 144.95562565210741"
2025-10-18T04:17:39+05:30,2025-10-18T04:05:28+05:30,7537,Present,63312,"-37.81749251773816, 144.9555587965791"
2025-10-18T04:17:39+05:30,2025-10-18T04:14:24+05:30,7631,Present,51620,"-37.815859655649945, 144.96962898624355"
2025-10-18T04:17:39+05:30,2025-10-18T02:37:15+05:30,7948,Unoccupied,67428,"-37.81297394325623, 144.95187429713673"
2025-10-18T04:17:39+05:30,2024-10-21T07:25:58+05:30,7779,Present,65357,"-37.81204266636885, 144.96342518684446"
2025-10-18T04:17:39+05:30,2024-10-21T07:27:44+05:30,7770,Unoccupied,65359,"-37.812079903526126, 144.96329725545985"
2025-10-18T04:17:39+05:30,2024-10-21T07:49:46+05:30,7770,Unoccupied,65360,"-37.81209852205119, 144.9632332900065"
2025-10-18T04:17:39+05:30,2025-10-18T02:45:50+05:30,7096,Present,22432,"-37.80652243512118, 144.96522120701553"
2025-10-18T04:17:39+05:30,2024-10-21T07:08:25+05:30,7770,Present,65344,"-37.8117512388985, 144.96442650276526"
2025-10-18T04:17:39+05:30,2025-10-18T03:47:28+05:30,7333,Unoccupied,63074,"-37.815763669140935, 144.9618859187729"
